{
    "signals_b_s": [
        0.0, 
        0.0, 
        0.0, 
        0.0, 
        0.0, 
        0.0, 
        0.0, 
        0.0, 
        0.0, 
        0.0, 
        0.0, 
        0.0, 
        0.0, 
        0.005181344465624629, 
        0.005181344465624629, 
        0.0, 
        0.0, 
        0.0, 
        0.0, 
        0.0, 
        0.0, 
        0.0, 
        0.0, 
        0.005181344465624629, 
        0.005181344465624629, 
        0.0, 
        0.0, 
        0.005181344465624629, 
        0.005181344465624629, 
        0.0, 
        0.0, 
        0.0, 
        0.015544033396873887, 
        0.005181344465624628, 
        0.015544033396873888, 
        0.015544033396873888, 
        0.0, 
        0.005181344465624628, 
        0.005181344465624628, 
        0.0362694112593724, 
        0.015544033396873887, 
        0.005181344465624627, 
        0.015544033396873894, 
        0.02072537786249852, 
        0.01036268893124926, 
        0.005181344465624627, 
        0.03626941125937241, 
        0.051813444656246294, 
        0.04145075572499704, 
        0.03626941125937241, 
        0.005181344465624627, 
        0.015544033396873887, 
        0.01036268893124926, 
        0.0051813444656246335, 
        0.015544033396873887, 
        0.020725377862498513, 
        0.01036268893124926, 
        0.00518134446562463, 
        0.01554403339687389, 
        0.031088066793747777
    ], 
    "signals_b_s_c": [
        0.0, 
        0.0, 
        0.0, 
        0.0, 
        0.0, 
        0.0, 
        0.0, 
        0.0, 
        0.0, 
        0.0, 
        0.0, 
        0.0, 
        0.0, 
        0.0, 
        0.005181344465624629, 
        0.010362688931249258, 
        0.010362688931249258, 
        0.010362688931249258, 
        0.010362688931249258, 
        0.010362688931249258, 
        0.010362688931249258, 
        0.010362688931249258, 
        0.010362688931249258, 
        0.010362688931249258, 
        0.010362688931249258, 
        0.010362688931249258, 
        0.010362688931249258, 
        0.010362688931249258, 
        0.015544033396873887, 
        0.020725377862498517, 
        0.020725377862498517, 
        0.020725377862498517, 
        0.020725377862498517, 
        0.0362694112593724, 
        0.0362694112593724, 
        0.04663210019062166, 
        0.06217613358749555, 
        0.06217613358749555, 
        0.06217613358749555, 
        0.06217613358749554, 
        0.09844554484686793, 
        0.11398957824374181, 
        0.11917092270936644, 
        0.11917092270936645, 
        0.13471495610624035, 
        0.12953361164061572, 
        0.11917092270936647, 
        0.15544033396873888, 
        0.20207243415936055, 
        0.23834184541873296, 
        0.23834184541873296, 
        0.2279791564874837, 
        0.23834184541873296, 
        0.23316050095310834, 
        0.21761646755623443, 
        0.22279781202185905, 
        0.23834184541873293, 
        0.21243512309060977, 
        0.1658030228999881, 
        0.13989630057186495
    ], 
    "signals_b": [
        0.0, 
        0.0, 
        0.0, 
        0.0, 
        0.0, 
        0.0, 
        0.0, 
        0.0, 
        0.0, 
        0.0, 
        0.0, 
        0.0, 
        0.0, 
        0.005181344465624629, 
        0.0, 
        0.0, 
        0.0, 
        0.0, 
        0.0, 
        0.0, 
        0.0, 
        0.0, 
        0.0, 
        0.005181344465624629, 
        0.0, 
        0.0, 
        0.0, 
        0.005181344465624629, 
        0.0, 
        0.0, 
        0.0, 
        0.0, 
        0.015544033396873887, 
        0.010362688931249258, 
        0.025906722328123147, 
        0.010362688931249258, 
        0.010362688931249258, 
        0.015544033396873887, 
        0.010362688931249258, 
        0.04663210019062166, 
        0.06217613358749555, 
        0.05699478912187092, 
        0.07253882251874481, 
        0.051813444656246294, 
        0.041450755724997033, 
        0.04663210019062166, 
        0.08290151144999407, 
        0.031088066793747773, 
        0.07253882251874481, 
        0.03626941125937241, 
        0.041450755724997033, 
        0.025906722328123147, 
        0.03626941125937241, 
        0.031088066793747773, 
        0.04663210019062166, 
        0.025906722328123147, 
        0.015544033396873887, 
        0.020725377862498517, 
        0.03626941125937241, 
        0.005181344465624629
    ], 
    "signals_b_s_c_l": [
        -11.512925464970229, 
        -11.512925464970229, 
        -11.512925464970229, 
        -11.512925464970229, 
        -11.512925464970229, 
        -11.512925464970229, 
        -11.512925464970229, 
        -11.512925464970229, 
        -11.512925464970229, 
        -11.512925464970229, 
        -11.512925464970229, 
        -11.512925464970229, 
        -11.512925464970229, 
        -11.512925464970229, 
        -5.260762566098504, 
        -4.568578991293176, 
        -4.568578991293176, 
        -4.568578991293176, 
        -4.568578991293176, 
        -4.568578991293176, 
        -4.568578991293176, 
        -4.568578991293176, 
        -4.568578991293176, 
        -4.568578991293176, 
        -4.568578991293176, 
        -4.568578991293176, 
        -4.568578991293176, 
        -4.568578991293176, 
        -4.163435291555082, 
        -3.875913962035392, 
        -3.875913962035392, 
        -3.875913962035392, 
        -3.875913962035392, 
        -3.3165048815578198, 
        -3.3165048815578198, 
        -3.0652517081376383, 
        -2.7776232367671065, 
        -2.7776232367671065, 
        -2.7776232367671065, 
        -2.777623236767107, 
        -2.3181501540318235, 
        -2.171560530210785, 
        -2.1271125815438667, 
        -2.1271125815438663, 
        -2.004519940965262, 
        -2.043737685111035, 
        -2.1271125815438663, 
        -1.8614289940799464, 
        -1.5990795749291429, 
        -1.4340073548870442, 
        -1.4340073548870442, 
        -1.4784572104240963, 
        -1.4340073548870442, 
        -1.4559853292777385, 
        -1.5249751374071154, 
        -1.501445708608963, 
        -1.4340073548870442, 
        -1.5490715682479448, 
        -1.7968944935272175, 
        -1.966782362071301
    ], 
    "original_signals": [
        0, 
        0, 
        0, 
        0, 
        0, 
        0, 
        0, 
        0, 
        0, 
        0, 
        0, 
        0, 
        0, 
        1, 
        0, 
        0, 
        0, 
        0, 
        0, 
        0, 
        0, 
        0, 
        0, 
        1, 
        0, 
        0, 
        0, 
        1, 
        0, 
        0, 
        0, 
        0, 
        3, 
        2, 
        5, 
        2, 
        2, 
        3, 
        2, 
        9, 
        12, 
        11, 
        14, 
        10, 
        8, 
        9, 
        16, 
        6, 
        14, 
        7, 
        8, 
        5, 
        7, 
        6, 
        9, 
        5, 
        3, 
        4, 
        7, 
        1
    ]
}