{
    "signals_b_s": [
        0.0, 
        0.0, 
        0.0, 
        0.0, 
        0.0, 
        0.0, 
        0.124998437519531, 
        0.124998437519531, 
        0.0, 
        0.0, 
        0.0, 
        0.0, 
        0.0, 
        0.0, 
        0.0, 
        0.0, 
        0.0, 
        0.0, 
        0.0, 
        0.0, 
        0.0, 
        0.0, 
        0.0, 
        0.0, 
        0.0, 
        0.0, 
        0.124998437519531, 
        0.124998437519531, 
        0.0, 
        0.0, 
        0.0, 
        0.0, 
        0.0, 
        0.0, 
        0.249996875039062, 
        0.249996875039062, 
        0.0, 
        0.0, 
        0.0, 
        0.0, 
        0.0, 
        0.0, 
        0.124998437519531, 
        0.0, 
        0.124998437519531, 
        0.124998437519531, 
        0.124998437519531, 
        0.0, 
        0.0, 
        0.0, 
        0.0, 
        0.0, 
        0.0, 
        0.0, 
        0.0, 
        0.0, 
        0.0, 
        0.0, 
        0.124998437519531, 
        0.124998437519531
    ], 
    "signals_b_s_c": [
        0.0, 
        0.0, 
        0.0, 
        0.0, 
        0.0, 
        0.0, 
        0.0, 
        0.124998437519531, 
        0.249996875039062, 
        0.249996875039062, 
        0.249996875039062, 
        0.249996875039062, 
        0.249996875039062, 
        0.249996875039062, 
        0.249996875039062, 
        0.249996875039062, 
        0.249996875039062, 
        0.124998437519531, 
        0.0, 
        0.0, 
        0.0, 
        0.0, 
        0.0, 
        0.0, 
        0.0, 
        0.0, 
        0.0, 
        0.124998437519531, 
        0.249996875039062, 
        0.249996875039062, 
        0.249996875039062, 
        0.249996875039062, 
        0.249996875039062, 
        0.249996875039062, 
        0.249996875039062, 
        0.499993750078124, 
        0.7499906251171861, 
        0.6249921875976551, 
        0.499993750078124, 
        0.499993750078124, 
        0.499993750078124, 
        0.499993750078124, 
        0.499993750078124, 
        0.6249921875976551, 
        0.6249921875976551, 
        0.499993750078124, 
        0.37499531255859303, 
        0.499993750078124, 
        0.499993750078124, 
        0.499993750078124, 
        0.499993750078124, 
        0.499993750078124, 
        0.499993750078124, 
        0.37499531255859303, 
        0.37499531255859303, 
        0.249996875039062, 
        0.124998437519531, 
        0.0, 
        0.0, 
        0.124998437519531
    ], 
    "signals_b": [
        0.0, 
        0.0, 
        0.0, 
        0.0, 
        0.0, 
        0.0, 
        0.124998437519531, 
        0.0, 
        0.0, 
        0.0, 
        0.0, 
        0.0, 
        0.0, 
        0.0, 
        0.0, 
        0.0, 
        0.0, 
        0.0, 
        0.0, 
        0.0, 
        0.0, 
        0.0, 
        0.0, 
        0.0, 
        0.0, 
        0.0, 
        0.124998437519531, 
        0.0, 
        0.0, 
        0.0, 
        0.0, 
        0.0, 
        0.0, 
        0.0, 
        0.249996875039062, 
        0.0, 
        0.0, 
        0.0, 
        0.0, 
        0.0, 
        0.0, 
        0.0, 
        0.124998437519531, 
        0.124998437519531, 
        0.0, 
        0.124998437519531, 
        0.0, 
        0.0, 
        0.0, 
        0.0, 
        0.0, 
        0.0, 
        0.0, 
        0.0, 
        0.0, 
        0.0, 
        0.0, 
        0.0, 
        0.124998437519531, 
        0.0
    ], 
    "signals_b_s_c_l": [
        -11.512925464970229, 
        -11.512925464970229, 
        -11.512925464970229, 
        -11.512925464970229, 
        -11.512925464970229, 
        -11.512925464970229, 
        -11.512925464970229, 
        -2.079374043801621, 
        -1.386266861341765, 
        -1.386266861341765, 
        -1.386266861341765, 
        -1.386266861341765, 
        -1.386266861341765, 
        -1.386266861341765, 
        -1.386266861341765, 
        -1.386266861341765, 
        -1.386266861341765, 
        -2.079374043801621, 
        -11.512925464970229, 
        -11.512925464970229, 
        -11.512925464970229, 
        -11.512925464970229, 
        -11.512925464970229, 
        -11.512925464970229, 
        -11.512925464970229, 
        -11.512925464970229, 
        -11.512925464970229, 
        -2.079374043801621, 
        -1.386266861341765, 
        -1.386266861341765, 
        -1.386266861341765, 
        -1.386266861341765, 
        -1.386266861341765, 
        -1.386266861341765, 
        -1.386266861341765, 
        -0.6931396804318233, 
        -0.28768123896254694, 
        -0.47000012909561306, 
        -0.6931396804318233, 
        -0.6931396804318233, 
        -0.6931396804318233, 
        -0.6931396804318233, 
        -0.6931396804318233, 
        -0.47000012909561306, 
        -0.47000012909561306, 
        -0.6931396804318233, 
        -0.9808150862891599, 
        -0.6931396804318233, 
        -0.6931396804318233, 
        -0.6931396804318233, 
        -0.6931396804318233, 
        -0.6931396804318233, 
        -0.6931396804318233, 
        -0.9808150862891599, 
        -0.9808150862891599, 
        -1.386266861341765, 
        -2.079374043801621, 
        -11.512925464970229, 
        -11.512925464970229, 
        -2.079374043801621
    ], 
    "original_signals": [
        0, 
        0, 
        0, 
        0, 
        0, 
        0, 
        1, 
        0, 
        0, 
        0, 
        0, 
        0, 
        0, 
        0, 
        0, 
        0, 
        0, 
        0, 
        0, 
        0, 
        0, 
        0, 
        0, 
        0, 
        0, 
        0, 
        1, 
        0, 
        0, 
        0, 
        0, 
        0, 
        0, 
        0, 
        2, 
        0, 
        0, 
        0, 
        0, 
        0, 
        0, 
        0, 
        1, 
        1, 
        0, 
        1, 
        0, 
        0, 
        0, 
        0, 
        0, 
        0, 
        0, 
        0, 
        0, 
        0, 
        0, 
        0, 
        1, 
        0
    ]
}