{
    "signals_b_s": [
        0.008456657831573398, 
        0.00211416445789335, 
        0.004228328915786698, 
        0.008456657831573396, 
        0.002114164457893348, 
        0.00211416445789335, 
        0.00211416445789335, 
        0.004228328915786698, 
        0.0042283289157867, 
        0.008456657831573398, 
        0.004228328915786699, 
        0.004228328915786699, 
        0.00211416445789335, 
        0.004228328915786698, 
        0.006342493373680047, 
        0.004228328915786699, 
        0.012684986747360096, 
        0.016913315663146796, 
        0.00634249337368005, 
        0.01479915120525345, 
        0.01057082228946675, 
        0.00634249337368005, 
        0.0084566578315734, 
        0.010570822289466746, 
        0.0042283289157867, 
        0.006342493373680048, 
        0.004228328915786698, 
        0.00211416445789335, 
        0.016913315663146796, 
        0.010570822289466743, 
        0.006342493373680043, 
        0.023255809036826846, 
        0.0, 
        0.00211416445789335, 
        0.021141644578933496, 
        0.0042283289157867, 
        0.0, 
        0.025369973494720196, 
        0.004228328915786698, 
        0.00211416445789335, 
        0.012684986747360094, 
        0.03382663132629359, 
        0.019027480121040143, 
        0.0042283289157867, 
        0.016913315663146796, 
        0.02536997349472019, 
        0.02325580903682684, 
        0.00211416445789335, 
        0.00211416445789335, 
        0.0042283289157867, 
        0.00211416445789335, 
        0.006342493373680048, 
        0.004228328915786699, 
        0.008456657831573396, 
        0.00211416445789335, 
        0.0, 
        0.004228328915786698, 
        0.002114164457893349, 
        0.002114164457893349, 
        0.006342493373680048
    ], 
    "signals_b_s_c": [
        0.008456657831573398, 
        0.008456657831573398, 
        0.010570822289466748, 
        0.014799151205253446, 
        0.023255809036826842, 
        0.025369973494720192, 
        0.027484137952613542, 
        0.029598302410506892, 
        0.03382663132629359, 
        0.03805496024208029, 
        0.04651161807365369, 
        0.04228328915786699, 
        0.04439745361576034, 
        0.04228328915786699, 
        0.03805496024208029, 
        0.042283289157867, 
        0.04439745361576034, 
        0.054968275905227085, 
        0.06765326265258718, 
        0.06976742711048053, 
        0.07610992048416058, 
        0.08245241385784063, 
        0.08456657831573398, 
        0.09090907168941403, 
        0.09725156506309408, 
        0.09513740060520073, 
        0.0972515650630941, 
        0.0887949072315207, 
        0.07399575602626725, 
        0.084566578315734, 
        0.0803382493999473, 
        0.07610992048416057, 
        0.09302323614730736, 
        0.08456657831573397, 
        0.07610992048416057, 
        0.09302323614730737, 
        0.09090907168941402, 
        0.08668074277362733, 
        0.10993655181045418, 
        0.09725156506309408, 
        0.08879490723152068, 
        0.09513740060520073, 
        0.10570822289466747, 
        0.1247357030157076, 
        0.12684986747360097, 
        0.12262153855781427, 
        0.14376318313674777, 
        0.1670189921735746, 
        0.14376318313674774, 
        0.14164901867885443, 
        0.14376318313674777, 
        0.13319236084728098, 
        0.10570822289466746, 
        0.09090907168941402, 
        0.09513740060520072, 
        0.08033824939994727, 
        0.054968275905227085, 
        0.03594079578418695, 
        0.03594079578418694, 
        0.03594079578418694
    ], 
    "signals_b": [
        0.008456657831573398, 
        0.006342493373680048, 
        0.0021141644578933495, 
        0.010570822289466746, 
        0.008456657831573398, 
        0.006342493373680048, 
        0.008456657831573398, 
        0.012684986747360096, 
        0.016913315663146796, 
        0.008456657831573398, 
        0.004228328915786699, 
        0.008456657831573398, 
        0.006342493373680048, 
        0.010570822289466746, 
        0.004228328915786699, 
        0.0, 
        0.012684986747360096, 
        0.029598302410506892, 
        0.023255809036826842, 
        0.03805496024208029, 
        0.027484137952613542, 
        0.021141644578933493, 
        0.029598302410506892, 
        0.019027480121040146, 
        0.014799151205253446, 
        0.008456657831573398, 
        0.012684986747360096, 
        0.014799151205253446, 
        0.03171246686840024, 
        0.042283289157866985, 
        0.03594079578418694, 
        0.012684986747360096, 
        0.012684986747360096, 
        0.010570822289466746, 
        0.03171246686840024, 
        0.03594079578418694, 
        0.03594079578418694, 
        0.010570822289466746, 
        0.006342493373680048, 
        0.008456657831573398, 
        0.021141644578933493, 
        0.054968275905227085, 
        0.03594079578418694, 
        0.03171246686840024, 
        0.014799151205253446, 
        0.040169124699973635, 
        0.016913315663146796, 
        0.014799151205253446, 
        0.016913315663146796, 
        0.012684986747360096, 
        0.014799151205253446, 
        0.008456657831573398, 
        0.004228328915786699, 
        0.012684986747360096, 
        0.010570822289466746, 
        0.010570822289466746, 
        0.006342493373680048, 
        0.004228328915786699, 
        0.006342493373680048, 
        0.012684986747360096
    ], 
    "signals_b_s_c_l": [
        -4.771619437141253, 
        -4.771619437141253, 
        -4.548712134450493, 
        -4.2125099646167214, 
        -3.7607704194426668, 
        -3.6737948610337066, 
        -3.5937824623920833, 
        -3.5197004701397536, 
        -3.3862112962945985, 
        -3.2684610986989506, 
        -3.067838169613828, 
        -3.1631268542661384, 
        -3.114347949404423, 
        -3.1631268542661384, 
        -3.2684610986989506, 
        -3.163126854266138, 
        -3.114347949404423, 
        -2.9008171553175375, 
        -2.69321189550062, 
        -2.6624447153495296, 
        -2.575445281166392, 
        -2.495412679055908, 
        -2.4700979027604477, 
        -2.3977854902411417, 
        -2.3303513825968523, 
        -2.352328004528536, 
        -2.3303513825968523, 
        -2.4213133688946553, 
        -2.60361240466425, 
        -2.4700979027604477, 
        -2.5213849742176984, 
        -2.575445281166392, 
        -2.3747984717451263, 
        -2.470097902760448, 
        -2.575445281166392, 
        -2.3747984717451263, 
        -2.3977854902411417, 
        -2.4454081739801756, 
        -2.207760923906033, 
        -2.3303513825968523, 
        -2.4213133688946558, 
        -2.352328004528536, 
        -2.246977998934555, 
        -2.0814779897076106, 
        -2.0646722074434853, 
        -2.0985710409457647, 
        -1.9395183383131627, 
        -1.789587875803342, 
        -1.939518338313163, 
        -1.954332385979437, 
        -1.9395183383131627, 
        -2.015885796954232, 
        -2.246977998934555, 
        -2.3977854902411417, 
        -2.352328004528536, 
        -2.521384974217699, 
        -2.9008171553175375, 
        -3.325604059199521, 
        -3.325604059199521, 
        -3.325604059199521
    ],