{
    "signals_b_s": [
        0.0, 
        0.0, 
        0.0033670022333325816, 
        0.0033670022333325816, 
        0.0, 
        0.0, 
        0.0, 
        0.0, 
        0.0, 
        0.0, 
        0.0, 
        0.0, 
        0.0, 
        0.0, 
        0.0, 
        0.0, 
        0.0, 
        0.0, 
        0.006734004466665163, 
        0.0033670022333325816, 
        0.0033670022333325816, 
        0.006734004466665163, 
        0.0, 
        0.0, 
        0.010101006699997745, 
        0.006734004466665163, 
        0.0033670022333325816, 
        0.010101006699997746, 
        0.0, 
        0.010101006699997746, 
        0.0033670022333325816, 
        0.0, 
        0.0, 
        0.013468008933330328, 
        0.0033670022333325833, 
        0.010101006699997745, 
        0.006734004466665163, 
        0.05050503349998873, 
        0.0, 
        0.0033670022333325833, 
        0.006734004466665167, 
        0.0033670022333325833, 
        0.053872035733321305, 
        0.06734004466665164, 
        0.006734004466665167, 
        0.0, 
        0.04377102903332356, 
        0.04040402679999098, 
        0.023569015633328073, 
        0.006734004466665163, 
        0.006734004466665167, 
        0.006734004466665167, 
        0.00336700223333258, 
        0.006734004466665163, 
        0.0033670022333325833, 
        0.006734004466665167, 
        0.006734004466665163, 
        0.013468008933330326, 
        0.006734004466665163, 
        0.0033670022333325833
    ], 
    "signals_b_s_c": [
        0.0, 
        0.0, 
        0.0, 
        0.0033670022333325816, 
        0.006734004466665163, 
        0.006734004466665163, 
        0.006734004466665163, 
        0.006734004466665163, 
        0.006734004466665163, 
        0.006734004466665163, 
        0.006734004466665163, 
        0.006734004466665163, 
        0.006734004466665163, 
        0.0033670022333325816, 
        0.0, 
        0.0, 
        0.0, 
        0.0, 
        0.0, 
        0.006734004466665163, 
        0.010101006699997745, 
        0.013468008933330326, 
        0.02020201339999549, 
        0.02020201339999549, 
        0.02020201339999549, 
        0.030303020099993236, 
        0.0370370245666584, 
        0.040404026799990986, 
        0.050505033499988736, 
        0.043771029033323555, 
        0.050505033499988736, 
        0.050505033499988736, 
        0.04377102903332357, 
        0.04377102903332357, 
        0.057239037966653895, 
        0.05050503349998873, 
        0.05387203573332131, 
        0.05723903796665389, 
        0.09764306476664489, 
        0.09764306476664489, 
        0.09090906029997972, 
        0.0942760625333123, 
        0.09764306476664489, 
        0.1515151004999662, 
        0.2053871362332875, 
        0.20875413846662008, 
        0.19865313176662233, 
        0.23569015633328072, 
        0.22558914963328297, 
        0.24915816526661105, 
        0.25252516749994364, 
        0.25252516749994364, 
        0.2558921697332762, 
        0.2053871362332875, 
        0.14478109603330103, 
        0.14141409379996844, 
        0.1481480982666336, 
        0.11111107369997522, 
        0.08417505583331455, 
        0.06734004466665164
    ], 
    "signals_b": [
        0.0, 
        0.0, 
        0.0033670022333325816, 
        0.0, 
        0.0, 
        0.0, 
        0.0, 
        0.0, 
        0.0, 
        0.0, 
        0.0, 
        0.0, 
        0.0, 
        0.0, 
        0.0, 
        0.0, 
        0.0, 
        0.0, 
        0.006734004466665163, 
        0.0033670022333325816, 
        0.006734004466665163, 
        0.0, 
        0.0, 
        0.0, 
        0.010101006699997745, 
        0.0033670022333325816, 
        0.006734004466665163, 
        0.01683501116666291, 
        0.01683501116666291, 
        0.006734004466665163, 
        0.0033670022333325816, 
        0.0033670022333325816, 
        0.0033670022333325816, 
        0.01683501116666291, 
        0.013468008933330326, 
        0.0033670022333325816, 
        0.010101006699997745, 
        0.06060604019998647, 
        0.06060604019998647, 
        0.06397304243331906, 
        0.05723903796665389, 
        0.053872035733321305, 
        0.10774407146664261, 
        0.04040402679999098, 
        0.047138031266656145, 
        0.047138031266656145, 
        0.0033670022333325816, 
        0.04377102903332356, 
        0.02020201339999549, 
        0.026936017866660653, 
        0.03367002233332582, 
        0.026936017866660653, 
        0.023569015633328073, 
        0.030303020099993236, 
        0.03367002233332582, 
        0.026936017866660653, 
        0.02020201339999549, 
        0.006734004466665163, 
        0.013468008933330326, 
        0.01683501116666291
    ], 
    "signals_b_s_c_l": [
        -11.512925464970229, 
        -11.512925464970229, 
        -11.512925464970229, 
        -5.690766876242655, 
        -4.999101395965904, 
        -4.999101395965904, 
        -4.999101395965904, 
        -4.999101395965904, 
        -4.999101395965904, 
        -4.999101395965904, 
        -4.999101395965904, 
        -4.999101395965904, 
        -4.999101395965904, 
        -5.690766876242655, 
        -11.512925464970229, 
        -11.512925464970229, 
        -11.512925464970229, 
        -11.512925464970229, 
        -11.512925464970229, 
        -4.999101395965904, 
        -4.594130676228673, 
        -4.306695889650027, 
        -3.9014781285804263, 
        -3.9014781285804263, 
        -3.9014781285804263, 
        -3.4961779524937096, 
        -3.2955672390571644, 
        -3.2085783562547388, 
        -2.9854842939335287, 
        -3.128554682519439, 
        -2.9854842939335287, 
        -2.9854842939335287, 
        -3.1285546825194386, 
        -3.1285546825194386, 
        -2.8603444407648926, 
        -2.9854842939335287, 
        -2.9209581454268982, 
        -2.8603444407648926, 
        -2.326334236932857, 
        -2.326334236932857, 
        -2.397785615511174, 
        -2.3614218994886698, 
        -2.326334236932857, 
        -1.8870039878883431, 
        -1.582809923973933, 
        -1.566550188363276, 
        -1.616144693864225, 
        -1.445194805767973, 
        -1.4889955287213523, 
        -1.3896272479555547, 
        -1.3762047627373954, 
        -1.3762047627373954, 
        -1.3629600570196847, 
        -1.582809923973933, 
        -1.9324632924039273, 
        -1.9559921454102263, 
        -1.909475343840015, 
        -2.197134918055956, 
        -2.4747378576509447, 
        -2.6978517129240296
    ], 
    "original_signals": [
        0, 
        0, 
        1, 
        0, 
        0, 
        0, 
        0, 
        0, 
        0, 
        0, 
        0, 
        0, 
        0, 
        0, 
        0, 
        0, 
        0, 
        0, 
        2, 
        1, 
        2, 
        0, 
        0, 
        0, 
        3, 
        1, 
        2, 
        5, 
        5, 
        2, 
        1, 
        1, 
        1, 
        5, 
        4, 
        1, 
        3, 
        18, 
        18, 
        19, 
        17, 
        16, 
        32, 
        12, 
        14, 
        14, 
        1, 
        13, 
        6, 
        8, 
        10, 
        8, 
        7, 
        9, 
        10, 
        8, 
        6, 
        2, 
        4, 
        5
    ]
}