{
    "signals_b_s": [
        0.0, 
        0.0, 
        0.0, 
        0.0, 
        0.0, 
        0.0, 
        0.0, 
        0.0, 
        0.0, 
        0.0, 
        0.0, 
        0.0, 
        0.0, 
        0.0, 
        0.0, 
        0.0, 
        0.0, 
        0.0, 
        0.0, 
        0.0, 
        0.0, 
        0.0, 
        0.0, 
        0.0, 
        0.0, 
        0.0, 
        0.0, 
        0.0, 
        0.058823183393038866, 
        0.058823183393038866, 
        0.058823183393038866, 
        0.0, 
        0.058823183393038866, 
        0.058823183393038866, 
        0.058823183393038866, 
        0.11764636678607773, 
        0.11764636678607773, 
        0.11764636678607773, 
        0.058823183393038866, 
        0.058823183393038866, 
        0.0, 
        0.058823183393038866, 
        0.058823183393038866, 
        0.0, 
        0.11764636678607773, 
        0.058823183393038866, 
        0.0, 
        0.0, 
        0.058823183393038866, 
        0.0, 
        0.058823183393038866, 
        0.058823183393038866, 
        0.0, 
        0.0, 
        0.0, 
        0.0, 
        0.058823183393038866, 
        0.058823183393038866, 
        0.0, 
        0.0
    ], 
    "signals_b_s_c": [
        0.0, 
        0.0, 
        0.0, 
        0.0, 
        0.0, 
        0.0, 
        0.0, 
        0.0, 
        0.0, 
        0.0, 
        0.0, 
        0.0, 
        0.0, 
        0.0, 
        0.0, 
        0.0, 
        0.0, 
        0.0, 
        0.0, 
        0.0, 
        0.0, 
        0.0, 
        0.0, 
        0.0, 
        0.0, 
        0.0, 
        0.0, 
        0.0, 
        0.0, 
        0.058823183393038866, 
        0.11764636678607773, 
        0.17646955017911659, 
        0.17646955017911659, 
        0.23529273357215547, 
        0.29411591696519435, 
        0.3529391003582332, 
        0.47058546714431093, 
        0.5882318339303887, 
        0.7058782007164665, 
        0.7058782007164665, 
        0.7058782007164663, 
        0.6470550173234275, 
        0.7058782007164663, 
        0.7058782007164662, 
        0.6470550173234275, 
        0.7058782007164663, 
        0.6470550173234275, 
        0.5294086505373498, 
        0.41176228375127205, 
        0.4117622837512721, 
        0.3529391003582332, 
        0.4117622837512721, 
        0.4117622837512721, 
        0.3529391003582332, 
        0.3529391003582332, 
        0.23529273357215547, 
        0.17646955017911659, 
        0.23529273357215547, 
        0.29411591696519435, 
        0.23529273357215547
    ], 
    "signals_b": [
        0.0, 
        0.0, 
        0.0, 
        0.0, 
        0.0, 
        0.0, 
        0.0, 
        0.0, 
        0.0, 
        0.0, 
        0.0, 
        0.0, 
        0.0, 
        0.0, 
        0.0, 
        0.0, 
        0.0, 
        0.0, 
        0.0, 
        0.0, 
        0.0, 
        0.0, 
        0.0, 
        0.0, 
        0.0, 
        0.0, 
        0.0, 
        0.0, 
        0.058823183393038866, 
        0.0, 
        0.058823183393038866, 
        0.058823183393038866, 
        0.0, 
        0.058823183393038866, 
        0.0, 
        0.11764636678607773, 
        0.0, 
        0.11764636678607773, 
        0.058823183393038866, 
        0.0, 
        0.0, 
        0.058823183393038866, 
        0.0, 
        0.0, 
        0.11764636678607773, 
        0.058823183393038866, 
        0.058823183393038866, 
        0.058823183393038866, 
        0.0, 
        0.0, 
        0.058823183393038866, 
        0.0, 
        0.0, 
        0.0, 
        0.0, 
        0.0, 
        0.058823183393038866, 
        0.0, 
        0.0, 
        0.0
    ], 
    "signals_b_s_c_l": [
        -11.512925464970229, 
        -11.512925464970229, 
        -11.512925464970229, 
        -11.512925464970229, 
        -11.512925464970229, 
        -11.512925464970229, 
        -11.512925464970229, 
        -11.512925464970229, 
        -11.512925464970229, 
        -11.512925464970229, 
        -11.512925464970229, 
        -11.512925464970229, 
        -11.512925464970229, 
        -11.512925464970229, 
        -11.512925464970229, 
        -11.512925464970229, 
        -11.512925464970229, 
        -11.512925464970229, 
        -11.512925464970229, 
        -11.512925464970229, 
        -11.512925464970229, 
        -11.512925464970229, 
        -11.512925464970229, 
        -11.512925464970229, 
        -11.512925464970229, 
        -11.512925464970229, 
        -11.512925464970229, 
        -11.512925464970229, 
        -11.512925464970229, 
        -2.833049239840389, 
        -2.1399870489442487, 
        -1.7345502723292603, 
        -1.7345502723292603, 
        -1.4468823659250756, 
        -1.2237473143357496, 
        -1.0414314240651872, 
        -0.753756434812801, 
        -0.5306171334423107, 
        -0.34829840995420336, 
        -0.34829840995420336, 
        -0.3482984099542035, 
        -0.43530849907654384, 
        -0.3482984099542035, 
        -0.3482984099542037, 
        -0.43530849907654384, 
        -0.3482984099542035, 
        -0.43530849907654384, 
        -0.6359757602340319, 
        -0.8872847917742968, 
        -0.8872847917742966, 
        -1.0414314240651872, 
        -0.8872847917742966, 
        -0.8872847917742966, 
        -1.0414314240651872, 
        -1.0414314240651872, 
        -1.4468823659250756, 
        -1.7345502723292603, 
        -1.4468823659250756, 
        -1.2237473143357496, 
        -1.4468823659250756
    ], 
    "original_signals": [
        0, 
        0, 
        0, 
        0, 
        0, 
        0, 
        0, 
        0, 
        0, 
        0, 
        0, 
        0, 
        0, 
        0, 
        0, 
        0, 
        0, 
        0, 
        0, 
        0, 
        0, 
        0, 
        0, 
        0, 
        0, 
        0, 
        0, 
        0, 
        1, 
        0, 
        1, 
        1, 
        0, 
        1, 
        0, 
        2, 
        0, 
        2, 
        1, 
        0, 
        0, 
        1, 
        0, 
        0, 
        2, 
        1, 
        1, 
        1, 
        0, 
        0, 
        1, 
        0, 
        0, 
        0, 
        0, 
        0, 
        1, 
        0, 
        0, 
        0
    ]
}