{
    "signals_b_s": [
        0.0, 
        0.0, 
        0.0, 
        0.0, 
        0.0, 
        0.0, 
        0.0, 
        0.0, 
        0.0, 
        0.0, 
        0.0, 
        0.0, 
        0.0, 
        0.0, 
        0.0, 
        0.0, 
        0.0, 
        0.0, 
        0.0, 
        0.0, 
        0.0, 
        0.0, 
        0.0, 
        0.0, 
        0.0, 
        0.0, 
        0.0, 
        0.0, 
        0.0, 
        0.0, 
        0.0, 
        0.0, 
        0.0, 
        0.04166649305627893, 
        0.0, 
        0.0, 
        0.04166649305627893, 
        0.04166649305627893, 
        0.0, 
        0.0, 
        0.0, 
        0.04166649305627893, 
        0.04166649305627893, 
        0.0, 
        0.04166649305627893, 
        0.04166649305627893, 
        0.04166649305627893, 
        0.04166649305627893, 
        0.0, 
        0.1249994791688368, 
        0.08333298611255786, 
        0.08333298611255786, 
        0.0, 
        0.04166649305627893, 
        0.0, 
        0.0, 
        0.0, 
        0.0, 
        0.0, 
        0.04166649305627893
    ], 
    "signals_b_s_c": [
        0.0, 
        0.0, 
        0.0, 
        0.0, 
        0.0, 
        0.0, 
        0.0, 
        0.0, 
        0.0, 
        0.0, 
        0.0, 
        0.0, 
        0.0, 
        0.0, 
        0.0, 
        0.0, 
        0.0, 
        0.0, 
        0.0, 
        0.0, 
        0.0, 
        0.0, 
        0.0, 
        0.0, 
        0.0, 
        0.0, 
        0.0, 
        0.0, 
        0.0, 
        0.0, 
        0.0, 
        0.0, 
        0.0, 
        0.0, 
        0.04166649305627893, 
        0.04166649305627893, 
        0.04166649305627893, 
        0.08333298611255786, 
        0.1249994791688368, 
        0.1249994791688368, 
        0.1249994791688368, 
        0.1249994791688368, 
        0.16666597222511573, 
        0.20833246528139465, 
        0.16666597222511573, 
        0.20833246528139465, 
        0.24999895833767358, 
        0.24999895833767358, 
        0.24999895833767358, 
        0.24999895833767358, 
        0.3749984375065104, 
        0.45833142361906826, 
        0.49999791667534715, 
        0.4583314236190682, 
        0.49999791667534715, 
        0.45833142361906826, 
        0.4166649305627893, 
        0.3749984375065104, 
        0.33333194445023145, 
        0.33333194445023145
    ], 
    "signals_b": [
        0.0, 
        0.0, 
        0.0, 
        0.0, 
        0.0, 
        0.0, 
        0.0, 
        0.0, 
        0.0, 
        0.0, 
        0.0, 
        0.0, 
        0.0, 
        0.0, 
        0.0, 
        0.0, 
        0.0, 
        0.0, 
        0.0, 
        0.0, 
        0.0, 
        0.0, 
        0.0, 
        0.0, 
        0.0, 
        0.0, 
        0.0, 
        0.0, 
        0.0, 
        0.0, 
        0.0, 
        0.0, 
        0.0, 
        0.04166649305627893, 
        0.04166649305627893, 
        0.04166649305627893, 
        0.0, 
        0.04166649305627893, 
        0.04166649305627893, 
        0.04166649305627893, 
        0.04166649305627893, 
        0.0, 
        0.04166649305627893, 
        0.04166649305627893, 
        0.0, 
        0.04166649305627893, 
        0.0, 
        0.04166649305627893, 
        0.04166649305627893, 
        0.16666597222511573, 
        0.08333298611255786, 
        0.0, 
        0.0, 
        0.04166649305627893, 
        0.04166649305627893, 
        0.04166649305627893, 
        0.04166649305627893, 
        0.04166649305627893, 
        0.04166649305627893, 
        0.0
    ], 
    "signals_b_s_c_l": [
        -11.512925464970229, 
        -11.512925464970229, 
        -11.512925464970229, 
        -11.512925464970229, 
        -11.512925464970229, 
        -11.512925464970229, 
        -11.512925464970229, 
        -11.512925464970229, 
        -11.512925464970229, 
        -11.512925464970229, 
        -11.512925464970229, 
        -11.512925464970229, 
        -11.512925464970229, 
        -11.512925464970229, 
        -11.512925464970229, 
        -11.512925464970229, 
        -11.512925464970229, 
        -11.512925464970229, 
        -11.512925464970229, 
        -11.512925464970229, 
        -11.512925464970229, 
        -11.512925464970229, 
        -11.512925464970229, 
        -11.512925464970229, 
        -11.512925464970229, 
        -11.512925464970229, 
        -11.512925464970229, 
        -11.512925464970229, 
        -11.512925464970229, 
        -11.512925464970229, 
        -11.512925464970229, 
        -11.512925464970229, 
        -11.512925464970229, 
        -11.512925464970229, 
        -3.1778180248015646, 
        -3.1778180248015646, 
        -3.1778180248015646, 
        -2.4847908231454707, 
        -2.0793657112043444, 
        -2.0793657112043444, 
        -2.0793657112043444, 
        -2.0793657112043444, 
        -1.791703637435984, 
        -1.5685720855238041, 
        -1.791703637435984, 
        -1.5685720855238041, 
        -1.3862585284111955, 
        -1.3862585284111955, 
        -1.3862585284111955, 
        -1.3862585284111955, 
        -0.9808067532474867, 
        -0.7801409061728489, 
        -0.6931313473345971, 
        -0.780140906172849, 
        -0.6931313473345971, 
        -0.7801409061728489, 
        -0.8754489041998839, 
        -0.9808067532474867, 
        -1.0985864556510905, 
        -1.0985864556510905
    ], 
    "original_signals": [
        0, 
        0, 
        0, 
        0, 
        0, 
        0, 
        0, 
        0, 
        0, 
        0, 
        0, 
        0, 
        0, 
        0, 
        0, 
        0, 
        0, 
        0, 
        0, 
        0, 
        0, 
        0, 
        0, 
        0, 
        0, 
        0, 
        0, 
        0, 
        0, 
        0, 
        0, 
        0, 
        0, 
        1, 
        1, 
        1, 
        0, 
        1, 
        1, 
        1, 
        1, 
        0, 
        1, 
        1, 
        0, 
        1, 
        0, 
        1, 
        1, 
        4, 
        2, 
        0, 
        0, 
        1, 
        1, 
        1, 
        1, 
        1, 
        1, 
        0
    ]
}