{
    "signals_b_s": [
        0.0, 
        0.0, 
        0.0, 
        0.0, 
        0.0, 
        0.0, 
        0.0, 
        0.0, 
        0.0, 
        0.0, 
        0.0, 
        0.0, 
        0.0, 
        0.0, 
        0.0, 
        0.0, 
        0.0, 
        0.0, 
        0.0, 
        0.0, 
        0.0, 
        0.0, 
        0.0, 
        0.0, 
        0.0, 
        0.0, 
        0.0, 
        0.0, 
        0.0, 
        0.0, 
        0.0, 
        0.18840566057560829, 
        0.15942017433320702, 
        0.014492743121200637, 
        0.007246371560600319, 
        0.05072460092420222, 
        0.03623185780300159, 
        0.007246371560600314, 
        0.028985486242401274, 
        0.014492743121200628, 
        0.0, 
        0.014492743121200649, 
        0.036231857803001595, 
        0.014492743121200628, 
        0.007246371560600311, 
        0.014492743121200635, 
        0.014492743121200639, 
        0.014492743121200637, 
        0.007246371560600319, 
        0.007246371560600319, 
        0.0, 
        0.014492743121200637, 
        0.0072463715606003185, 
        0.0072463715606003185, 
        0.0, 
        0.0, 
        0.0, 
        0.0, 
        0.0, 
        0.0
    ], 
    "signals_b_s_c": [
        0.0, 
        0.0, 
        0.0, 
        0.0, 
        0.0, 
        0.0, 
        0.0, 
        0.0, 
        0.0, 
        0.0, 
        0.0, 
        0.0, 
        0.0, 
        0.0, 
        0.0, 
        0.0, 
        0.0, 
        0.0, 
        0.0, 
        0.0, 
        0.0, 
        0.0, 
        0.0, 
        0.0, 
        0.0, 
        0.0, 
        0.0, 
        0.0, 
        0.0, 
        0.0, 
        0.0, 
        0.0, 
        0.18840566057560829, 
        0.3478258349088153, 
        0.36231857803001594, 
        0.36956494959061625, 
        0.4202895505148185, 
        0.45652140831782007, 
        0.4637677798784204, 
        0.49275326612082165, 
        0.5072460092420222, 
        0.5072460092420222, 
        0.33333309178761467, 
        0.2101447752574092, 
        0.2101447752574092, 
        0.2101447752574092, 
        0.17391291745440765, 
        0.15217380277260667, 
        0.15942017433320702, 
        0.13768105965140603, 
        0.13043468809080572, 
        0.13043468809080572, 
        0.13043468809080572, 
        0.10144920184840443, 
        0.09420283028780413, 
        0.08695645872720383, 
        0.07246371560600319, 
        0.05797097248480255, 
        0.04347822936360191, 
        0.036231857803001595
    ], 
    "signals_b": [
        0.0, 
        0.0, 
        0.0, 
        0.0, 
        0.0, 
        0.0, 
        0.0, 
        0.0, 
        0.0, 
        0.0, 
        0.0, 
        0.0, 
        0.0, 
        0.0, 
        0.0, 
        0.0, 
        0.0, 
        0.0, 
        0.0, 
        0.0, 
        0.0, 
        0.0, 
        0.0, 
        0.0, 
        0.0, 
        0.0, 
        0.0, 
        0.0, 
        0.0, 
        0.0, 
        0.0, 
        0.18840566057560829, 
        0.028985486242401274, 
        0.014492743121200637, 
        0.021739114681800956, 
        0.07246371560600318, 
        0.03623185780300159, 
        0.028985486242401274, 
        0.05797097248480255, 
        0.07246371560600318, 
        0.07246371560600318, 
        0.08695645872720383, 
        0.05072460092420223, 
        0.06521734404540286, 
        0.05797097248480255, 
        0.04347822936360191, 
        0.028985486242401274, 
        0.014492743121200637, 
        0.021739114681800956, 
        0.014492743121200637, 
        0.014492743121200637, 
        0.0, 
        0.0072463715606003185, 
        0.0, 
        0.0, 
        0.0, 
        0.0, 
        0.0, 
        0.0, 
        0.0
    ], 
    "signals_b_s_c_l": [
        -11.512925464970229, 
        -11.512925464970229, 
        -11.512925464970229, 
        -11.512925464970229, 
        -11.512925464970229, 
        -11.512925464970229, 
        -11.512925464970229, 
        -11.512925464970229, 
        -11.512925464970229, 
        -11.512925464970229, 
        -11.512925464970229, 
        -11.512925464970229, 
        -11.512925464970229, 
        -11.512925464970229, 
        -11.512925464970229, 
        -11.512925464970229, 
        -11.512925464970229, 
        -11.512925464970229, 
        -11.512925464970229, 
        -11.512925464970229, 
        -11.512925464970229, 
        -11.512925464970229, 
        -11.512925464970229, 
        -11.512925464970229, 
        -11.512925464970229, 
        -11.512925464970229, 
        -11.512925464970229, 
        -11.512925464970229, 
        -11.512925464970229, 
        -11.512925464970229, 
        -11.512925464970229, 
        -11.512925464970229, 
        -1.6691047962201349, 
        -1.056024649279173, 
        -1.0152038047273506, 
        -0.9954017185932441, 
        -0.8667876064105661, 
        -0.7840977788652189, 
        -0.7683497641517941, 
        -0.7077264106920867, 
        -0.6787394536395888, 
        -0.6787394536395888, 
        -1.0985830137337806, 
        -1.5599109946989593, 
        -1.5599109946989593, 
        -1.5599109946989593, 
        -1.749143081058075, 
        -1.8826662598969592, 
        -1.8361492310854015, 
        -1.982742801634153, 
        -2.0368059881149794, 
        -2.0368059881149794, 
        -2.0368059881149794, 
        -2.288098513537216, 
        -2.3621989040439386, 
        -2.4422327665352923, 
        -2.6245313262217156, 
        -2.847640382866223, 
        -3.135264966845885, 
        -3.317540535241571
    ], 
    "original_signals": [
        0, 
        0, 
        0, 
        0, 
        0, 
        0, 
        0, 
        0, 
        0, 
        0, 
        0, 
        0, 
        0, 
        0, 
        0, 
        0, 
        0, 
        0, 
        0, 
        0, 
        0, 
        0, 
        0, 
        0, 
        0, 
        0, 
        0, 
        0, 
        0, 
        0, 
        0, 
        26, 
        4, 
        2, 
        3, 
        10, 
        5, 
        4, 
        8, 
        10, 
        10, 
        12, 
        7, 
        9, 
        8, 
        6, 
        4, 
        2, 
        3, 
        2, 
        2, 
        0, 
        1, 
        0, 
        0, 
        0, 
        0, 
        0, 
        0, 
        0
    ]
}