{
    "signals_b_s": [
        0.0, 
        0.0, 
        0.0, 
        0.0, 
        0.0, 
        0.0, 
        0.0, 
        0.0, 
        0.0, 
        0.0, 
        0.006060602387513704, 
        0.006060602387513704, 
        0.0, 
        0.006060602387513704, 
        0.006060602387513704, 
        0.006060602387513704, 
        0.006060602387513704, 
        0.0, 
        0.0, 
        0.0, 
        0.0, 
        0.0, 
        0.0, 
        0.0, 
        0.0, 
        0.0, 
        0.0, 
        0.0, 
        0.0, 
        0.0, 
        0.0, 
        0.0, 
        0.0, 
        0.0, 
        0.0, 
        0.0, 
        0.0, 
        0.0, 
        0.006060602387513704, 
        0.006060602387513704, 
        0.006060602387513704, 
        0.024242409550054817, 
        0.012121204775027407, 
        0.02424240955005482, 
        0.018181807162541107, 
        0.018181807162541114, 
        0.0060606023875137, 
        0.0060606023875137, 
        0.006060602387513714, 
        0.03636361432508223, 
        0.04848481910010964, 
        0.05454542148762334, 
        0.006060602387513703, 
        0.07272722865016445, 
        0.054545421487623334, 
        0.018181807162541107, 
        0.0060606023875137, 
        0.018181807162541114, 
        0.0060606023875137, 
        0.06060602387513705
    ], 
    "signals_b_s_c": [
        0.0, 
        0.0, 
        0.0, 
        0.0, 
        0.0, 
        0.0, 
        0.0, 
        0.0, 
        0.0, 
        0.0, 
        0.0, 
        0.006060602387513704, 
        0.012121204775027409, 
        0.012121204775027409, 
        0.018181807162541114, 
        0.024242409550054817, 
        0.03030301193756852, 
        0.03636361432508223, 
        0.03636361432508223, 
        0.03636361432508223, 
        0.03636361432508223, 
        0.03030301193756852, 
        0.024242409550054817, 
        0.024242409550054817, 
        0.018181807162541114, 
        0.012121204775027409, 
        0.006060602387513704, 
        0.0, 
        0.0, 
        0.0, 
        0.0, 
        0.0, 
        0.0, 
        0.0, 
        0.0, 
        0.0, 
        0.0, 
        0.0, 
        0.0, 
        0.006060602387513704, 
        0.012121204775027409, 
        0.018181807162541114, 
        0.04242421671259593, 
        0.054545421487623334, 
        0.07878783103767815, 
        0.09696963820021925, 
        0.11515144536276037, 
        0.12121204775027407, 
        0.12727265013778777, 
        0.1272726501377878, 
        0.1575756620753563, 
        0.19999987878795228, 
        0.23030289072552076, 
        0.22424228833800708, 
        0.2727271074381167, 
        0.3090907217631989, 
        0.3090907217631989, 
        0.3090907217631989, 
        0.3212119265382263, 
        0.3212119265382263
    ], 
    "signals_b": [
        0.0, 
        0.0, 
        0.0, 
        0.0, 
        0.0, 
        0.0, 
        0.0, 
        0.0, 
        0.0, 
        0.0, 
        0.006060602387513704, 
        0.0, 
        0.0, 
        0.006060602387513704, 
        0.0, 
        0.006060602387513704, 
        0.0, 
        0.0, 
        0.0, 
        0.0, 
        0.0, 
        0.0, 
        0.0, 
        0.0, 
        0.0, 
        0.0, 
        0.0, 
        0.0, 
        0.0, 
        0.0, 
        0.0, 
        0.0, 
        0.0, 
        0.0, 
        0.0, 
        0.0, 
        0.0, 
        0.0, 
        0.006060602387513704, 
        0.0, 
        0.006060602387513704, 
        0.03030301193756852, 
        0.018181807162541114, 
        0.042424216712595934, 
        0.06060602387513704, 
        0.07878783103767815, 
        0.07272722865016445, 
        0.06666662626265075, 
        0.06060602387513704, 
        0.024242409550054817, 
        0.07272722865016445, 
        0.018181807162541114, 
        0.024242409550054817, 
        0.09696963820021927, 
        0.042424216712595934, 
        0.06060602387513704, 
        0.05454542148762334, 
        0.07272722865016445, 
        0.06666662626265075, 
        0.006060602387513704
    ], 
    "signals_b_s_c_l": [
        -11.512925464970229, 
        -11.512925464970229, 
        -11.512925464970229, 
        -11.512925464970229, 
        -11.512925464970229, 
        -11.512925464970229, 
        -11.512925464970229, 
        -11.512925464970229, 
        -11.512925464970229, 
        -11.512925464970229, 
        -11.512925464970229, 
        -5.104297438717126, 
        -4.411974239026914, 
        -4.411974239026914, 
        -4.006783942154308, 
        -3.7192393036459515, 
        -3.4961782217649926, 
        -3.3139116483718962, 
        -3.3139116483718962, 
        -3.3139116483718962, 
        -3.3139116483718962, 
        -3.4961782217649926, 
        -3.7192393036459515, 
        -3.7192393036459515, 
        -4.006783942154308, 
        -4.411974239026914, 
        -5.104297438717126, 
        -11.512925464970229, 
        -11.512925464970229, 
        -11.512925464970229, 
        -11.512925464970229, 
        -11.512925464970229, 
        -11.512925464970229, 
        -11.512925464970229, 
        -11.512925464970229, 
        -11.512925464970229, 
        -11.512925464970229, 
        -11.512925464970229, 
        -11.512925464970229, 
        -5.104297438717126, 
        -4.411974239026914, 
        -4.006783942154308, 
        -3.1598002442533994, 
        -2.9085381859838613, 
        -2.540869807399682, 
        -2.333254237975746, 
        -2.16142026240723, 
        -2.110131309759954, 
        -2.0613450738479666, 
        -2.061345073847966, 
        -1.8477860823761985, 
        -1.6093885197141795, 
        -1.4683165000983376, 
        -1.4949835736894674, 
        -1.299246924174001, 
        -1.1740880947992387, 
        -1.1740880947992387, 
        -1.1740880947992387, 
        -1.1356230347991354, 
        -1.1356230347991354
    ], 
    "original_signals": [
        0, 
        0, 
        0, 
        0, 
        0, 
        0, 
        0, 
        0, 
        0, 
        0, 
        1, 
        0, 
        0, 
        1, 
        0, 
        1, 
        0, 
        0, 
        0, 
        0, 
        0, 
        0, 
        0, 
        0, 
        0, 
        0, 
        0, 
        0, 
        0, 
        0, 
        0, 
        0, 
        0, 
        0, 
        0, 
        0, 
        0, 
        0, 
        1, 
        0, 
        1, 
        5, 
        3, 
        7, 
        10, 
        13, 
        12, 
        11, 
        10, 
        4, 
        12, 
        3, 
        4, 
        16, 
        7, 
        10, 
        9, 
        12, 
        11, 
        1
    ]
}