{
    "signals_b_s": [
        0.0, 
        0.0, 
        0.0, 
        0.0, 
        0.0, 
        0.0, 
        0.0, 
        0.010526304709152938, 
        0.0, 
        0.0, 
        0.010526304709152938, 
        0.0, 
        0.0, 
        0.0, 
        0.0, 
        0.0, 
        0.021052609418305876, 
        0.021052609418305876, 
        0.031578914127458814, 
        0.05263152354576469, 
        0.06315782825491763, 
        0.021052609418305876, 
        0.010526304709152938, 
        0.0, 
        0.0, 
        0.010526304709152938, 
        0.010526304709152938, 
        0.0, 
        0.0, 
        0.010526304709152938, 
        0.010526304709152938, 
        0.010526304709152938, 
        0.0, 
        0.010526304709152938, 
        0.021052609418305876, 
        0.031578914127458814, 
        0.021052609418305876, 
        0.031578914127458814, 
        0.031578914127458814, 
        0.09473674238237642, 
        0.07368413296407055, 
        0.04210521883661175, 
        0.06315782825491763, 
        0.06315782825491763, 
        0.06315782825491763, 
        0.0, 
        0.0, 
        0.0, 
        0.0, 
        0.0, 
        0.0, 
        0.0, 
        0.0, 
        0.0, 
        0.0, 
        0.0, 
        0.0, 
        0.0, 
        0.0, 
        0.0
    ], 
    "signals_b_s_c": [
        0.0, 
        0.0, 
        0.0, 
        0.0, 
        0.0, 
        0.0, 
        0.0, 
        0.0, 
        0.010526304709152938, 
        0.010526304709152938, 
        0.010526304709152938, 
        0.021052609418305876, 
        0.021052609418305876, 
        0.021052609418305876, 
        0.021052609418305876, 
        0.021052609418305876, 
        0.021052609418305876, 
        0.04210521883661175, 
        0.05263152354576469, 
        0.0842104376732235, 
        0.1368419612189882, 
        0.1894734847647529, 
        0.2105260941830588, 
        0.22105239889221173, 
        0.22105239889221173, 
        0.22105239889221173, 
        0.23157870360136468, 
        0.22105239889221173, 
        0.19999978947390584, 
        0.168420875346447, 
        0.12631565650983528, 
        0.07368413296407056, 
        0.06315782825491763, 
        0.05263152354576469, 
        0.06315782825491763, 
        0.0842104376732235, 
        0.10526304709152937, 
        0.11578935180068232, 
        0.14736826592814115, 
        0.17894718005559995, 
        0.2631576177288234, 
        0.326315445983741, 
        0.3578943601111998, 
        0.4210521883661174, 
        0.4736837119118821, 
        0.515788930748494, 
        0.4842100166210351, 
        0.4631574072027292, 
        0.4315784930752704, 
        0.3999995789478116, 
        0.3052628365654352, 
        0.23157870360136462, 
        0.1894734847647529, 
        0.12631565650983526, 
        0.06315782825491763, 
        0.0, 
        0.0, 
        0.0, 
        0.0, 
        0.0
    ], 
    "signals_b": [
        0.0, 
        0.0, 
        0.0, 
        0.0, 
        0.0, 
        0.0, 
        0.0, 
        0.010526304709152938, 
        0.010526304709152938, 
        0.010526304709152938, 
        0.0, 
        0.0, 
        0.0, 
        0.0, 
        0.0, 
        0.0, 
        0.021052609418305876, 
        0.04210521883661175, 
        0.010526304709152938, 
        0.06315782825491763, 
        0.0, 
        0.021052609418305876, 
        0.010526304709152938, 
        0.010526304709152938, 
        0.010526304709152938, 
        0.0, 
        0.010526304709152938, 
        0.010526304709152938, 
        0.010526304709152938, 
        0.0, 
        0.010526304709152938, 
        0.0, 
        0.0, 
        0.010526304709152938, 
        0.031578914127458814, 
        0.0, 
        0.021052609418305876, 
        0.05263152354576469, 
        0.0842104376732235, 
        0.17894718005559992, 
        0.10526304709152938, 
        0.06315782825491763, 
        0.12631565650983526, 
        0.06315782825491763, 
        0.0, 
        0.0, 
        0.0, 
        0.0, 
        0.0, 
        0.0, 
        0.0, 
        0.0, 
        0.0, 
        0.0, 
        0.0, 
        0.0, 
        0.0, 
        0.0, 
        0.0, 
        0.0
    ], 
    "signals_b_s_c_l": [
        -11.512925464970229, 
        -11.512925464970229, 
        -11.512925464970229, 
        -11.512925464970229, 
        -11.512925464970229, 
        -11.512925464970229, 
        -11.512925464970229, 
        -11.512925464970229, 
        -4.552928394196926, 
        -4.552928394196926, 
        -4.552928394196926, 
        -3.8602558759486465, 
        -3.8602558759486465, 
        -3.8602558759486465, 
        -3.8602558759486465, 
        -3.8602558759486465, 
        -3.8602558759486465, 
        -3.167346111060395, 
        -2.944250049645217, 
        -2.474317659476968, 
        -1.9888555124400227, 
        -1.6634534098947684, 
        -1.5580981717556661, 
        -1.5093102693884994, 
        -1.5093102693884994, 
        -1.5093102693884994, 
        -1.462792309941923, 
        -1.5093102693884994, 
        -1.6093889662624545, 
        -1.7812298486919138, 
        -2.068892130827087, 
        -2.607832089956051, 
        -2.7619601540369363, 
        -2.944250049645217, 
        -2.7619601540369363, 
        -2.474317659476968, 
        -2.251197855649744, 
        -2.1558963114350544, 
        -1.9147527597042178, 
        -1.7206087193249486, 
        -1.3349641200453484, 
        -1.1198600950224256, 
        -1.0274894787998705, 
        -0.864974740374657, 
        -0.7471943435507498, 
        -0.6620382585333695, 
        -0.7252158957600724, 
        -0.7696667196145673, 
        -0.8402827070395983, 
        -0.9162667847913598, 
        -1.1865493561264724, 
        -1.4627923099419233, 
        -1.6634534098947684, 
        -2.0688921308270873, 
        -2.7619601540369363, 
        -11.512925464970229, 
        -11.512925464970229, 
        -11.512925464970229, 
        -11.512925464970229, 
        -11.512925464970229
    ], 
    "original_signals": [
        0, 
        0, 
        0, 
        0, 
        0, 
        0, 
        0, 
        1, 
        1, 
        1, 
        0, 
        0, 
        0, 
        0, 
        0, 
        0, 
        2, 
        4, 
        1, 
        6, 
        0, 
        2, 
        1, 
        1, 
        1, 
        0, 
        1, 
        1, 
        1, 
        0, 
        1, 
        0, 
        0, 
        1, 
        3, 
        0, 
        2, 
        5, 
        8, 
        17, 
        10, 
        6, 
        12, 
        6, 
        0, 
        0, 
        0, 
        0, 
        0, 
        0, 
        0, 
        0, 
        0, 
        0, 
        0, 
        0, 
        0, 
        0, 
        0, 
        0
    ]
}