{
    "signals_b_s": [
        0.0, 
        0.0, 
        0.0, 
        0.0, 
        0.0, 
        0.0, 
        0.0, 
        0.0, 
        0.0, 
        0.0, 
        0.0, 
        0.0, 
        0.0, 
        0.0, 
        0.0, 
        0.0, 
        0.0, 
        0.0, 
        0.0, 
        0.0, 
        0.0, 
        0.0, 
        0.0, 
        0.0, 
        0.0, 
        0.0, 
        0.0, 
        0.0, 
        0.0, 
        0.0, 
        0.0, 
        0.0, 
        0.0, 
        0.0, 
        0.0, 
        0.0, 
        0.0, 
        0.0, 
        0.048780368828368705, 
        0.14634110648510612, 
        0.07317055324255305, 
        0.07317055324255306, 
        0.024390184414184352, 
        0.14634110648510612, 
        0.14634110648510612, 
        0.024390184414184352, 
        0.048780368828368705, 
        0.0, 
        0.024390184414184352, 
        0.0, 
        0.0, 
        0.07317055324255306, 
        0.09756073765673741, 
        0.048780368828368705, 
        0.0, 
        0.048780368828368705, 
        0.024390184414184352, 
        0.024390184414184352, 
        0.0, 
        0.024390184414184352
    ], 
    "signals_b_s_c": [
        0.0, 
        0.0, 
        0.0, 
        0.0, 
        0.0, 
        0.0, 
        0.0, 
        0.0, 
        0.0, 
        0.0, 
        0.0, 
        0.0, 
        0.0, 
        0.0, 
        0.0, 
        0.0, 
        0.0, 
        0.0, 
        0.0, 
        0.0, 
        0.0, 
        0.0, 
        0.0, 
        0.0, 
        0.0, 
        0.0, 
        0.0, 
        0.0, 
        0.0, 
        0.0, 
        0.0, 
        0.0, 
        0.0, 
        0.0, 
        0.0, 
        0.0, 
        0.0, 
        0.0, 
        0.0, 
        0.048780368828368705, 
        0.19512147531347482, 
        0.26829202855602785, 
        0.3414625817985809, 
        0.36585276621276525, 
        0.5121938726978714, 
        0.6585349791829775, 
        0.6829251635971619, 
        0.7317055324255306, 
        0.7317055324255306, 
        0.7073153480113462, 
        0.5609742415262402, 
        0.48780368828368703, 
        0.4878036882836871, 
        0.5609742415262401, 
        0.46341350386950275, 
        0.3170723973843966, 
        0.34146258179858097, 
        0.3170723973843966, 
        0.3414625817985809, 
        0.3170723973843965
    ], 
    "signals_b": [
        0.0, 
        0.0, 
        0.0, 
        0.0, 
        0.0, 
        0.0, 
        0.0, 
        0.0, 
        0.0, 
        0.0, 
        0.0, 
        0.0, 
        0.0, 
        0.0, 
        0.0, 
        0.0, 
        0.0, 
        0.0, 
        0.0, 
        0.0, 
        0.0, 
        0.0, 
        0.0, 
        0.0, 
        0.0, 
        0.0, 
        0.0, 
        0.0, 
        0.0, 
        0.0, 
        0.0, 
        0.0, 
        0.0, 
        0.0, 
        0.0, 
        0.0, 
        0.0, 
        0.0, 
        0.048780368828368705, 
        0.19512147531347482, 
        0.12195092207092177, 
        0.048780368828368705, 
        0.024390184414184352, 
        0.17073129089929048, 
        0.024390184414184352, 
        0.048780368828368705, 
        0.0, 
        0.0, 
        0.024390184414184352, 
        0.024390184414184352, 
        0.024390184414184352, 
        0.09756073765673741, 
        0.0, 
        0.048780368828368705, 
        0.048780368828368705, 
        0.0, 
        0.024390184414184352, 
        0.0, 
        0.0, 
        0.024390184414184352
    ], 
    "signals_b_s_c_l": [
        -11.512925464970229, 
        -11.512925464970229, 
        -11.512925464970229, 
        -11.512925464970229, 
        -11.512925464970229, 
        -11.512925464970229, 
        -11.512925464970229, 
        -11.512925464970229, 
        -11.512925464970229, 
        -11.512925464970229, 
        -11.512925464970229, 
        -11.512925464970229, 
        -11.512925464970229, 
        -11.512925464970229, 
        -11.512925464970229, 
        -11.512925464970229, 
        -11.512925464970229, 
        -11.512925464970229, 
        -11.512925464970229, 
        -11.512925464970229, 
        -11.512925464970229, 
        -11.512925464970229, 
        -11.512925464970229, 
        -11.512925464970229, 
        -11.512925464970229, 
        -11.512925464970229, 
        -11.512925464970229, 
        -11.512925464970229, 
        -11.512925464970229, 
        -11.512925464970229, 
        -11.512925464970229, 
        -11.512925464970229, 
        -11.512925464970229, 
        -11.512925464970229, 
        -11.512925464970229, 
        -11.512925464970229, 
        -11.512925464970229, 
        -11.512925464970229, 
        -11.512925464970229, 
        -3.0202223456755095, 
        -1.6340817152341305, 
        -1.3156419608037857, 
        -1.074487890753571, 
        -1.0054969715970643, 
        -0.669032544335746, 
        -0.41772245461446683, 
        -0.38135535276486876, 
        -0.31236345745695693, 
        -0.31236345745695693, 
        -0.3462645378736727, 
        -0.5780624638250228, 
        -0.717821732331856, 
        -0.7178217323318559, 
        -0.578062463825023, 
        -0.7691139477921064, 
        -1.1485936102230547, 
        -1.074487890753571, 
        -1.1485936102230547, 
        -1.074487890753571, 
        -1.148593610223055
    ], 
    "original_signals": [
        0, 
        0, 
        0, 
        0, 
        0, 
        0, 
        0, 
        0, 
        0, 
        0, 
        0, 
        0, 
        0, 
        0, 
        0, 
        0, 
        0, 
        0, 
        0, 
        0, 
        0, 
        0, 
        0, 
        0, 
        0, 
        0, 
        0, 
        0, 
        0, 
        0, 
        0, 
        0, 
        0, 
        0, 
        0, 
        0, 
        0, 
        0, 
        2, 
        8, 
        5, 
        2, 
        1, 
        7, 
        1, 
        2, 
        0, 
        0, 
        1, 
        1, 
        1, 
        4, 
        0, 
        2, 
        2, 
        0, 
        1, 
        0, 
        0, 
        1
    ]
}