{
    "signals_b_s": [
        0.0, 
        0.0, 
        0.0, 
        0.0, 
        0.0, 
        0.0, 
        0.0, 
        0.0, 
        0.0, 
        0.017543828870475665, 
        0.017543828870475665, 
        0.0, 
        0.0, 
        0.0, 
        0.0, 
        0.0, 
        0.0, 
        0.0, 
        0.0, 
        0.0, 
        0.0, 
        0.0, 
        0.0, 
        0.0, 
        0.0, 
        0.0, 
        0.0, 
        0.0, 
        0.0, 
        0.0, 
        0.0, 
        0.0, 
        0.0, 
        0.03508765774095133, 
        0.017543828870475665, 
        0.017543828870475665, 
        0.0, 
        0.03508765774095133, 
        0.07017531548190267, 
        0.052631486611427, 
        0.0, 
        0.017543828870475668, 
        0.0, 
        0.017543828870475665, 
        0.0, 
        0.035087657740951336, 
        0.0, 
        0.01754382887047566, 
        0.01754382887047566, 
        0.017543828870475668, 
        0.017543828870475668, 
        0.0, 
        0.01754382887047566, 
        0.035087657740951336, 
        0.08771914435237833, 
        0.0, 
        0.017543828870475665, 
        0.0, 
        0.0, 
        0.0
    ], 
    "signals_b_s_c": [
        0.0, 
        0.0, 
        0.0, 
        0.0, 
        0.0, 
        0.0, 
        0.0, 
        0.0, 
        0.0, 
        0.0, 
        0.017543828870475665, 
        0.03508765774095133, 
        0.03508765774095133, 
        0.03508765774095133, 
        0.03508765774095133, 
        0.03508765774095133, 
        0.03508765774095133, 
        0.03508765774095133, 
        0.03508765774095133, 
        0.03508765774095133, 
        0.017543828870475665, 
        0.0, 
        0.0, 
        0.0, 
        0.0, 
        0.0, 
        0.0, 
        0.0, 
        0.0, 
        0.0, 
        0.0, 
        0.0, 
        0.0, 
        0.0, 
        0.03508765774095133, 
        0.052631486611427, 
        0.07017531548190266, 
        0.07017531548190266, 
        0.105262973222854, 
        0.17543828870475667, 
        0.22806977531618366, 
        0.22806977531618366, 
        0.24561360418665934, 
        0.24561360418665934, 
        0.2280697753161837, 
        0.21052594644570802, 
        0.22806977531618366, 
        0.22806977531618366, 
        0.21052594644570805, 
        0.15789445983428102, 
        0.12280680209332967, 
        0.14035063096380535, 
        0.12280680209332967, 
        0.14035063096380535, 
        0.157894459834281, 
        0.24561360418665934, 
        0.210525946445708, 
        0.22806977531618366, 
        0.210525946445708, 
        0.19298211757523234
    ], 
    "signals_b": [
        0.0, 
        0.0, 
        0.0, 
        0.0, 
        0.0, 
        0.0, 
        0.0, 
        0.0, 
        0.0, 
        0.017543828870475665, 
        0.0, 
        0.0, 
        0.0, 
        0.0, 
        0.0, 
        0.0, 
        0.0, 
        0.0, 
        0.0, 
        0.0, 
        0.0, 
        0.0, 
        0.0, 
        0.0, 
        0.0, 
        0.0, 
        0.0, 
        0.0, 
        0.0, 
        0.0, 
        0.0, 
        0.0, 
        0.0, 
        0.03508765774095133, 
        0.017543828870475665, 
        0.0, 
        0.0, 
        0.03508765774095133, 
        0.105262973222854, 
        0.052631486611427, 
        0.052631486611427, 
        0.03508765774095133, 
        0.03508765774095133, 
        0.017543828870475665, 
        0.017543828870475665, 
        0.052631486611427, 
        0.052631486611427, 
        0.07017531548190266, 
        0.052631486611427, 
        0.03508765774095133, 
        0.052631486611427, 
        0.052631486611427, 
        0.07017531548190266, 
        0.105262973222854, 
        0.017543828870475665, 
        0.017543828870475665, 
        0.0, 
        0.0, 
        0.0, 
        0.0
    ], 
    "signals_b_s_c_l": [
        -11.512925464970229, 
        -11.512925464970229, 
        -11.512925464970229, 
        -11.512925464970229, 
        -11.512925464970229, 
        -11.512925464970229, 
        -11.512925464970229, 
        -11.512925464970229, 
        -11.512925464970229, 
        -11.512925464970229, 
        -4.042483183607842, 
        -3.3496208817639586, 
        -3.3496208817639586, 
        -3.3496208817639586, 
        -3.3496208817639586, 
        -3.3496208817639586, 
        -3.3496208817639586, 
        -3.3496208817639586, 
        -3.3496208817639586, 
        -3.3496208817639586, 
        -4.042483183607842, 
        -11.512925464970229, 
        -11.512925464970229, 
        -11.512925464970229, 
        -11.512925464970229, 
        -11.512925464970229, 
        -11.512925464970229, 
        -11.512925464970229, 
        -11.512925464970229, 
        -11.512925464970229, 
        -11.512925464970229, 
        -11.512925464970229, 
        -11.512925464970229, 
        -11.512925464970229, 
        -3.3496208817639586, 
        -2.94425075126531, 
        -2.6566161710012817, 
        -2.6566161710012817, 
        -2.2511985573364846, 
        -1.7404109307493743, 
        -1.478059819487888, 
        -1.478059819487888, 
        -1.4039549790753816, 
        -1.4039549790753816, 
        -1.4780598194878878, 
        -1.5580988734757355, 
        -1.478059819487888, 
        -1.478059819487888, 
        -1.5580988734757355, 
        -1.84576511344379, 
        -2.097061447764515, 
        -1.9635402329523095, 
        -2.097061447764515, 
        -1.9635402329523095, 
        -1.8457651134437902, 
        -1.4039549790753816, 
        -1.5580988734757357, 
        -1.478059819487888, 
        -1.5580988734757357, 
        -1.6451059324903985
    ], 
    "original_signals": [
        0, 
        0, 
        0, 
        0, 
        0, 
        0, 
        0, 
        0, 
        0, 
        1, 
        0, 
        0, 
        0, 
        0, 
        0, 
        0, 
        0, 
        0, 
        0, 
        0, 
        0, 
        0, 
        0, 
        0, 
        0, 
        0, 
        0, 
        0, 
        0, 
        0, 
        0, 
        0, 
        0, 
        2, 
        1, 
        0, 
        0, 
        2, 
        6, 
        3, 
        3, 
        2, 
        2, 
        1, 
        1, 
        3, 
        3, 
        4, 
        3, 
        2, 
        3, 
        3, 
        4, 
        6, 
        1, 
        1, 
        0, 
        0, 
        0, 
        0
    ]
}