{
    "signals_b_s": [
        0.0054945024755480906, 
        0.0054945024755480906, 
        0.0054945024755480906, 
        0.0054945024755480906, 
        0.0054945024755480906, 
        0.0, 
        0.0054945024755480906, 
        0.0054945024755480906, 
        0.0054945024755480906, 
        0.0054945024755480906, 
        0.0054945024755480906, 
        0.0, 
        0.0, 
        0.0054945024755480906, 
        0.0, 
        0.0, 
        0.0054945024755480906, 
        0.0549450247554809, 
        0.04945052227993281, 
        0.0, 
        0.0, 
        0.0, 
        0.0054945024755480906, 
        0.01648350742664427, 
        0.021978009902192362, 
        0.02747251237774045, 
        0.0054945024755480906, 
        0.01098900495109618, 
        0.005494502475548089, 
        0.01648350742664427, 
        0.010989004951096181, 
        0.01648350742664427, 
        0.010989004951096185, 
        0.005494502475548085, 
        0.03846151732883664, 
        0.060439527231028994, 
        0.010989004951096181, 
        0.021978009902192362, 
        0.0, 
        0.005494502475548092, 
        0.010989004951096181, 
        0.02747251237774045, 
        0.005494502475548092, 
        0.01648350742664427, 
        0.03296701485328854, 
        0.038461517328836625, 
        0.005494502475548089, 
        0.043956019804384724, 
        0.01648350742664427, 
        0.027472512377740455, 
        0.005494502475548092, 
        0.0, 
        0.0, 
        0.021978009902192362, 
        0.0, 
        0.0, 
        0.0, 
        0.0, 
        0.0, 
        0.0
    ], 
    "signals_b_s_c": [
        0.0054945024755480906, 
        0.0054945024755480906, 
        0.010989004951096181, 
        0.01648350742664427, 
        0.021978009902192362, 
        0.027472512377740455, 
        0.027472512377740455, 
        0.03296701485328855, 
        0.03846151732883664, 
        0.04395601980438473, 
        0.049450522279932824, 
        0.049450522279932824, 
        0.04395601980438473, 
        0.03846151732883664, 
        0.03846151732883664, 
        0.03296701485328855, 
        0.03296701485328855, 
        0.03296701485328855, 
        0.08241753713322136, 
        0.12637355693760607, 
        0.12087905446205797, 
        0.11538455198650989, 
        0.11538455198650989, 
        0.12087905446205797, 
        0.13186805941315416, 
        0.15384606931534653, 
        0.18131858169308698, 
        0.18131858169308696, 
        0.13736256188870224, 
        0.09340654208431753, 
        0.1098900495109618, 
        0.12087905446205799, 
        0.13736256188870227, 
        0.14285706436425033, 
        0.13186805941315416, 
        0.14835156683979844, 
        0.18131858169308698, 
        0.18681308416863507, 
        0.19780208911973127, 
        0.19230758664418315, 
        0.18131858169308698, 
        0.18131858169308696, 
        0.19230758664418315, 
        0.18681308416863507, 
        0.19780208911973124, 
        0.19230758664418315, 
        0.17032957674199078, 
        0.1648350742664427, 
        0.18681308416863507, 
        0.20329659159527935, 
        0.2252746014974717, 
        0.2197800990219236, 
        0.19230758664418315, 
        0.18681308416863504, 
        0.19230758664418315, 
        0.15934057179089461, 
        0.12087905446205799, 
        0.1153845519865099, 
        0.07142853218212518, 
        0.05494502475548091
    ], 
    "signals_b": [
        0.0054945024755480906, 
        0.0, 
        0.0054945024755480906, 
        0.010989004951096181, 
        0.0054945024755480906, 
        0.0054945024755480906, 
        0.010989004951096181, 
        0.0054945024755480906, 
        0.010989004951096181, 
        0.0054945024755480906, 
        0.0, 
        0.0, 
        0.0, 
        0.0054945024755480906, 
        0.0054945024755480906, 
        0.0054945024755480906, 
        0.0, 
        0.0549450247554809, 
        0.0054945024755480906, 
        0.0054945024755480906, 
        0.0054945024755480906, 
        0.0054945024755480906, 
        0.0, 
        0.01648350742664427, 
        0.03846151732883663, 
        0.010989004951096181, 
        0.0054945024755480906, 
        0.01648350742664427, 
        0.010989004951096181, 
        0.02747251237774045, 
        0.01648350742664427, 
        0.03296701485328854, 
        0.043956019804384724, 
        0.04945052227993281, 
        0.08791203960876945, 
        0.02747251237774045, 
        0.03846151732883663, 
        0.01648350742664427, 
        0.01648350742664427, 
        0.021978009902192362, 
        0.010989004951096181, 
        0.03846151732883663, 
        0.03296701485328854, 
        0.01648350742664427, 
        0.04945052227993281, 
        0.010989004951096181, 
        0.01648350742664427, 
        0.060439527231028994, 
        0.043956019804384724, 
        0.01648350742664427, 
        0.021978009902192362, 
        0.021978009902192362, 
        0.021978009902192362, 
        0.0, 
        0.0, 
        0.0, 
        0.0, 
        0.0, 
        0.0, 
        0.0
    ], 
    "signals_b_s_c_l": [
        -5.202188889722227, 
        -5.202188889722227, 
        -4.509950469266684, 
        -4.104788464807116, 
        -3.817257978638529, 
        -3.5942053901250945, 
        -3.5942053901250945, 
        -3.4119444797954435, 
        -3.257837121123203, 
        -3.124338220596587, 
        -3.006580457301821, 
        -3.006580457301821, 
        -3.124338220596587, 
        -3.257837121123203, 
        -3.257837121123203, 
        -3.4119444797954435, 
        -3.4119444797954435, 
        -3.4119444797954435, 
        -2.495835709385285, 
        -2.0684338932504343, 
        -2.1128820592724122, 
        -2.1593981358448278, 
        -2.1593981358448278, 
        -2.1128820592724122, 
        -2.0258775756794534, 
        -1.8717377284286865, 
        -1.7074445250360495, 
        -1.7074445250360497, 
        -1.9850586142687874, 
        -2.370686839319018, 
        -2.2081839670634564, 
        -2.1128820592724122, 
        -1.9850586142687872, 
        -1.9458407009171388, 
        -2.0258775756794534, 
        -1.9081029653502, 
        -1.7074445250360495, 
        -1.6775931839025053, 
        -1.6204377437656408, 
        -1.6486071763611634, 
        -1.7074445250360495, 
        -1.7074445250360497, 
        -1.6486071763611634, 
        -1.6775931839025053, 
        -1.620437743765641, 
        -1.6486071763611634, 
        -1.7699613240557177, 
        -1.8027491900051884, 
        -1.6775931839025053, 
        -1.593040135876503, 
        -1.4903907805398122, 
        -1.5150822834233522, 
        -1.6486071763611634, 
        -1.6775931839025056, 
        -1.6486071763611634, 
        -1.8366486498547894, 
        -2.1128820592724122, 
        -2.1593981358448278, 
        -2.63891788878783, 
        -2.901240159993157
    ], 
    "original_signals": [
        1, 
        0, 
        1, 
        2, 
        1, 
        1, 
        2, 
        1, 
        2, 
        1, 
        0, 
        0, 
        0, 
        1, 
        1, 
        1, 
        0, 
        10, 
        1, 
        1, 
        1, 
        1, 
        0, 
        3, 
        7, 
        2, 
        1, 
        3, 
        2, 
        5, 
        3, 
        6, 
        8, 
        9, 
        16, 
        5, 
        7, 
        3, 
        3, 
        4, 
        2, 
        7, 
        6, 
        3, 
        9, 
        2, 
        3, 
        11, 
        8, 
        3, 
        4, 
        4, 
        4, 
        0, 
        0, 
        0, 
        0, 
        0, 
        0, 
        0
    ]
}