{
    "signals_b_s": [
        0.0, 
        0.0, 
        0.0, 
        0.0, 
        0.0, 
        0.0, 
        0.0, 
        0.0, 
        0.0, 
        0.0, 
        0.0, 
        0.0, 
        0.0, 
        0.0, 
        0.0, 
        0.0, 
        0.0, 
        0.0, 
        0.0, 
        0.0, 
        0.0, 
        0.0, 
        0.0, 
        0.0, 
        0.0, 
        0.0, 
        0.0, 
        0.0, 
        0.0, 
        0.0, 
        0.0, 
        0.0, 
        0.0, 
        0.0, 
        0.0, 
        0.0372092850189372, 
        0.009302321254734302, 
        0.0, 
        0.004651160627367149, 
        0.013953481882101448, 
        0.0279069637642029, 
        0.03255812439157005, 
        0.0093023212547343, 
        0.0, 
        0.027906963764202902, 
        0.0, 
        0.009302321254734298, 
        0.009302321254734298, 
        0.041860445646304346, 
        0.009302321254734305, 
        0.03255812439157004, 
        0.009302321254734305, 
        0.004651160627367153, 
        0.004651160627367153, 
        0.009302321254734298, 
        0.02325580313683575, 
        0.027906963764202902, 
        0.013953481882101451, 
        0.018604642509468597, 
        0.009302321254734298
    ], 
    "signals_b_s_c": [
        0.0, 
        0.0, 
        0.0, 
        0.0, 
        0.0, 
        0.0, 
        0.0, 
        0.0, 
        0.0, 
        0.0, 
        0.0, 
        0.0, 
        0.0, 
        0.0, 
        0.0, 
        0.0, 
        0.0, 
        0.0, 
        0.0, 
        0.0, 
        0.0, 
        0.0, 
        0.0, 
        0.0, 
        0.0, 
        0.0, 
        0.0, 
        0.0, 
        0.0, 
        0.0, 
        0.0, 
        0.0, 
        0.0, 
        0.0, 
        0.0, 
        0.0, 
        0.0372092850189372, 
        0.0465116062736715, 
        0.0465116062736715, 
        0.051162766901038645, 
        0.0651162487831401, 
        0.093023212547343, 
        0.12558133693891305, 
        0.13488365819364734, 
        0.13488365819364734, 
        0.16279062195785024, 
        0.12558133693891305, 
        0.12558133693891305, 
        0.13488365819364734, 
        0.17209294321258453, 
        0.1674417825852174, 
        0.17209294321258453, 
        0.14883714007574878, 
        0.14418597944838163, 
        0.14883714007574878, 
        0.1302324975662802, 
        0.15348830070311595, 
        0.17209294321258456, 
        0.1767441038399517, 
        0.15348830070311592
    ], 
    "signals_b": [
        0.0, 
        0.0, 
        0.0, 
        0.0, 
        0.0, 
        0.0, 
        0.0, 
        0.0, 
        0.0, 
        0.0, 
        0.0, 
        0.0, 
        0.0, 
        0.0, 
        0.0, 
        0.0, 
        0.0, 
        0.0, 
        0.0, 
        0.0, 
        0.0, 
        0.0, 
        0.0, 
        0.0, 
        0.0, 
        0.0, 
        0.0, 
        0.0, 
        0.0, 
        0.0, 
        0.0, 
        0.0, 
        0.0, 
        0.0, 
        0.0, 
        0.0372092850189372, 
        0.0279069637642029, 
        0.0279069637642029, 
        0.03255812439157005, 
        0.0186046425094686, 
        0.0465116062736715, 
        0.01395348188210145, 
        0.02325580313683575, 
        0.02325580313683575, 
        0.05116276690103865, 
        0.05116276690103865, 
        0.06046508815577295, 
        0.05116276690103865, 
        0.093023212547343, 
        0.08372089129260869, 
        0.05116276690103865, 
        0.041860445646304346, 
        0.0465116062736715, 
        0.041860445646304346, 
        0.03255812439157005, 
        0.0093023212547343, 
        0.0372092850189372, 
        0.02325580313683575, 
        0.041860445646304346, 
        0.03255812439157005
    ], 
    "signals_b_s_c_l": [
        -11.512925464970229, 
        -11.512925464970229, 
        -11.512925464970229, 
        -11.512925464970229, 
        -11.512925464970229, 
        -11.512925464970229, 
        -11.512925464970229, 
        -11.512925464970229, 
        -11.512925464970229, 
        -11.512925464970229, 
        -11.512925464970229, 
        -11.512925464970229, 
        -11.512925464970229, 
        -11.512925464970229, 
        -11.512925464970229, 
        -11.512925464970229, 
        -11.512925464970229, 
        -11.512925464970229, 
        -11.512925464970229, 
        -11.512925464970229, 
        -11.512925464970229, 
        -11.512925464970229, 
        -11.512925464970229, 
        -11.512925464970229, 
        -11.512925464970229, 
        -11.512925464970229, 
        -11.512925464970229, 
        -11.512925464970229, 
        -11.512925464970229, 
        -11.512925464970229, 
        -11.512925464970229, 
        -11.512925464970229, 
        -11.512925464970229, 
        -11.512925464970229, 
        -11.512925464970229, 
        -11.512925464970229, 
        -3.2909282375458435, 
        -3.0678384232589972, 
        -3.0678384232589972, 
        -2.9725477849078685, 
        -2.731427603919471, 
        -2.374798725417559, 
        -2.0747220007431117, 
        -2.0032685280399254, 
        -2.0032685280399254, 
        -1.8152290050410793, 
        -2.0747220007431117, 
        -2.0747220007431117, 
        -2.0032685280399254, 
        -1.7596624741526865, 
        -1.7870598343210262, 
        -1.7596624741526865, 
        -1.9048354051698384, 
        -1.9365819362926577, 
        -1.9048354051698384, 
        -2.0383572002665047, 
        -1.8740657823541687, 
        -1.7596624741526863, 
        -1.7329957561442935, 
        -1.8740657823541689
    ], 
    "original_signals": [
        0, 
        0, 
        0, 
        0, 
        0, 
        0, 
        0, 
        0, 
        0, 
        0, 
        0, 
        0, 
        0, 
        0, 
        0, 
        0, 
        0, 
        0, 
        0, 
        0, 
        0, 
        0, 
        0, 
        0, 
        0, 
        0, 
        0, 
        0, 
        0, 
        0, 
        0, 
        0, 
        0, 
        0, 
        0, 
        8, 
        6, 
        6, 
        7, 
        4, 
        10, 
        3, 
        5, 
        5, 
        11, 
        11, 
        13, 
        11, 
        20, 
        18, 
        11, 
        9, 
        10, 
        9, 
        7, 
        2, 
        8, 
        5, 
        9, 
        7
    ]
}