{
    "signals_b_s": [
        0.0, 
        0.0, 
        0.0, 
        0.0, 
        0.0, 
        0.0, 
        0.0, 
        0.0, 
        0.0, 
        0.0, 
        0.0, 
        0.0, 
        0.0, 
        0.0, 
        0.0, 
        0.0, 
        0.0, 
        0.0, 
        0.0, 
        0.0, 
        0.0, 
        0.0, 
        0.0, 
        0.0, 
        0.0, 
        0.0, 
        0.0, 
        0.0, 
        0.0, 
        0.0, 
        0.0, 
        0.0, 
        0.008264455979788447, 
        0.008264455979788447, 
        0.008264455979788447, 
        0.0, 
        0.04958673587873068, 
        0.008264455979788449, 
        0.04132227989894223, 
        0.0, 
        0.016528911959576897, 
        0.08264455979788446, 
        0.03305782391915378, 
        0.06611564783830756, 
        0.016528911959576897, 
        0.008264455979788449, 
        0.008264455979788449, 
        0.03305782391915379, 
        0.02479336793936534, 
        0.04958673587873068, 
        0.04132227989894223, 
        0.008264455979788447, 
        0.008264455979788447, 
        0.008264455979788447, 
        0.016528911959576894, 
        0.0, 
        0.0, 
        0.0, 
        0.0, 
        0.0
    ], 
    "signals_b_s_c": [
        0.0, 
        0.0, 
        0.0, 
        0.0, 
        0.0, 
        0.0, 
        0.0, 
        0.0, 
        0.0, 
        0.0, 
        0.0, 
        0.0, 
        0.0, 
        0.0, 
        0.0, 
        0.0, 
        0.0, 
        0.0, 
        0.0, 
        0.0, 
        0.0, 
        0.0, 
        0.0, 
        0.0, 
        0.0, 
        0.0, 
        0.0, 
        0.0, 
        0.0, 
        0.0, 
        0.0, 
        0.0, 
        0.0, 
        0.008264455979788447, 
        0.016528911959576894, 
        0.02479336793936534, 
        0.02479336793936534, 
        0.07438010381809601, 
        0.08264455979788446, 
        0.12396683969682669, 
        0.12396683969682669, 
        0.1404957516564036, 
        0.22314031145428806, 
        0.2479336793936534, 
        0.30578487125217246, 
        0.31404932723196094, 
        0.3223137832117494, 
        0.2809915033128071, 
        0.30578487125217246, 
        0.28925595929259557, 
        0.33884269517132626, 
        0.36363606311069163, 
        0.28925595929259557, 
        0.26446259135323025, 
        0.20661139949471116, 
        0.20661139949471116, 
        0.19834694351492274, 
        0.19008248753513426, 
        0.15702466361598047, 
        0.13223129567661515
    ], 
    "signals_b": [
        0.0, 
        0.0, 
        0.0, 
        0.0, 
        0.0, 
        0.0, 
        0.0, 
        0.0, 
        0.0, 
        0.0, 
        0.0, 
        0.0, 
        0.0, 
        0.0, 
        0.0, 
        0.0, 
        0.0, 
        0.0, 
        0.0, 
        0.0, 
        0.0, 
        0.0, 
        0.0, 
        0.0, 
        0.0, 
        0.0, 
        0.0, 
        0.0, 
        0.0, 
        0.0, 
        0.0, 
        0.0, 
        0.008264455979788447, 
        0.0, 
        0.008264455979788447, 
        0.008264455979788447, 
        0.05785119185851913, 
        0.04958673587873068, 
        0.09090901577767291, 
        0.09090901577767291, 
        0.07438010381809601, 
        0.15702466361598047, 
        0.12396683969682669, 
        0.05785119185851913, 
        0.04132227989894223, 
        0.04958673587873068, 
        0.05785119185851913, 
        0.02479336793936534, 
        0.0, 
        0.04958673587873068, 
        0.008264455979788447, 
        0.016528911959576894, 
        0.008264455979788447, 
        0.016528911959576894, 
        0.0, 
        0.0, 
        0.0, 
        0.0, 
        0.0, 
        0.0
    ], 
    "signals_b_s_c_l": [
        -11.512925464970229, 
        -11.512925464970229, 
        -11.512925464970229, 
        -11.512925464970229, 
        -11.512925464970229, 
        -11.512925464970229, 
        -11.512925464970229, 
        -11.512925464970229, 
        -11.512925464970229, 
        -11.512925464970229, 
        -11.512925464970229, 
        -11.512925464970229, 
        -11.512925464970229, 
        -11.512925464970229, 
        -11.512925464970229, 
        -11.512925464970229, 
        -11.512925464970229, 
        -11.512925464970229, 
        -11.512925464970229, 
        -11.512925464970229, 
        -11.512925464970229, 
        -11.512925464970229, 
        -11.512925464970229, 
        -11.512925464970229, 
        -11.512925464970229, 
        -11.512925464970229, 
        -11.512925464970229, 
        -11.512925464970229, 
        -11.512925464970229, 
        -11.512925464970229, 
        -11.512925464970229, 
        -11.512925464970229, 
        -11.512925464970229, 
        -4.794582102503904, 
        -4.102039373921756, 
        -3.696775831025063, 
        -3.696775831025063, 
        -2.598432359187765, 
        -2.4930852862685566, 
        -2.0876605074605235, 
        -2.0876605074605235, 
        -1.9625068539899815, 
        -1.499909692190655, 
        -1.3945536578272268, 
        -1.1848407572034492, 
        -1.158173370691666, 
        -1.1321987007276535, 
        -1.2693952597950608, 
        -1.1848407572034492, 
        -1.2404087396937034, 
        -1.0821897935543376, 
        -1.0115742384798108, 
        -1.2404087396937034, 
        -1.3300176574265798, 
        -1.576867148305724, 
        -1.576867148305724, 
        -1.617687126257281, 
        -1.6602445487581916, 
        -1.8512887106408389, 
        -2.02312702759983
    ], 
    "original_signals": [
        0, 
        0, 
        0, 
        0, 
        0, 
        0, 
        0, 
        0, 
        0, 
        0, 
        0, 
        0, 
        0, 
        0, 
        0, 
        0, 
        0, 
        0, 
        0, 
        0, 
        0, 
        0, 
        0, 
        0, 
        0, 
        0, 
        0, 
        0, 
        0, 
        0, 
        0, 
        0, 
        1, 
        0, 
        1, 
        1, 
        7, 
        6, 
        11, 
        11, 
        9, 
        19, 
        15, 
        7, 
        5, 
        6, 
        7, 
        3, 
        0, 
        6, 
        1, 
        2, 
        1, 
        2, 
        0, 
        0, 
        0, 
        0, 
        0, 
        0
    ]
}