{
    "signals_b_s": [
        0.0, 
        0.0, 
        0.0, 
        0.0, 
        0.0, 
        0.0, 
        0.0, 
        0.0, 
        0.0, 
        0.0, 
        0.0, 
        0.0, 
        0.0, 
        0.0, 
        0.0, 
        0.0, 
        0.0, 
        0.0, 
        0.0, 
        0.0, 
        0.0, 
        0.0, 
        0.0, 
        0.0, 
        0.0, 
        0.0, 
        0.0, 
        0.005434779655011057, 
        0.005434779655011057, 
        0.010869559310022115, 
        0.010869559310022115, 
        0.005434779655011057, 
        0.005434779655011057, 
        0.0, 
        0.0, 
        0.005434779655011057, 
        0.005434779655011057, 
        0.005434779655011057, 
        0.04891301689509951, 
        0.00543477965501106, 
        0.010869559310022113, 
        0.010869559310022113, 
        0.04891301689509951, 
        0.00543477965501106, 
        0.01630433896503318, 
        0.06521735586013269, 
        0.005434779655011053, 
        0.016304338965033173, 
        0.00543477965501106, 
        0.021739118620044226, 
        0.04891301689509951, 
        0.032608677930066346, 
        0.02717389827505529, 
        0.010869559310022116, 
        0.016304338965033173, 
        0.016304338965033173, 
        0.016304338965033173, 
        0.027173898275055286, 
        0.02173911862004423, 
        0.00543477965501106
    ], 
    "signals_b_s_c": [
        0.0, 
        0.0, 
        0.0, 
        0.0, 
        0.0, 
        0.0, 
        0.0, 
        0.0, 
        0.0, 
        0.0, 
        0.0, 
        0.0, 
        0.0, 
        0.0, 
        0.0, 
        0.0, 
        0.0, 
        0.0, 
        0.0, 
        0.0, 
        0.0, 
        0.0, 
        0.0, 
        0.0, 
        0.0, 
        0.0, 
        0.0, 
        0.0, 
        0.005434779655011057, 
        0.010869559310022115, 
        0.02173911862004423, 
        0.032608677930066346, 
        0.038043457585077406, 
        0.043478237240088466, 
        0.043478237240088466, 
        0.043478237240088466, 
        0.048913016895099526, 
        0.054347796550110586, 
        0.054347796550110586, 
        0.09782603379019904, 
        0.09239125413518798, 
        0.09239125413518798, 
        0.09782603379019902, 
        0.14130427103028748, 
        0.14673905068529852, 
        0.16304338965033172, 
        0.22282596585545336, 
        0.22282596585545336, 
        0.23369552516547548, 
        0.190217287925387, 
        0.2065216268904202, 
        0.24456508447549763, 
        0.2663042030955418, 
        0.24456508447549757, 
        0.24999986413050865, 
        0.24999986413050862, 
        0.20108684723540912, 
        0.21195640654543124, 
        0.22282596585545333, 
        0.23913030482048653
    ], 
    "signals_b": [
        0.0, 
        0.0, 
        0.0, 
        0.0, 
        0.0, 
        0.0, 
        0.0, 
        0.0, 
        0.0, 
        0.0, 
        0.0, 
        0.0, 
        0.0, 
        0.0, 
        0.0, 
        0.0, 
        0.0, 
        0.0, 
        0.0, 
        0.0, 
        0.0, 
        0.0, 
        0.0, 
        0.0, 
        0.0, 
        0.0, 
        0.0, 
        0.005434779655011057, 
        0.0, 
        0.010869559310022115, 
        0.0, 
        0.005434779655011057, 
        0.0, 
        0.0, 
        0.0, 
        0.005434779655011057, 
        0.0, 
        0.005434779655011057, 
        0.05434779655011057, 
        0.04891301689509951, 
        0.0380434575850774, 
        0.04891301689509951, 
        0.09782603379019902, 
        0.09239125413518796, 
        0.10869559310022114, 
        0.04347823724008846, 
        0.04891301689509951, 
        0.03260867793006634, 
        0.0380434575850774, 
        0.059782576205121625, 
        0.010869559310022115, 
        0.04347823724008846, 
        0.01630433896503317, 
        0.027173898275055286, 
        0.04347823724008846, 
        0.027173898275055286, 
        0.010869559310022115, 
        0.0380434575850774, 
        0.01630433896503317, 
        0.02173911862004423
    ], 
    "signals_b_s_c_l": [
        -11.512925464970229, 
        -11.512925464970229, 
        -11.512925464970229, 
        -11.512925464970229, 
        -11.512925464970229, 
        -11.512925464970229, 
        -11.512925464970229, 
        -11.512925464970229, 
        -11.512925464970229, 
        -11.512925464970229, 
        -11.512925464970229, 
        -11.512925464970229, 
        -11.512925464970229, 
        -11.512925464970229, 
        -11.512925464970229, 
        -11.512925464970229, 
        -11.512925464970229, 
        -11.512925464970229, 
        -11.512925464970229, 
        -11.512925464970229, 
        -11.512925464970229, 
        -11.512925464970229, 
        -11.512925464970229, 
        -11.512925464970229, 
        -11.512925464970229, 
        -11.512925464970229, 
        -11.512925464970229, 
        -11.512925464970229, 
        -5.213097990815296, 
        -4.52086954296823, 
        -3.828182045484889, 
        -3.4228702120383723, 
        -3.2687633292869944, 
        -3.1352647857282365, 
        -3.1352647857282365, 
        -3.1352647857282365, 
        -3.0175073000912636, 
        -2.912167224918995, 
        -2.912167224918995, 
        -2.3244623261374975, 
        -2.3816147275349646, 
        -2.3816147275349646, 
        -2.3244623261374975, 
        -1.9567689963004127, 
        -1.9190312892195667, 
        -1.8136775879390907, 
        -1.5013193573166108, 
        -1.5013193573166108, 
        -1.4536933955881028, 
        -1.6595356695223729, 
        -1.5773017214540281, 
        -1.4082329232415964, 
        -1.3230784526406785, 
        -1.4082329232415967, 
        -1.3862549053762443, 
        -1.3862549053762443, 
        -1.6039686599226008, 
        -1.55132747655755, 
        -1.5013193573166108, 
        -1.4307048498386488
    ], 
    "original_signals": [
        0, 
        0, 
        0, 
        0, 
        0, 
        0, 
        0, 
        0, 
        0, 
        0, 
        0, 
        0, 
        0, 
        0, 
        0, 
        0, 
        0, 
        0, 
        0, 
        0, 
        0, 
        0, 
        0, 
        0, 
        0, 
        0, 
        0, 
        1, 
        0, 
        2, 
        0, 
        1, 
        0, 
        0, 
        0, 
        1, 
        0, 
        1, 
        10, 
        9, 
        7, 
        9, 
        18, 
        17, 
        20, 
        8, 
        9, 
        6, 
        7, 
        11, 
        2, 
        8, 
        3, 
        5, 
        8, 
        5, 
        2, 
        7, 
        3, 
        4
    ]
}