{
    "signals_b_s": [
        0.0, 
        0.0, 
        0.0, 
        0.013698611371765243, 
        0.013698611371765243, 
        0.0, 
        0.0, 
        0.0, 
        0.0, 
        0.013698611371765243, 
        0.0, 
        0.013698611371765243, 
        0.013698611371765243, 
        0.013698611371765243, 
        0.0, 
        0.027397222743530486, 
        0.013698611371765243, 
        0.013698611371765243, 
        0.0, 
        0.0, 
        0.0, 
        0.013698611371765243, 
        0.0, 
        0.027397222743530486, 
        0.013698611371765243, 
        0.027397222743530486, 
        0.027397222743530486, 
        0.013698611371765243, 
        0.0, 
        0.013698611371765243, 
        0.0, 
        0.04109583411529573, 
        0.05479444548706097, 
        0.05479444548706097, 
        0.027397222743530486, 
        0.013698611371765243, 
        0.027397222743530486, 
        0.013698611371765243, 
        0.0, 
        0.04109583411529573, 
        0.0, 
        0.06849305685882622, 
        0.013698611371765243, 
        0.013698611371765243, 
        0.027397222743530486, 
        0.013698611371765243, 
        0.0, 
        0.0, 
        0.0, 
        0.013698611371765243, 
        0.013698611371765243, 
        0.013698611371765243, 
        0.013698611371765243, 
        0.013698611371765243, 
        0.013698611371765243, 
        0.013698611371765243, 
        0.013698611371765243, 
        0.0, 
        0.0, 
        0.0
    ], 
    "signals_b_s_c": [
        0.0, 
        0.0, 
        0.0, 
        0.0, 
        0.013698611371765243, 
        0.027397222743530486, 
        0.027397222743530486, 
        0.027397222743530486, 
        0.027397222743530486, 
        0.027397222743530486, 
        0.04109583411529573, 
        0.04109583411529573, 
        0.05479444548706097, 
        0.06849305685882622, 
        0.06849305685882622, 
        0.05479444548706097, 
        0.08219166823059146, 
        0.0958902796023567, 
        0.10958889097412194, 
        0.10958889097412194, 
        0.0958902796023567, 
        0.0958902796023567, 
        0.0958902796023567, 
        0.08219166823059146, 
        0.0958902796023567, 
        0.10958889097412194, 
        0.10958889097412194, 
        0.12328750234588719, 
        0.12328750234588719, 
        0.12328750234588719, 
        0.13698611371765243, 
        0.13698611371765243, 
        0.16438333646118292, 
        0.2191777819482439, 
        0.24657500469177437, 
        0.2602736160635396, 
        0.24657500469177435, 
        0.24657500469177437, 
        0.24657500469177435, 
        0.24657500469177435, 
        0.2739722274353048, 
        0.2739722274353048, 
        0.3013694501788353, 
        0.26027361606353966, 
        0.2191777819482439, 
        0.21917778194824392, 
        0.2191777819482439, 
        0.19178055920471337, 
        0.17808194783294817, 
        0.17808194783294817, 
        0.15068472508941766, 
        0.16438333646118292, 
        0.10958889097412194, 
        0.10958889097412194, 
        0.10958889097412194, 
        0.0958902796023567, 
        0.0958902796023567, 
        0.10958889097412194, 
        0.10958889097412194, 
        0.10958889097412194
    ], 
    "signals_b": [
        0.0, 
        0.0, 
        0.0, 
        0.013698611371765243, 
        0.0, 
        0.0, 
        0.0, 
        0.0, 
        0.0, 
        0.013698611371765243, 
        0.013698611371765243, 
        0.0, 
        0.013698611371765243, 
        0.0, 
        0.0, 
        0.027397222743530486, 
        0.013698611371765243, 
        0.0, 
        0.0, 
        0.0, 
        0.0, 
        0.013698611371765243, 
        0.013698611371765243, 
        0.04109583411529573, 
        0.027397222743530486, 
        0.0, 
        0.027397222743530486, 
        0.013698611371765243, 
        0.013698611371765243, 
        0.027397222743530486, 
        0.027397222743530486, 
        0.06849305685882622, 
        0.013698611371765243, 
        0.06849305685882622, 
        0.04109583411529573, 
        0.05479444548706097, 
        0.027397222743530486, 
        0.04109583411529573, 
        0.04109583411529573, 
        0.08219166823059146, 
        0.08219166823059146, 
        0.013698611371765243, 
        0.027397222743530486, 
        0.04109583411529573, 
        0.013698611371765243, 
        0.0, 
        0.0, 
        0.0, 
        0.0, 
        0.013698611371765243, 
        0.0, 
        0.013698611371765243, 
        0.0, 
        0.013698611371765243, 
        0.027397222743530486, 
        0.013698611371765243, 
        0.0, 
        0.0, 
        0.0, 
        0.0
    ], 
    "signals_b_s_c_l": [
        -11.512925464970229, 
        -11.512925464970229, 
        -11.512925464970229, 
        -11.512925464970229, 
        -4.289731076331595, 
        -3.596948696546999, 
        -3.596948696546999, 
        -3.596948696546999, 
        -3.596948696546999, 
        -3.596948696546999, 
        -3.191605218276525, 
        -3.191605218276525, 
        -2.9039839662917206, 
        -2.6808769090333584, 
        -2.6808769090333584, 
        -2.9039839662917206, 
        -2.498579682349887, 
        -2.3444463815354024, 
        -2.21092802336867, 
        -2.21092802336867, 
        -2.3444463815354024, 
        -2.3444463815354024, 
        -2.3444463815354024, 
        -2.498579682349887, 
        -2.3444463815354024, 
        -2.21092802336867, 
        -2.21092802336867, 
        -2.0931551257413625, 
        -2.0931551257413625, 
        -2.0931551257413625, 
        -1.9878027205807984, 
        -1.9878027205807984, 
        -1.805493329656077, 
        -1.517826464748977, 
        -1.4000484983255475, 
        -1.3459834114768348, 
        -1.4000484983255475, 
        -1.4000484983255475, 
        -1.4000484983255475, 
        -1.4000484983255475, 
        -1.2946920380725864, 
        -1.2946920380725864, 
        -1.1993851763390204, 
        -1.3459834114768345, 
        -1.517826464748977, 
        -1.5178264647489768, 
        -1.517826464748977, 
        -1.651351339826032, 
        -1.7254553012024254, 
        -1.7254553012024254, 
        -1.8924991766867982, 
        -1.805493329656077, 
        -2.21092802336867, 
        -2.21092802336867, 
        -2.21092802336867, 
        -2.3444463815354024, 
        -2.3444463815354024, 
        -2.21092802336867, 
        -2.21092802336867, 
        -2.21092802336867
    ], 
    "original_signals": [
        0, 
        0, 
        0, 
        1, 
        0, 
        0, 
        0, 
        0, 
        0, 
        1, 
        1, 
        0, 
        1, 
        0, 
        0, 
        2, 
        1, 
        0, 
        0, 
        0, 
        0, 
        1, 
        1, 
        3, 
        2, 
        0, 
        2, 
        1, 
        1, 
        2, 
        2, 
        5, 
        1, 
        5, 
        3, 
        4, 
        2, 
        3, 
        3, 
        6, 
        6, 
        1, 
        2, 
        3, 
        1, 
        0, 
        0, 
        0, 
        0, 
        1, 
        0, 
        1, 
        0, 
        1, 
        2, 
        1, 
        0, 
        0, 
        0, 
        0
    ]
}