{
    "signals_b_s": [
        0.0, 
        0.0, 
        0.0, 
        0.0, 
        0.0, 
        0.0, 
        0.0, 
        0.0, 
        0.0, 
        0.008695644612482945, 
        0.008695644612482945, 
        0.0, 
        0.0, 
        0.0, 
        0.0, 
        0.0, 
        0.0, 
        0.008695644612482945, 
        0.008695644612482945, 
        0.0, 
        0.008695644612482945, 
        0.008695644612482945, 
        0.0, 
        0.0, 
        0.0, 
        0.01739128922496589, 
        0.0, 
        0.008695644612482945, 
        0.017391289224965894, 
        0.05217386767489767, 
        0.06956515689986356, 
        0.03478257844993178, 
        0.03478257844993178, 
        0.017391289224965894, 
        0.0, 
        0.008695644612482949, 
        0.03478257844993178, 
        0.01739128922496589, 
        0.02608693383744884, 
        0.017391289224965894, 
        0.008695644612482945, 
        0.0, 
        0.05217386767489767, 
        0.05217386767489767, 
        0.008695644612482945, 
        0.04347822306241472, 
        0.01739128922496589, 
        0.04347822306241472, 
        0.026086933837448836, 
        0.0, 
        0.008695644612482945, 
        0.008695644612482945, 
        0.008695644612482945, 
        0.008695644612482945, 
        0.01739128922496589, 
        0.05217386767489767, 
        0.05217386767489767, 
        0.0, 
        0.026086933837448836, 
        0.03478257844993178
    ], 
    "signals_b_s_c": [
        0.0, 
        0.0, 
        0.0, 
        0.0, 
        0.0, 
        0.0, 
        0.0, 
        0.0, 
        0.0, 
        0.0, 
        0.008695644612482945, 
        0.01739128922496589, 
        0.01739128922496589, 
        0.01739128922496589, 
        0.01739128922496589, 
        0.01739128922496589, 
        0.01739128922496589, 
        0.01739128922496589, 
        0.026086933837448836, 
        0.03478257844993178, 
        0.026086933837448836, 
        0.026086933837448836, 
        0.03478257844993178, 
        0.03478257844993178, 
        0.03478257844993178, 
        0.03478257844993178, 
        0.05217386767489767, 
        0.05217386767489767, 
        0.052173867674897664, 
        0.06086951228738062, 
        0.11304337996227828, 
        0.17391289224965892, 
        0.19999982608710776, 
        0.23478240453703952, 
        0.25217369376200544, 
        0.25217369376200544, 
        0.24347804914952245, 
        0.27826062759945425, 
        0.2869562722119372, 
        0.29565191682442016, 
        0.2608693383744884, 
        0.19999982608710773, 
        0.16521724763717596, 
        0.18260853686214187, 
        0.21739111531207364, 
        0.2260867599245566, 
        0.2608693383744884, 
        0.24347804914952248, 
        0.2695649829869713, 
        0.2695649829869713, 
        0.2521736937620054, 
        0.2521736937620054, 
        0.26086933837448834, 
        0.21739111531207367, 
        0.17391289224965895, 
        0.18260853686214187, 
        0.19130418147462477, 
        0.22608675992455657, 
        0.18260853686214185, 
        0.18260853686214185
    ], 
    "signals_b": [
        0.0, 
        0.0, 
        0.0, 
        0.0, 
        0.0, 
        0.0, 
        0.0, 
        0.0, 
        0.0, 
        0.008695644612482945, 
        0.0, 
        0.0, 
        0.0, 
        0.0, 
        0.0, 
        0.0, 
        0.0, 
        0.008695644612482945, 
        0.0, 
        0.0, 
        0.008695644612482945, 
        0.0, 
        0.0, 
        0.0, 
        0.0, 
        0.01739128922496589, 
        0.01739128922496589, 
        0.026086933837448836, 
        0.04347822306241473, 
        0.0956520907373124, 
        0.026086933837448836, 
        0.06086951228738062, 
        0.026086933837448836, 
        0.04347822306241473, 
        0.04347822306241473, 
        0.03478257844993178, 
        0.0, 
        0.01739128922496589, 
        0.04347822306241473, 
        0.026086933837448836, 
        0.01739128922496589, 
        0.01739128922496589, 
        0.06956515689986356, 
        0.01739128922496589, 
        0.008695644612482945, 
        0.05217386767489767, 
        0.06956515689986356, 
        0.026086933837448836, 
        0.0, 
        0.0, 
        0.008695644612482945, 
        0.0, 
        0.008695644612482945, 
        0.01739128922496589, 
        0.0, 
        0.05217386767489767, 
        0.0, 
        0.0, 
        0.026086933837448836, 
        0.06086951228738062
    ], 
    "signals_b_s_c_l": [
        -11.512925464970229, 
        -11.512925464970229, 
        -11.512925464970229, 
        -11.512925464970229, 
        -11.512925464970229, 
        -11.512925464970229, 
        -11.512925464970229, 
        -11.512925464970229, 
        -11.512925464970229, 
        -11.512925464970229, 
        -4.743783657672717, 
        -4.051210982117589, 
        -4.051210982117589, 
        -4.051210982117589, 
        -4.051210982117589, 
        -4.051210982117589, 
        -4.051210982117589, 
        -4.051210982117589, 
        -3.645937449046892, 
        -3.3583511778784763, 
        -3.645937449046892, 
        -3.645937449046892, 
        -3.3583511778784763, 
        -3.3583511778784763, 
        -3.3583511778784763, 
        -3.3583511778784763, 
        -2.952981880232442, 
        -2.952981880232442, 
        -2.952981880232442, 
        -2.7988585765090765, 
        -2.179895182763666, 
        -1.7491432259771629, 
        -1.609388783205422, 
        -1.449053540201171, 
        -1.3775975135209657, 
        -1.3775975135209657, 
        -1.4126874171320094, 
        -1.2791611582428504, 
        -1.248390588553653, 
        -1.218538650325108, 
        -1.343697283633972, 
        -1.609388783205422, 
        -1.8004334942248745, 
        -1.7003557997516663, 
        -1.526011174077858, 
        -1.4867922300770682, 
        -1.343697283633972, 
        -1.4126874171320092, 
        -1.3109086973245612, 
        -1.3109086973245612, 
        -1.377597513520966, 
        -1.377597513520966, 
        -1.3436972836339722, 
        -1.526011174077858, 
        -1.7491432259771627, 
        -1.7003557997516663, 
        -1.6538382731632202, 
        -1.4867922300770684, 
        -1.7003557997516665, 
        -1.7003557997516665
    ], 
    "original_signals": [
        0, 
        0, 
        0, 
        0, 
        0, 
        0, 
        0, 
        0, 
        0, 
        1, 
        0, 
        0, 
        0, 
        0, 
        0, 
        0, 
        0, 
        1, 
        0, 
        0, 
        1, 
        0, 
        0, 
        0, 
        0, 
        2, 
        2, 
        3, 
        5, 
        11, 
        3, 
        7, 
        3, 
        5, 
        5, 
        4, 
        0, 
        2, 
        5, 
        3, 
        2, 
        2, 
        8, 
        2, 
        1, 
        6, 
        8, 
        3, 
        0, 
        0, 
        1, 
        0, 
        1, 
        2, 
        0, 
        6, 
        0, 
        0, 
        3, 
        7
    ]
}