{
    "signals_b_s": [
        0.0, 
        0.0, 
        0.0, 
        0.0, 
        0.0, 
        0.006060602387513704, 
        0.006060602387513704, 
        0.006060602387513704, 
        0.006060602387513704, 
        0.012121204775027409, 
        0.012121204775027409, 
        0.012121204775027409, 
        0.0, 
        0.006060602387513704, 
        0.006060602387513704, 
        0.006060602387513704, 
        0.006060602387513704, 
        0.012121204775027409, 
        0.006060602387513704, 
        0.01212120477502741, 
        0.018181807162541114, 
        0.0, 
        0.03030301193756852, 
        0.024242409550054817, 
        0.006060602387513704, 
        0.018181807162541114, 
        0.018181807162541114, 
        0.006060602387513705, 
        0.0, 
        0.01212120477502741, 
        0.0, 
        0.01212120477502741, 
        0.006060602387513703, 
        0.006060602387513703, 
        0.006060602387513707, 
        0.012121204775027407, 
        0.0060606023875137, 
        0.030303011937568528, 
        0.02424240955005482, 
        0.018181807162541114, 
        0.012121204775027407, 
        0.006060602387513707, 
        0.01212120477502741, 
        0.01212120477502741, 
        0.018181807162541114, 
        0.012121204775027407, 
        0.018181807162541114, 
        0.03030301193756852, 
        0.01212120477502741, 
        0.024242409550054817, 
        0.024242409550054817, 
        0.07272722865016445, 
        0.024242409550054814, 
        0.03636361432508223, 
        0.01212120477502741, 
        0.01212120477502741, 
        0.006060602387513705, 
        0.012121204775027409, 
        0.012121204775027409, 
        0.012121204775027409
    ], 
    "signals_b_s_c": [
        0.0, 
        0.0, 
        0.0, 
        0.0, 
        0.0, 
        0.0, 
        0.006060602387513704, 
        0.012121204775027409, 
        0.018181807162541114, 
        0.024242409550054817, 
        0.03636361432508223, 
        0.048484819100109634, 
        0.06060602387513704, 
        0.06060602387513704, 
        0.06666662626265074, 
        0.07272722865016444, 
        0.07272722865016444, 
        0.07272722865016445, 
        0.07878783103767817, 
        0.07878783103767817, 
        0.07878783103767817, 
        0.08484843342519187, 
        0.07272722865016445, 
        0.10303024058773297, 
        0.1212120477502741, 
        0.12121204775027408, 
        0.13333325252530148, 
        0.1454544573003289, 
        0.1393938549128152, 
        0.13333325252530148, 
        0.13333325252530148, 
        0.1151514453627604, 
        0.1272726501377878, 
        0.10303024058773297, 
        0.08484843342519185, 
        0.08484843342519185, 
        0.07878783103767814, 
        0.06666662626265074, 
        0.09090903581270557, 
        0.1151514453627604, 
        0.12121204775027408, 
        0.13333325252530148, 
        0.1272726501377878, 
        0.13333325252530148, 
        0.1393938549128152, 
        0.15151505968784262, 
        0.15151505968784262, 
        0.16363626446287002, 
        0.16363626446287002, 
        0.1515150596878426, 
        0.1575756620753563, 
        0.16969686685038374, 
        0.23636349311303448, 
        0.24848469788806188, 
        0.2727271074381167, 
        0.266666505050603, 
        0.266666505050603, 
        0.25454530027557554, 
        0.23636349311303442, 
        0.23636349311303445
    ], 
    "signals_b": [
        0.0, 
        0.0, 
        0.0, 
        0.0, 
        0.0, 
        0.006060602387513704, 
        0.0, 
        0.006060602387513704, 
        0.0, 
        0.012121204775027409, 
        0.0, 
        0.012121204775027409, 
        0.012121204775027409, 
        0.006060602387513704, 
        0.012121204775027409, 
        0.006060602387513704, 
        0.012121204775027409, 
        0.0, 
        0.006060602387513704, 
        0.018181807162541114, 
        0.0, 
        0.0, 
        0.03030301193756852, 
        0.006060602387513704, 
        0.012121204775027409, 
        0.03030301193756852, 
        0.012121204775027409, 
        0.018181807162541114, 
        0.018181807162541114, 
        0.006060602387513704, 
        0.006060602387513704, 
        0.018181807162541114, 
        0.024242409550054817, 
        0.03030301193756852, 
        0.03636361432508223, 
        0.048484819100109634, 
        0.042424216712595934, 
        0.012121204775027409, 
        0.03636361432508223, 
        0.018181807162541114, 
        0.03030301193756852, 
        0.03636361432508223, 
        0.024242409550054817, 
        0.03636361432508223, 
        0.018181807162541114, 
        0.03030301193756852, 
        0.048484819100109634, 
        0.018181807162541114, 
        0.006060602387513704, 
        0.03030301193756852, 
        0.006060602387513704, 
        0.07878783103767815, 
        0.05454542148762334, 
        0.018181807162541114, 
        0.006060602387513704, 
        0.018181807162541114, 
        0.012121204775027409, 
        0.0, 
        0.012121204775027409, 
        0.0
    ], 
    "signals_b_s_c_l": [
        -11.512925464970229, 
        -11.512925464970229, 
        -11.512925464970229, 
        -11.512925464970229, 
        -11.512925464970229, 
        -11.512925464970229, 
        -5.104297438717126, 
        -4.411974239026914, 
        -4.006783942154308, 
        -3.7192393036459515, 
        -3.3139116483718962, 
        -3.0262983094228, 
        -2.8031960004779766, 
        -2.8031960004779766, 
        -2.707900818320612, 
        -2.6209019395419397, 
        -2.6209019395419397, 
        -2.6209019395419393, 
        -2.540869807399682, 
        -2.540869807399682, 
        -2.540869807399682, 
        -2.4667709000760745, 
        -2.6209019395419393, 
        -2.2726356817323428, 
        -2.110131309759954, 
        -2.110131309759954, 
        -2.0148286293695956, 
        -1.9278235019345664, 
        -1.9703801274310717, 
        -2.0148286293695956, 
        -2.0148286293695956, 
        -2.16142026240723, 
        -2.061345073847966, 
        -2.2726356817323428, 
        -2.4667709000760745, 
        -2.4667709000760745, 
        -2.5408698073996825, 
        -2.707900818320612, 
        -2.39778588484169, 
        -2.16142026240723, 
        -2.110131309759954, 
        -2.0148286293695956, 
        -2.061345073847966, 
        -2.0148286293695956, 
        -1.9703801274310717, 
        -1.8870042572307089, 
        -1.8870042572307089, 
        -1.810048104675736, 
        -1.810048104675736, 
        -1.887004257230709, 
        -1.8477860823761985, 
        -1.7736826429148782, 
        -1.442342127008354, 
        -1.392333770139631, 
        -1.299246924174001, 
        -1.3217189467231227, 
        -1.3217189467231227, 
        -1.368237176711204, 
        -1.4423421270083543, 
        -1.4423421270083543
    ], 
    "original_signals": [
        0, 
        0, 
        0, 
        0, 
        0, 
        1, 
        0, 
        1, 
        0, 
        2, 
        0, 
        2, 
        2, 
        1, 
        2, 
        1, 
        2, 
        0, 
        1, 
        3, 
        0, 
        0, 
        5, 
        1, 
        2, 
        5, 
        2, 
        3, 
        3, 
        1, 
        1, 
        3, 
        4, 
        5, 
        6, 
        8, 
        7, 
        2, 
        6, 
        3, 
        5, 
        6, 
        4, 
        6, 
        3, 
        5, 
        8, 
        3, 
        1, 
        5, 
        1, 
        13, 
        9, 
        3, 
        1, 
        3, 
        2, 
        0, 
        2, 
        0
    ]
}