{
    "signals_b_s": [
        0.0, 
        0.0, 
        0.0, 
        0.0, 
        0.0, 
        0.0, 
        0.0, 
        0.0, 
        0.0, 
        0.0, 
        0.0, 
        0.0, 
        0.0, 
        0.0, 
        0.0, 
        0.0, 
        0.0, 
        0.0, 
        0.0, 
        0.0, 
        0.0, 
        0.0, 
        0.0, 
        0.0, 
        0.0, 
        0.0, 
        0.0, 
        0.0, 
        0.0, 
        0.0, 
        0.0, 
        0.0, 
        0.0, 
        0.0, 
        0.009523800453523378, 
        0.028571401360570133, 
        0.019047600907046755, 
        0.00952380045352337, 
        0.019047600907046748, 
        0.009523800453523378, 
        0.08571420408171039, 
        0.057142802721140265, 
        0.019047600907046755, 
        0.0, 
        0.009523800453523384, 
        0.057142802721140265, 
        0.019047600907046755, 
        0.019047600907046755, 
        0.0, 
        0.019047600907046755, 
        0.028571401360570133, 
        0.009523800453523378, 
        0.019047600907046755, 
        0.028571401360570133, 
        0.028571401360570133, 
        0.009523800453523378, 
        0.009523800453523378, 
        0.009523800453523378, 
        0.019047600907046755, 
        0.0
    ], 
    "signals_b_s_c": [
        0.0, 
        0.0, 
        0.0, 
        0.0, 
        0.0, 
        0.0, 
        0.0, 
        0.0, 
        0.0, 
        0.0, 
        0.0, 
        0.0, 
        0.0, 
        0.0, 
        0.0, 
        0.0, 
        0.0, 
        0.0, 
        0.0, 
        0.0, 
        0.0, 
        0.0, 
        0.0, 
        0.0, 
        0.0, 
        0.0, 
        0.0, 
        0.0, 
        0.0, 
        0.0, 
        0.0, 
        0.0, 
        0.0, 
        0.0, 
        0.0, 
        0.009523800453523378, 
        0.03809520181409351, 
        0.057142802721140265, 
        0.06666660317466364, 
        0.08571420408171038, 
        0.09523800453523376, 
        0.18095220861694417, 
        0.23809501133808442, 
        0.2571426122451312, 
        0.2571426122451312, 
        0.25714261224513113, 
        0.2857140136057013, 
        0.28571401360570137, 
        0.2952378140592247, 
        0.276190213152178, 
        0.28571401360570137, 
        0.22857121088456112, 
        0.1809522086169442, 
        0.18095220861694417, 
        0.2095236099775143, 
        0.22857121088456106, 
        0.1809522086169442, 
        0.1714284081634208, 
        0.16190460770989742, 
        0.18095220861694417
    ], 
    "signals_b": [
        0.0, 
        0.0, 
        0.0, 
        0.0, 
        0.0, 
        0.0, 
        0.0, 
        0.0, 
        0.0, 
        0.0, 
        0.0, 
        0.0, 
        0.0, 
        0.0, 
        0.0, 
        0.0, 
        0.0, 
        0.0, 
        0.0, 
        0.0, 
        0.0, 
        0.0, 
        0.0, 
        0.0, 
        0.0, 
        0.0, 
        0.0, 
        0.0, 
        0.0, 
        0.0, 
        0.0, 
        0.0, 
        0.0, 
        0.0, 
        0.009523800453523378, 
        0.03809520181409351, 
        0.057142802721140265, 
        0.06666660317466364, 
        0.04761900226761689, 
        0.057142802721140265, 
        0.14285700680285066, 
        0.08571420408171039, 
        0.06666660317466364, 
        0.06666660317466364, 
        0.07619040362818702, 
        0.019047600907046755, 
        0.03809520181409351, 
        0.019047600907046755, 
        0.019047600907046755, 
        0.03809520181409351, 
        0.009523800453523378, 
        0.019047600907046755, 
        0.0, 
        0.028571401360570133, 
        0.0, 
        0.009523800453523378, 
        0.019047600907046755, 
        0.009523800453523378, 
        0.028571401360570133, 
        0.028571401360570133
    ], 
    "signals_b_s_c_l": [
        -11.512925464970229, 
        -11.512925464970229, 
        -11.512925464970229, 
        -11.512925464970229, 
        -11.512925464970229, 
        -11.512925464970229, 
        -11.512925464970229, 
        -11.512925464970229, 
        -11.512925464970229, 
        -11.512925464970229, 
        -11.512925464970229, 
        -11.512925464970229, 
        -11.512925464970229, 
        -11.512925464970229, 
        -11.512925464970229, 
        -11.512925464970229, 
        -11.512925464970229, 
        -11.512925464970229, 
        -11.512925464970229, 
        -11.512925464970229, 
        -11.512925464970229, 
        -11.512925464970229, 
        -11.512925464970229, 
        -11.512925464970229, 
        -11.512925464970229, 
        -11.512925464970229, 
        -11.512925464970229, 
        -11.512925464970229, 
        -11.512925464970229, 
        -11.512925464970229, 
        -11.512925464970229, 
        -11.512925464970229, 
        -11.512925464970229, 
        -11.512925464970229, 
        -11.512925464970229, 
        -4.6529118524035, 
        -3.2674044756152942, 
        -2.8620268484540436, 
        -2.7079011645887485, 
        -2.4566200652290644, 
        -2.3512712149561015, 
        -1.7094670616880103, 
        -1.4350434785117985, 
        -1.3580855483639218, 
        -1.3580855483639218, 
        -1.358085548363922, 
        -1.2527289214550203, 
        -1.2527289214550201, 
        -1.2199402276264852, 
        -1.2866292662759686, 
        -1.2527289214550201, 
        -1.4758637231054148, 
        -1.7094670616880103, 
        -1.7094670616880103, 
        -1.5628711230004368, 
        -1.475863723105415, 
        -1.7094670616880103, 
        -1.7635312129542946, 
        -1.8206861956244647, 
        -1.7094670616880103
    ], 
    "original_signals": [
        0, 
        0, 
        0, 
        0, 
        0, 
        0, 
        0, 
        0, 
        0, 
        0, 
        0, 
        0, 
        0, 
        0, 
        0, 
        0, 
        0, 
        0, 
        0, 
        0, 
        0, 
        0, 
        0, 
        0, 
        0, 
        0, 
        0, 
        0, 
        0, 
        0, 
        0, 
        0, 
        0, 
        0, 
        1, 
        4, 
        6, 
        7, 
        5, 
        6, 
        15, 
        9, 
        7, 
        7, 
        8, 
        2, 
        4, 
        2, 
        2, 
        4, 
        1, 
        2, 
        0, 
        3, 
        0, 
        1, 
        2, 
        1, 
        3, 
        3
    ]
}