{
    "signals_b_s": [
        0.0, 
        0.0, 
        0.0, 
        0.0, 
        0.0, 
        0.0, 
        0.0, 
        0.0, 
        0.0, 
        0.0, 
        0.0, 
        0.0, 
        0.0, 
        0.0, 
        0.0, 
        0.0, 
        0.0, 
        0.0, 
        0.0, 
        0.0, 
        0.0, 
        0.0, 
        0.0, 
        0.0, 
        0.0, 
        0.0, 
        0.0, 
        0.0, 
        0.0, 
        0.0, 
        0.0, 
        0.0, 
        0.0023752963479106064, 
        0.0, 
        0.0023752963479106064, 
        0.0, 
        0.0023752963479106064, 
        0.007125889043731819, 
        0.004750592695821213, 
        0.0023752963479106073, 
        0.009501185391642426, 
        0.019002370783284848, 
        0.011876481739553038, 
        0.009501185391642429, 
        0.016627074435374242, 
        0.004750592695821211, 
        0.011876481739553024, 
        0.01425177808746364, 
        0.002375296347910602, 
        0.023752963479106062, 
        0.02137766713119546, 
        0.028503556174927273, 
        0.023752963479106062, 
        0.04038003791448031, 
        0.02137766713119546, 
        0.02612825982701667, 
        0.01900237078328485, 
        0.01900237078328485, 
        0.01900237078328485, 
        0.00712588904373182
    ], 
    "signals_b_s_c": [
        0.0, 
        0.0, 
        0.0, 
        0.0, 
        0.0, 
        0.0, 
        0.0, 
        0.0, 
        0.0, 
        0.0, 
        0.0, 
        0.0, 
        0.0, 
        0.0, 
        0.0, 
        0.0, 
        0.0, 
        0.0, 
        0.0, 
        0.0, 
        0.0, 
        0.0, 
        0.0, 
        0.0, 
        0.0, 
        0.0, 
        0.0, 
        0.0, 
        0.0, 
        0.0, 
        0.0, 
        0.0, 
        0.0, 
        0.0023752963479106064, 
        0.0023752963479106064, 
        0.004750592695821213, 
        0.004750592695821213, 
        0.007125889043731819, 
        0.014251778087463638, 
        0.01900237078328485, 
        0.02137766713119546, 
        0.030878852522837886, 
        0.049881223306122734, 
        0.05938240869776516, 
        0.06888359408940758, 
        0.08313537217687124, 
        0.08788596487269246, 
        0.09738715026433487, 
        0.10451303930806669, 
        0.10213774296015606, 
        0.12351541009135153, 
        0.13539189183090455, 
        0.144893077222547, 
        0.1567695589621, 
        0.18764841148493788, 
        0.1923990041807591, 
        0.21377667131195457, 
        0.2209025603556864, 
        0.2256531530515076, 
        0.24228022748688183
    ], 
    "signals_b": [
        0.0, 
        0.0, 
        0.0, 
        0.0, 
        0.0, 
        0.0, 
        0.0, 
        0.0, 
        0.0, 
        0.0, 
        0.0, 
        0.0, 
        0.0, 
        0.0, 
        0.0, 
        0.0, 
        0.0, 
        0.0, 
        0.0, 
        0.0, 
        0.0, 
        0.0, 
        0.0, 
        0.0, 
        0.0, 
        0.0, 
        0.0, 
        0.0, 
        0.0, 
        0.0, 
        0.0, 
        0.0, 
        0.0023752963479106064, 
        0.0023752963479106064, 
        0.0, 
        0.0, 
        0.0023752963479106064, 
        0.009501185391642426, 
        0.014251778087463638, 
        0.011876481739553031, 
        0.021377667131195457, 
        0.040380037914480305, 
        0.05225651965403334, 
        0.042755334262390914, 
        0.059382408697765156, 
        0.06413300139358637, 
        0.05225651965403334, 
        0.0380047415665697, 
        0.040380037914480305, 
        0.06413300139358637, 
        0.08551066852478183, 
        0.057007112349854554, 
        0.03325414887074849, 
        0.0736341867852288, 
        0.05225651965403334, 
        0.02612825982701667, 
        0.04513063061030152, 
        0.02612825982701667, 
        0.04513063061030152, 
        0.0380047415665697
    ], 
    "signals_b_s_c_l": [
        -11.512925464970229, 
        -11.512925464970229, 
        -11.512925464970229, 
        -11.512925464970229, 
        -11.512925464970229, 
        -11.512925464970229, 
        -11.512925464970229, 
        -11.512925464970229, 
        -11.512925464970229, 
        -11.512925464970229, 
        -11.512925464970229, 
        -11.512925464970229, 
        -11.512925464970229, 
        -11.512925464970229, 
        -11.512925464970229, 
        -11.512925464970229, 
        -11.512925464970229, 
        -11.512925464970229, 
        -11.512925464970229, 
        -11.512925464970229, 
        -11.512925464970229, 
        -11.512925464970229, 
        -11.512925464970229, 
        -11.512925464970229, 
        -11.512925464970229, 
        -11.512925464970229, 
        -11.512925464970229, 
        -11.512925464970229, 
        -11.512925464970229, 
        -11.512925464970229, 
        -11.512925464970229, 
        -11.512925464970229, 
        -11.512925464970229, 
        -6.038431907471689, 
        -6.038431907471689, 
        -5.347383102561447, 
        -5.347383102561447, 
        -4.94261843262971, 
        -4.250172181203737, 
        -3.9626654178282448, 
        -3.8449408253609056, 
        -3.4773599199466103, 
        -2.9979101773432015, 
        -2.8235888604815385, 
        -2.6751920793137947, 
        -2.4871647312135234, 
        -2.4316013812298958, 
        -2.3289583268280505, 
        -2.2583477600300896, 
        -2.2813350533110595, 
        -2.091308394350135, 
        -1.9995079464383183, 
        -1.9316901930104198, 
        -1.8529145433260408, 
        -1.673131929013047, 
        -1.6481319425692882, 
        -1.542776624186937, 
        -1.509988310255434, 
        -1.4887118647934197, 
        -1.417618984259935
    ], 
    "original_signals": [
        0, 
        0, 
        0, 
        0, 
        0, 
        0, 
        0, 
        0, 
        0, 
        0, 
        0, 
        0, 
        0, 
        0, 
        0, 
        0, 
        0, 
        0, 
        0, 
        0, 
        0, 
        0, 
        0, 
        0, 
        0, 
        0, 
        0, 
        0, 
        0, 
        0, 
        0, 
        0, 
        1, 
        1, 
        0, 
        0, 
        1, 
        4, 
        6, 
        5, 
        9, 
        17, 
        22, 
        18, 
        25, 
        27, 
        22, 
        16, 
        17, 
        27, 
        36, 
        24, 
        14, 
        31, 
        22, 
        11, 
        19, 
        11, 
        19, 
        16
    ]
}