{
    "signals_b_s": [
        0.0, 
        0.0, 
        0.0, 
        0.0, 
        0.0, 
        0.007092193551635779, 
        0.007092193551635779, 
        0.0, 
        0.0, 
        0.0, 
        0.0, 
        0.0, 
        0.0, 
        0.0, 
        0.0, 
        0.0, 
        0.0, 
        0.0, 
        0.0, 
        0.0, 
        0.0, 
        0.0, 
        0.007092193551635779, 
        0.0, 
        0.007092193551635779, 
        0.021276580654907336, 
        0.007092193551635779, 
        0.007092193551635779, 
        0.0, 
        0.014184387103271558, 
        0.007092193551635779, 
        0.0, 
        0.0, 
        0.007092193551635779, 
        0.0, 
        0.007092193551635779, 
        0.014184387103271558, 
        0.021276580654907333, 
        0.007092193551635775, 
        0.007092193551635775, 
        0.028368774206543115, 
        0.028368774206543115, 
        0.014184387103271558, 
        0.007092193551635775, 
        0.0354609677581789, 
        0.007092193551635789, 
        0.02836877420654311, 
        0.021276580654907333, 
        0.028368774206543115, 
        0.007092193551635775, 
        0.0, 
        0.0, 
        0.007092193551635775, 
        0.007092193551635775, 
        0.0, 
        0.0, 
        0.0, 
        0.014184387103271558, 
        0.014184387103271558, 
        0.021276580654907336
    ], 
    "signals_b_s_c": [
        0.0, 
        0.0, 
        0.0, 
        0.0, 
        0.0, 
        0.0, 
        0.007092193551635779, 
        0.014184387103271558, 
        0.014184387103271558, 
        0.014184387103271558, 
        0.014184387103271558, 
        0.014184387103271558, 
        0.014184387103271558, 
        0.014184387103271558, 
        0.014184387103271558, 
        0.014184387103271558, 
        0.007092193551635779, 
        0.0, 
        0.0, 
        0.0, 
        0.0, 
        0.0, 
        0.0, 
        0.007092193551635779, 
        0.007092193551635779, 
        0.014184387103271558, 
        0.03546096775817889, 
        0.042553161309814666, 
        0.04964535486145044, 
        0.04964535486145044, 
        0.06382974196472199, 
        0.07092193551635777, 
        0.07092193551635777, 
        0.063829741964722, 
        0.07092193551635778, 
        0.063829741964722, 
        0.04964535486145044, 
        0.056737548413086224, 
        0.07092193551635778, 
        0.07801412906799356, 
        0.07092193551635777, 
        0.09219851617126511, 
        0.12056729037780822, 
        0.13475167748107977, 
        0.1347516774810798, 
        0.1702126452392587, 
        0.17021264523925866, 
        0.18439703234253024, 
        0.18439703234253024, 
        0.20567361299743758, 
        0.20567361299743758, 
        0.17730483879089448, 
        0.14893606458435132, 
        0.14184387103271556, 
        0.14184387103271556, 
        0.10638290327453667, 
        0.09929070972290088, 
        0.07092193551635777, 
        0.06382974196472199, 
        0.04964535486145044
    ], 
    "signals_b": [
        0.0, 
        0.0, 
        0.0, 
        0.0, 
        0.0, 
        0.007092193551635779, 
        0.0, 
        0.0, 
        0.0, 
        0.0, 
        0.0, 
        0.0, 
        0.0, 
        0.0, 
        0.0, 
        0.0, 
        0.0, 
        0.0, 
        0.0, 
        0.0, 
        0.0, 
        0.0, 
        0.007092193551635779, 
        0.007092193551635779, 
        0.0, 
        0.021276580654907336, 
        0.014184387103271558, 
        0.021276580654907336, 
        0.021276580654907336, 
        0.007092193551635779, 
        0.0, 
        0.0, 
        0.0, 
        0.007092193551635779, 
        0.007092193551635779, 
        0.0, 
        0.014184387103271558, 
        0.03546096775817889, 
        0.028368774206543115, 
        0.03546096775817889, 
        0.063829741964722, 
        0.03546096775817889, 
        0.04964535486145045, 
        0.04255316130981467, 
        0.07801412906799357, 
        0.07092193551635778, 
        0.04255316130981467, 
        0.063829741964722, 
        0.03546096775817889, 
        0.028368774206543115, 
        0.028368774206543115, 
        0.028368774206543115, 
        0.03546096775817889, 
        0.028368774206543115, 
        0.028368774206543115, 
        0.028368774206543115, 
        0.028368774206543115, 
        0.014184387103271558, 
        0.028368774206543115, 
        0.007092193551635779
    ], 
    "signals_b_s_c_l": [
        -11.512925464970229, 
        -11.512925464970229, 
        -11.512925464970229, 
        -11.512925464970229, 
        -11.512925464970229, 
        -11.512925464970229, 
        -4.947351591715763, 
        -4.254908666933943, 
        -4.254908666933943, 
        -4.254908666933943, 
        -4.254908666933943, 
        -4.254908666933943, 
        -4.254908666933943, 
        -4.254908666933943, 
        -4.254908666933943, 
        -4.254908666933943, 
        -4.947351591715763, 
        -11.512925464970229, 
        -11.512925464970229, 
        -11.512925464970229, 
        -11.512925464970229, 
        -11.512925464970229, 
        -11.512925464970229, 
        -4.947351591715763, 
        -4.947351591715763, 
        -4.254908666933943, 
        -3.3390407267182574, 
        -3.1567661578112673, 
        -3.002649042112216, 
        -3.002649042112216, 
        -2.751379367754736, 
        -2.6460345164433092, 
        -2.6460345164433092, 
        -2.751379367754736, 
        -2.6460345164433092, 
        -2.751379367754736, 
        -3.002649042112216, 
        -2.8691428233231675, 
        -2.6460345164433092, 
        -2.5507371531049126, 
        -2.6460345164433092, 
        -2.3837027864023894, 
        -2.115464317745699, 
        -2.004247412605856, 
        -2.004247412605856, 
        -1.7706480209338786, 
        -1.7706480209338789, 
        -1.6906098322390377, 
        -1.6906098322390377, 
        -1.581416150069112, 
        -1.581416150069112, 
        -1.7298283762799966, 
        -1.904171021223574, 
        -1.9529578284787956, 
        -1.9529578284787956, 
        -2.2406164028466278, 
        -2.309602560696724, 
        -2.6460345164433092, 
        -2.751379367754736, 
        -3.002649042112216
    ], 
    "original_signals": [
        0, 
        0, 
        0, 
        0, 
        0, 
        1, 
        0, 
        0, 
        0, 
        0, 
        0, 
        0, 
        0, 
        0, 
        0, 
        0, 
        0, 
        0, 
        0, 
        0, 
        0, 
        0, 
        1, 
        1, 
        0, 
        3, 
        2, 
        3, 
        3, 
        1, 
        0, 
        0, 
        0, 
        1, 
        1, 
        0, 
        2, 
        5, 
        4, 
        5, 
        9, 
        5, 
        7, 
        6, 
        11, 
        10, 
        6, 
        9, 
        5, 
        4, 
        4, 
        4, 
        5, 
        4, 
        4, 
        4, 
        4, 
        2, 
        4, 
        1
    ]
}