{
    "signals_b_s": [
        0.0, 
        0.0, 
        0.0, 
        0.0, 
        0.0, 
        0.0, 
        0.0, 
        0.0, 
        0.0, 
        0.0, 
        0.005780345150189263, 
        0.005780345150189263, 
        0.0, 
        0.0, 
        0.0028901725750946315, 
        0.0028901725750946315, 
        0.005780345150189263, 
        0.0028901725750946315, 
        0.0028901725750946315, 
        0.0028901725750946315, 
        0.0028901725750946315, 
        0.0, 
        0.0028901725750946315, 
        0.005780345150189263, 
        0.0028901725750946315, 
        0.011560690300378526, 
        0.011560690300378526, 
        0.011560690300378526, 
        0.0028901725750946315, 
        0.0, 
        0.008670517725283895, 
        0.005780345150189263, 
        0.0, 
        0.028901725750946315, 
        0.002890172575094628, 
        0.008670517725283891, 
        0.0, 
        0.008670517725283898, 
        0.020231208025662424, 
        0.0, 
        0.011560690300378526, 
        0.02023120802566242, 
        0.0028901725750946315, 
        0.0028901725750946315, 
        0.02890172575094632, 
        0.011560690300378526, 
        0.011560690300378526, 
        0.011560690300378526, 
        0.008670517725283891, 
        0.026011553175851684, 
        0.0028901725750946315, 
        0.01734103545056779, 
        0.02023120802566242, 
        0.0, 
        0.005780345150189263, 
        0.005780345150189263, 
        0.008670517725283895, 
        0.0028901725750946315, 
        0.0028901725750946315, 
        0.0028901725750946315
    ], 
    "signals_b_s_c": [
        0.0, 
        0.0, 
        0.0, 
        0.0, 
        0.0, 
        0.0, 
        0.0, 
        0.0, 
        0.0, 
        0.0, 
        0.0, 
        0.005780345150189263, 
        0.011560690300378526, 
        0.011560690300378526, 
        0.011560690300378526, 
        0.014450862875473158, 
        0.01734103545056779, 
        0.023121380600757052, 
        0.026011553175851684, 
        0.028901725750946315, 
        0.03179189832604094, 
        0.028901725750946315, 
        0.023121380600757052, 
        0.026011553175851684, 
        0.03179189832604094, 
        0.03179189832604094, 
        0.04046241605132484, 
        0.046242761201514104, 
        0.054913278926797995, 
        0.054913278926797995, 
        0.052023106351703374, 
        0.05780345150189263, 
        0.06358379665208189, 
        0.06069362407698726, 
        0.08381500467774432, 
        0.0838150046777443, 
        0.08092483210264968, 
        0.06936414180227116, 
        0.06647396922717652, 
        0.0838150046777443, 
        0.0838150046777443, 
        0.08670517725283895, 
        0.1011560401283121, 
        0.10404621270340673, 
        0.07803465952755506, 
        0.10404621270340675, 
        0.10693638527850138, 
        0.11849707557887991, 
        0.12138724815397454, 
        0.109826557853596, 
        0.13583811102944768, 
        0.12716759330416377, 
        0.12427742072906917, 
        0.14161845617963695, 
        0.1387282836045423, 
        0.11560690300378526, 
        0.10982655785359602, 
        0.10693638527850137, 
        0.09826586755321749, 
        0.09248552240302822
    ], 
    "signals_b": [
        0.0, 
        0.0, 
        0.0, 
        0.0, 
        0.0, 
        0.0, 
        0.0, 
        0.0, 
        0.0, 
        0.0, 
        0.005780345150189263, 
        0.0, 
        0.0, 
        0.0, 
        0.0028901725750946315, 
        0.0, 
        0.005780345150189263, 
        0.008670517725283895, 
        0.005780345150189263, 
        0.0028901725750946315, 
        0.005780345150189263, 
        0.005780345150189263, 
        0.008670517725283895, 
        0.0028901725750946315, 
        0.0, 
        0.011560690300378526, 
        0.0, 
        0.011560690300378526, 
        0.008670517725283895, 
        0.008670517725283895, 
        0.01734103545056779, 
        0.011560690300378526, 
        0.011560690300378526, 
        0.04046241605132484, 
        0.03757224347623021, 
        0.046242761201514104, 
        0.046242761201514104, 
        0.054913278926798, 
        0.03468207090113558, 
        0.03468207090113558, 
        0.046242761201514104, 
        0.026011553175851684, 
        0.023121380600757052, 
        0.02023120802566242, 
        0.04913293377660874, 
        0.03757224347623021, 
        0.04913293377660874, 
        0.03757224347623021, 
        0.046242761201514104, 
        0.02023120802566242, 
        0.023121380600757052, 
        0.04046241605132484, 
        0.02023120802566242, 
        0.02023120802566242, 
        0.014450862875473158, 
        0.008670517725283895, 
        0.01734103545056779, 
        0.02023120802566242, 
        0.023121380600757052, 
        0.026011553175851684
    ], 
    "signals_b_s_c_l": [
        -11.512925464970229, 
        -11.512925464970229, 
        -11.512925464970229, 
        -11.512925464970229, 
        -11.512925464970229, 
        -11.512925464970229, 
        -11.512925464970229, 
        -11.512925464970229, 
        -11.512925464970229, 
        -11.512925464970229, 
        -11.512925464970229, 
        -5.1515633777422725, 
        -4.4592800766022505, 
        -4.4592800766022505, 
        -4.4592800766022505, 
        -4.236309390762661, 
        -4.054103094222059, 
        -3.766565115771408, 
        -3.648830116063122, 
        -3.5435080308252087, 
        -3.4482292951902775, 
        -3.5435080308252087, 
        -3.766565115771408, 
        -3.648830116063122, 
        -3.4482292951902775, 
        -3.4482292951902775, 
        -3.207134622065976, 
        -3.0736341151514166, 
        -2.9018179961719537, 
        -2.9018179961719537, 
        -2.9558751023734158, 
        -2.8505338054338156, 
        -2.7552393503100467, 
        -2.8017518779709794, 
        -2.4790239308261564, 
        -2.4790239308261564, 
        -2.5141109900698586, 
        -2.668241077409766, 
        -2.7107944246339706, 
        -2.4790239308261564, 
        -2.4790239308261564, 
        -2.445126355696583, 
        -2.2909921503002293, 
        -2.2628240190984044, 
        -2.5504740580957863, 
        -2.262824019098404, 
        -2.235427642262377, 
        -2.132782610663081, 
        -2.108687068208591, 
        -2.2087618558357844, 
        -1.9962178480320132, 
        -2.0621707968620773, 
        -2.085158486479072, 
        -1.9545481561920193, 
        -1.975165972410846, 
        -2.157473113676999, 
        -2.2087618558357844, 
        -2.235427642262377, 
        -2.319976779901247, 
        -2.3805950420891366
    ], 
    "original_signals": [
        0, 
        0, 
        0, 
        0, 
        0, 
        0, 
        0, 
        0, 
        0, 
        0, 
        2, 
        0, 
        0, 
        0, 
        1, 
        0, 
        2, 
        3, 
        2, 
        1, 
        2, 
        2, 
        3, 
        1, 
        0, 
        4, 
        0, 
        4, 
        3, 
        3, 
        6, 
        4, 
        4, 
        14, 
        13, 
        16, 
        16, 
        19, 
        12, 
        12, 
        16, 
        9, 
        8, 
        7, 
        17, 
        13, 
        17, 
        13, 
        16, 
        7, 
        8, 
        14, 
        7, 
        7, 
        5, 
        3, 
        6, 
        7, 
        8, 
        9
    ]
}