{
    "signals_b_s": [
        0.0, 
        0.0, 
        0.0, 
        0.0, 
        0.0, 
        0.0, 
        0.0, 
        0.0, 
        0.0, 
        0.0, 
        0.0, 
        0.0, 
        0.0, 
        0.0, 
        0.0, 
        0.0, 
        0.0, 
        0.0, 
        0.0, 
        0.0, 
        0.0, 
        0.0, 
        0.0, 
        0.0, 
        0.0, 
        0.0, 
        0.0, 
        0.0, 
        0.0, 
        0.0, 
        0.0, 
        0.0, 
        0.0, 
        0.0, 
        0.0, 
        0.0, 
        0.0, 
        0.002004007614427332, 
        0.0, 
        0.01002003807213666, 
        0.014028053300991323, 
        0.018036068529845985, 
        0.01202404568656399, 
        0.01202404568656399, 
        0.02805610660198264, 
        0.0060120228432820055, 
        0.0020040076144273306, 
        0.01803606852984599, 
        0.03807614467411931, 
        0.03406812944526465, 
        0.01002003807213666, 
        0.01002003807213666, 
        0.004008015228854661, 
        0.0020040076144273306, 
        0.00801603045770933, 
        0.004008015228854661, 
        0.020040076144273323, 
        0.008016030457709326, 
        0.01002003807213666, 
        0.006012022843281996
    ], 
    "signals_b_s_c": [
        0.0, 
        0.0, 
        0.0, 
        0.0, 
        0.0, 
        0.0, 
        0.0, 
        0.0, 
        0.0, 
        0.0, 
        0.0, 
        0.0, 
        0.0, 
        0.0, 
        0.0, 
        0.0, 
        0.0, 
        0.0, 
        0.0, 
        0.0, 
        0.0, 
        0.0, 
        0.0, 
        0.0, 
        0.0, 
        0.0, 
        0.0, 
        0.0, 
        0.0, 
        0.0, 
        0.0, 
        0.0, 
        0.0, 
        0.0, 
        0.0, 
        0.0, 
        0.0, 
        0.0, 
        0.002004007614427332, 
        0.002004007614427332, 
        0.012024045686563992, 
        0.026052098987555315, 
        0.0440881675174013, 
        0.05611221320396529, 
        0.06813625889052928, 
        0.09619236549251192, 
        0.10220438833579393, 
        0.10420839595022126, 
        0.12024045686563992, 
        0.15831660153975924, 
        0.1823646929128872, 
        0.17835667768403254, 
        0.17034064722632325, 
        0.1623246167686139, 
        0.15230457869647723, 
        0.13226450255220393, 
        0.13026049493777658, 
        0.1482965634676226, 
        0.13827652539548593, 
        0.11022041879350325
    ], 
    "signals_b": [
        0.0, 
        0.0, 
        0.0, 
        0.0, 
        0.0, 
        0.0, 
        0.0, 
        0.0, 
        0.0, 
        0.0, 
        0.0, 
        0.0, 
        0.0, 
        0.0, 
        0.0, 
        0.0, 
        0.0, 
        0.0, 
        0.0, 
        0.0, 
        0.0, 
        0.0, 
        0.0, 
        0.0, 
        0.0, 
        0.0, 
        0.0, 
        0.0, 
        0.0, 
        0.0, 
        0.0, 
        0.0, 
        0.0, 
        0.0, 
        0.0, 
        0.0, 
        0.0, 
        0.002004007614427332, 
        0.002004007614427332, 
        0.012024045686563992, 
        0.026052098987555315, 
        0.0440881675174013, 
        0.03206412183083731, 
        0.0440881675174013, 
        0.07214427411938394, 
        0.07815629696266595, 
        0.07615228934823862, 
        0.05811622081839263, 
        0.09619236549251194, 
        0.06212423604724729, 
        0.05210419797511063, 
        0.06212423604724729, 
        0.05811622081839263, 
        0.06012022843281996, 
        0.05210419797511063, 
        0.04809618274625597, 
        0.028056106601982645, 
        0.02004007614427332, 
        0.01002003807213666, 
        0.004008015228854664
    ], 
    "signals_b_s_c_l": [
        -11.512925464970229, 
        -11.512925464970229, 
        -11.512925464970229, 
        -11.512925464970229, 
        -11.512925464970229, 
        -11.512925464970229, 
        -11.512925464970229, 
        -11.512925464970229, 
        -11.512925464970229, 
        -11.512925464970229, 
        -11.512925464970229, 
        -11.512925464970229, 
        -11.512925464970229, 
        -11.512925464970229, 
        -11.512925464970229, 
        -11.512925464970229, 
        -11.512925464970229, 
        -11.512925464970229, 
        -11.512925464970229, 
        -11.512925464970229, 
        -11.512925464970229, 
        -11.512925464970229, 
        -11.512925464970229, 
        -11.512925464970229, 
        -11.512925464970229, 
        -11.512925464970229, 
        -11.512925464970229, 
        -11.512925464970229, 
        -11.512925464970229, 
        -11.512925464970229, 
        -11.512925464970229, 
        -11.512925464970229, 
        -11.512925464970229, 
        -11.512925464970229, 
        -11.512925464970229, 
        -11.512925464970229, 
        -11.512925464970229, 
        -11.512925464970229, 
        -6.207628703944486, 
        -6.207628703944486, 
        -4.4200155057341455, 
        -3.6472731661101125, 
        -3.1213370502860767, 
        -2.8802235875339535, 
        -2.686099017569735, 
        -2.341301332293538, 
        -2.280682825057441, 
        -2.2612666206171963, 
        -2.118178570705023, 
        -1.8430952811104557, 
        -1.701691955963019, 
        -1.7239138605649134, 
        -1.7698963354909893, 
        -1.818095538426751, 
        -1.8818073001134603, 
        -2.0228759509081122, 
        -2.038142259957117, 
        -1.9084737727756493, 
        -1.9784274753148503, 
        -2.205182387744392
    ], 
    "original_signals": [
        0, 
        0, 
        0, 
        0, 
        0, 
        0, 
        0, 
        0, 
        0, 
        0, 
        0, 
        0, 
        0, 
        0, 
        0, 
        0, 
        0, 
        0, 
        0, 
        0, 
        0, 
        0, 
        0, 
        0, 
        0, 
        0, 
        0, 
        0, 
        0, 
        0, 
        0, 
        0, 
        0, 
        0, 
        0, 
        0, 
        0, 
        1, 
        1, 
        6, 
        13, 
        22, 
        16, 
        22, 
        36, 
        39, 
        38, 
        29, 
        48, 
        31, 
        26, 
        31, 
        29, 
        30, 
        26, 
        24, 
        14, 
        10, 
        5, 
        2
    ]
}