{
    "signals_b_s": [
        0.0, 
        0.0, 
        0.0, 
        0.0, 
        0.0, 
        0.0, 
        0.0, 
        0.0, 
        0.0, 
        0.0, 
        0.0, 
        0.0, 
        0.0, 
        0.0, 
        0.0, 
        0.0, 
        0.0, 
        0.0, 
        0.007092193551635779, 
        0.007092193551635779, 
        0.0, 
        0.0, 
        0.0, 
        0.0, 
        0.0, 
        0.0, 
        0.0, 
        0.007092193551635779, 
        0.007092193551635779, 
        0.0, 
        0.0, 
        0.0, 
        0.0, 
        0.0, 
        0.021276580654907336, 
        0.007092193551635779, 
        0.021276580654907333, 
        0.02127658065490734, 
        0.028368774206543115, 
        0.007092193551635779, 
        0.014184387103271554, 
        0.02127658065490734, 
        0.0, 
        0.007092193551635782, 
        0.05673754841308624, 
        0.049645354861450455, 
        0.007092193551635782, 
        0.0, 
        0.007092193551635775, 
        0.007092193551635782, 
        0.02127658065490734, 
        0.007092193551635782, 
        0.014184387103271558, 
        0.0, 
        0.007092193551635775, 
        0.014184387103271558, 
        0.014184387103271558, 
        0.021276580654907336, 
        0.0, 
        0.0
    ], 
    "signals_b_s_c": [
        0.0, 
        0.0, 
        0.0, 
        0.0, 
        0.0, 
        0.0, 
        0.0, 
        0.0, 
        0.0, 
        0.0, 
        0.0, 
        0.0, 
        0.0, 
        0.0, 
        0.0, 
        0.0, 
        0.0, 
        0.0, 
        0.0, 
        0.007092193551635779, 
        0.014184387103271558, 
        0.014184387103271558, 
        0.014184387103271558, 
        0.014184387103271558, 
        0.014184387103271558, 
        0.014184387103271558, 
        0.014184387103271558, 
        0.014184387103271558, 
        0.021276580654907336, 
        0.021276580654907336, 
        0.014184387103271558, 
        0.014184387103271558, 
        0.014184387103271558, 
        0.014184387103271558, 
        0.014184387103271558, 
        0.03546096775817889, 
        0.042553161309814666, 
        0.06382974196472199, 
        0.07801412906799357, 
        0.0992907097229009, 
        0.10638290327453667, 
        0.12056729037780822, 
        0.14184387103271556, 
        0.14184387103271556, 
        0.14893606458435135, 
        0.18439703234253024, 
        0.22695019365234492, 
        0.21276580654907337, 
        0.19148922589416603, 
        0.17021264523925872, 
        0.17021264523925875, 
        0.1773048387908945, 
        0.16312045168762296, 
        0.1773048387908945, 
        0.17021264523925872, 
        0.12056729037780826, 
        0.08510632261962936, 
        0.09219851617126512, 
        0.11347509682617246, 
        0.1063829032745367
    ], 
    "signals_b": [
        0.0, 
        0.0, 
        0.0, 
        0.0, 
        0.0, 
        0.0, 
        0.0, 
        0.0, 
        0.0, 
        0.0, 
        0.0, 
        0.0, 
        0.0, 
        0.0, 
        0.0, 
        0.0, 
        0.0, 
        0.0, 
        0.007092193551635779, 
        0.0, 
        0.0, 
        0.0, 
        0.0, 
        0.0, 
        0.0, 
        0.0, 
        0.0, 
        0.007092193551635779, 
        0.0, 
        0.0, 
        0.0, 
        0.0, 
        0.0, 
        0.0, 
        0.021276580654907336, 
        0.014184387103271558, 
        0.03546096775817889, 
        0.05673754841308623, 
        0.028368774206543115, 
        0.021276580654907336, 
        0.03546096775817889, 
        0.05673754841308623, 
        0.05673754841308623, 
        0.04964535486145045, 
        0.10638290327453669, 
        0.05673754841308623, 
        0.04964535486145045, 
        0.04964535486145045, 
        0.04255316130981467, 
        0.03546096775817889, 
        0.05673754841308623, 
        0.04964535486145045, 
        0.03546096775817889, 
        0.03546096775817889, 
        0.028368774206543115, 
        0.014184387103271558, 
        0.028368774206543115, 
        0.007092193551635779, 
        0.007092193551635779, 
        0.007092193551635779
    ], 
    "signals_b_s_c_l": [
        -11.512925464970229, 
        -11.512925464970229, 
        -11.512925464970229, 
        -11.512925464970229, 
        -11.512925464970229, 
        -11.512925464970229, 
        -11.512925464970229, 
        -11.512925464970229, 
        -11.512925464970229, 
        -11.512925464970229, 
        -11.512925464970229, 
        -11.512925464970229, 
        -11.512925464970229, 
        -11.512925464970229, 
        -11.512925464970229, 
        -11.512925464970229, 
        -11.512925464970229, 
        -11.512925464970229, 
        -11.512925464970229, 
        -4.947351591715763, 
        -4.254908666933943, 
        -4.254908666933943, 
        -4.254908666933943, 
        -4.254908666933943, 
        -4.254908666933943, 
        -4.254908666933943, 
        -4.254908666933943, 
        -4.254908666933943, 
        -3.8496784210118933, 
        -3.8496784210118933, 
        -4.254908666933943, 
        -4.254908666933943, 
        -4.254908666933943, 
        -4.254908666933943, 
        -4.254908666933943, 
        -3.3390407267182574, 
        -3.1567661578112673, 
        -2.751379367754736, 
        -2.5507371531049126, 
        -2.309602560696724, 
        -2.2406164028466278, 
        -2.115464317745699, 
        -1.9529578284787956, 
        -1.9529578284787956, 
        -1.9041710212235738, 
        -1.6906098322390377, 
        -1.4829806352375232, 
        -1.547516219006753, 
        -1.6528715126977214, 
        -1.7706480209338786, 
        -1.7706480209338784, 
        -1.7298283762799964, 
        -1.813205081156358, 
        -1.7298283762799964, 
        -1.7706480209338786, 
        -2.115464317745699, 
        -2.4637364566290354, 
        -2.3837027864023894, 
        -2.176083756178279, 
        -2.2406164028466273
    ], 
    "original_signals": [
        0, 
        0, 
        0, 
        0, 
        0, 
        0, 
        0, 
        0, 
        0, 
        0, 
        0, 
        0, 
        0, 
        0, 
        0, 
        0, 
        0, 
        0, 
        1, 
        0, 
        0, 
        0, 
        0, 
        0, 
        0, 
        0, 
        0, 
        1, 
        0, 
        0, 
        0, 
        0, 
        0, 
        0, 
        3, 
        2, 
        5, 
        8, 
        4, 
        3, 
        5, 
        8, 
        8, 
        7, 
        15, 
        8, 
        7, 
        7, 
        6, 
        5, 
        8, 
        7, 
        5, 
        5, 
        4, 
        2, 
        4, 
        1, 
        1, 
        1
    ]
}