{
    "signals_b_s": [
        0.0, 
        0.0, 
        0.0, 
        0.0, 
        0.0, 
        0.0, 
        0.0, 
        0.0, 
        0.0, 
        0.0, 
        0.0, 
        0.0, 
        0.01769909938132798, 
        0.01769909938132798, 
        0.0, 
        0.0, 
        0.0, 
        0.0, 
        0.0, 
        0.0, 
        0.0, 
        0.0, 
        0.0, 
        0.0, 
        0.0, 
        0.0, 
        0.0, 
        0.00884954969066399, 
        0.00884954969066399, 
        0.0, 
        0.0, 
        0.0, 
        0.0, 
        0.0, 
        0.00884954969066399, 
        0.017699099381327982, 
        0.026548649071991972, 
        0.00884954969066399, 
        0.00884954969066399, 
        0.0, 
        0.0, 
        0.035398198762655965, 
        0.017699099381327972, 
        0.008849549690663983, 
        0.044247748453319954, 
        0.06194684783464793, 
        0.01769909938132798, 
        0.03539819876265596, 
        0.03539819876265596, 
        0.03539819876265596, 
        0.03539819876265596, 
        0.008849549690663983, 
        0.04424774845331994, 
        0.017699099381327982, 
        0.026548649071991975, 
        0.07079639752531193, 
        0.07079639752531193, 
        0.008849549690663993, 
        0.026548649071991972, 
        0.00884954969066399
    ], 
    "signals_b_s_c": [
        0.0, 
        0.0, 
        0.0, 
        0.0, 
        0.0, 
        0.0, 
        0.0, 
        0.0, 
        0.0, 
        0.0, 
        0.0, 
        0.0, 
        0.0, 
        0.01769909938132798, 
        0.03539819876265596, 
        0.03539819876265596, 
        0.03539819876265596, 
        0.03539819876265596, 
        0.03539819876265596, 
        0.03539819876265596, 
        0.03539819876265596, 
        0.03539819876265596, 
        0.03539819876265596, 
        0.01769909938132798, 
        0.0, 
        0.0, 
        0.0, 
        0.0, 
        0.00884954969066399, 
        0.01769909938132798, 
        0.01769909938132798, 
        0.01769909938132798, 
        0.01769909938132798, 
        0.01769909938132798, 
        0.01769909938132798, 
        0.02654864907199197, 
        0.044247748453319954, 
        0.07079639752531193, 
        0.07079639752531192, 
        0.07079639752531192, 
        0.07079639752531192, 
        0.07079639752531192, 
        0.10619459628796787, 
        0.12389369566929584, 
        0.13274324535995982, 
        0.16814144412261578, 
        0.21238919257593575, 
        0.20353964288527177, 
        0.23008829195726374, 
        0.2566369410292557, 
        0.29203513979191165, 
        0.3274333385545676, 
        0.30088468948257563, 
        0.3274333385545676, 
        0.33628288824523156, 
        0.3185837888639036, 
        0.32743333855456763, 
        0.3805306366985516, 
        0.3539819876265596, 
        0.3451324379358956
    ], 
    "signals_b": [
        0.0, 
        0.0, 
        0.0, 
        0.0, 
        0.0, 
        0.0, 
        0.0, 
        0.0, 
        0.0, 
        0.0, 
        0.0, 
        0.0, 
        0.01769909938132798, 
        0.0, 
        0.0, 
        0.0, 
        0.0, 
        0.0, 
        0.0, 
        0.0, 
        0.0, 
        0.0, 
        0.0, 
        0.0, 
        0.0, 
        0.0, 
        0.0, 
        0.00884954969066399, 
        0.0, 
        0.0, 
        0.0, 
        0.0, 
        0.0, 
        0.0, 
        0.00884954969066399, 
        0.026548649071991972, 
        0.0, 
        0.00884954969066399, 
        0.01769909938132798, 
        0.01769909938132798, 
        0.01769909938132798, 
        0.053097298143983944, 
        0.07079639752531192, 
        0.06194684783464793, 
        0.10619459628796789, 
        0.044247748453319954, 
        0.06194684783464793, 
        0.026548649071991972, 
        0.06194684783464793, 
        0.026548649071991972, 
        0.06194684783464793, 
        0.07079639752531192, 
        0.026548649071991972, 
        0.044247748453319954, 
        0.01769909938132798, 
        0.08849549690663991, 
        0.01769909938132798, 
        0.026548649071991972, 
        0.0, 
        0.00884954969066399
    ], 
    "signals_b_s_c_l": [
        -11.512925464970229, 
        -11.512925464970229, 
        -11.512925464970229, 
        -11.512925464970229, 
        -11.512925464970229, 
        -11.512925464970229, 
        -11.512925464970229, 
        -11.512925464970229, 
        -11.512925464970229, 
        -11.512925464970229, 
        -11.512925464970229, 
        -11.512925464970229, 
        -11.512925464970229, 
        -4.0336766821604435, 
        -3.340811882193493, 
        -3.340811882193493, 
        -3.340811882193493, 
        -3.340811882193493, 
        -3.340811882193493, 
        -3.340811882193493, 
        -3.340811882193493, 
        -3.340811882193493, 
        -3.340811882193493, 
        -4.0336766821604435, 
        -11.512925464970229, 
        -11.512925464970229, 
        -11.512925464970229, 
        -11.512925464970229, 
        -4.726259340638272, 
        -4.0336766821604435, 
        -4.0336766821604435, 
        -4.0336766821604435, 
        -4.0336766821604435, 
        -4.0336766821604435, 
        -4.0336766821604435, 
        -3.6283998189207973, 
        -3.1177248165677987, 
        -2.647805921837725, 
        -2.6478059218377252, 
        -2.6478059218377252, 
        -2.6478059218377252, 
        -2.6478059218377252, 
        -2.2423878915631112, 
        -2.0882506629525284, 
        -2.0192631720029093, 
        -1.7828902525329113, 
        -1.549287791053143, 
        -1.591845358467153, 
        -1.469248705013723, 
        -1.3600539088886405, 
        -1.2308469003329352, 
        -1.116440250922263, 
        -1.2009949442802916, 
        -1.116440250922263, 
        -1.0897728075150266, 
        -1.1438383767875464, 
        -1.1164402509222628, 
        -0.9661623092264049, 
        -1.0384809999277895, 
        -1.0637980835731888
    ], 
    "original_signals": [
        0, 
        0, 
        0, 
        0, 
        0, 
        0, 
        0, 
        0, 
        0, 
        0, 
        0, 
        0, 
        2, 
        0, 
        0, 
        0, 
        0, 
        0, 
        0, 
        0, 
        0, 
        0, 
        0, 
        0, 
        0, 
        0, 
        0, 
        1, 
        0, 
        0, 
        0, 
        0, 
        0, 
        0, 
        1, 
        3, 
        0, 
        1, 
        2, 
        2, 
        2, 
        6, 
        8, 
        7, 
        12, 
        5, 
        7, 
        3, 
        7, 
        3, 
        7, 
        8, 
        3, 
        5, 
        2, 
        10, 
        2, 
        3, 
        0, 
        1
    ]
}