{
    "signals_b_s": [
        0.0, 
        0.0, 
        0.0, 
        0.0, 
        0.0, 
        0.0, 
        0.0, 
        0.0, 
        0.0, 
        0.0, 
        0.0, 
        0.0, 
        0.0, 
        0.0, 
        0.0, 
        0.0, 
        0.0, 
        0.0, 
        0.0, 
        0.0, 
        0.0, 
        0.0, 
        0.0, 
        0.00017940437639394583, 
        0.0004784116703838555, 
        0.00017940437639394577, 
        0.002332256893121296, 
        0.0023322568931212957, 
        0.00017940437639394572, 
        0.031993780456920334, 
        0.005920344421000215, 
        0.0007176175055757864, 
        0.0014352350111515658, 
        0.0423992342877692, 
        0.04000717593584992, 
        0.008192799855323528, 
        0.014232747193919697, 
        0.022545149966839186, 
        0.004425307951050665, 
        0.0030498743986970764, 
        0.0, 
        0.005382131291818373, 
        0.002392058351919281, 
        0.00011960291759596786, 
        0.0003588087527878897, 
        0.006996770679363891, 
        0.0025714627283132223, 
        0.0036478889866768983, 
        0.0011362277171616565, 
        0.004664513786242594, 
        0.0022724554343233165, 
        0.0028106685635051545, 
        0.0014352350111515658, 
        0.004305705033454699, 
        0.0016744408463434945, 
        0.0001794043763939466, 
        0.0018538452227374411, 
        0.0008372204231717473, 
        0.0013156320935556022, 
        0.0007176175055757829
    ], 
    "signals_b_s_c": [
        0.0, 
        0.0, 
        0.0, 
        0.0, 
        0.0, 
        0.0, 
        0.0, 
        0.0, 
        0.0, 
        0.0, 
        0.0, 
        0.0, 
        0.0, 
        0.0, 
        0.0, 
        0.0, 
        0.0, 
        0.0, 
        0.0, 
        0.0, 
        0.0, 
        0.0, 
        0.0, 
        0.0, 
        0.00017940437639394583, 
        0.0006578160467778013, 
        0.0008372204231717471, 
        0.0031694773162930434, 
        0.0055017342094143395, 
        0.005681138585808285, 
        0.03767491904272862, 
        0.043595263463728835, 
        0.04431288096930462, 
        0.04574811598045619, 
        0.08796794589183143, 
        0.12749671015729752, 
        0.1355101056362271, 
        0.1474105959370255, 
        0.16762348901074337, 
        0.1718693925854001, 
        0.14292548652717685, 
        0.13700514210617665, 
        0.1416696558924192, 
        0.14262647923318691, 
        0.1003468478630137, 
        0.060698480679951664, 
        0.05950245150399203, 
        0.04784116703838555, 
        0.028943906058223265, 
        0.025654825824334256, 
        0.027269465211879774, 
        0.02954192064620309, 
        0.02697045791788987, 
        0.026013634577122156, 
        0.030199736692980886, 
        0.03151536878653649, 
        0.024698002483566545, 
        0.023980384977990765, 
        0.02116971641448561, 
        0.02134912079087956
    ], 
    "signals_b": [
        0.0, 
        0.0, 
        0.0, 
        0.0, 
        0.0, 
        0.0, 
        0.0, 
        0.0, 
        0.0, 
        0.0, 
        0.0, 
        0.0, 
        0.0, 
        0.0, 
        0.0, 
        0.0, 
        0.0, 
        0.0, 
        0.0, 
        0.0, 
        0.0, 
        0.0, 
        0.0, 
        0.00017940437639394583, 
        0.0006578160467778013, 
        0.00047841167038385556, 
        0.0028106685635051515, 
        0.005142925456626447, 
        0.005322329833020393, 
        0.03731611028994073, 
        0.043236454710940946, 
        0.04251883720536516, 
        0.043954072216516725, 
        0.08635330650428592, 
        0.046346130568436006, 
        0.054538930423759534, 
        0.06877167761767923, 
        0.046226527650840045, 
        0.04180121969978938, 
        0.044851094098486456, 
        0.044851094098486456, 
        0.03946896280666808, 
        0.0370769044547488, 
        0.03719650737234477, 
        0.03683769861955688, 
        0.02984092794019299, 
        0.027269465211879767, 
        0.02362157622520287, 
        0.022485348508041212, 
        0.017820834721798618, 
        0.020093290156121935, 
        0.01728262159261678, 
        0.015847386581465214, 
        0.011541681548010515, 
        0.00986724070166702, 
        0.010046645078060967, 
        0.008192799855323526, 
        0.007355579432151779, 
        0.006039947338596177, 
        0.0067575648441719595
    ], 
    "signals_b_s_c_l": [
        -11.512925464970229, 
        -11.512925464970229, 
        -11.512925464970229, 
        -11.512925464970229, 
        -11.512925464970229, 
        -11.512925464970229, 
        -11.512925464970229, 
        -11.512925464970229, 
        -11.512925464970229, 
        -11.512925464970229, 
        -11.512925464970229, 
        -11.512925464970229, 
        -11.512925464970229, 
        -11.512925464970229, 
        -11.512925464970229, 
        -11.512925464970229, 
        -11.512925464970229, 
        -11.512925464970229, 
        -11.512925464970229, 
        -11.512925464970229, 
        -11.512925464970229, 
        -11.512925464970229, 
        -11.512925464970229, 
        -11.512925464970229, 
        -8.571626270858628, 
        -7.311497801426556, 
        -7.073549657296549, 
        -5.751038461645198, 
        -5.200875966786405, 
        -5.168844947907819, 
        -3.2784952899514863, 
        -3.132577414268263, 
        -3.1162542348357154, 
        -3.0843861045139396, 
        -2.4306691107786356, 
        -2.0595862870838104, 
        -1.9986352685905981, 
        -1.9144655807856328, 
        -1.7859752957946318, 
        -1.7609622540273626, 
        -1.945361893684521, 
        -1.9876638329391387, 
        -1.9541867142766065, 
        -1.9474559886175573, 
        -2.2990229662771497, 
        -2.8016718760143915, 
        -2.8215697193495943, 
        -3.0396597718636538, 
        -3.542050159773637, 
        -3.6626338694984804, 
        -3.6016210498691263, 
        -3.521606540754796, 
        -3.6126424558524937, 
        -3.6487501316741153, 
        -3.4995909995109513, 
        -3.4569626989747877, 
        -3.7006281006317927, 
        -3.730102154823246, 
        -3.8547113282051426, 
        -3.8462764272129757
    ], 
    "original_signals": [
        0, 
        0, 
        0, 
        0, 
        0, 
        0, 
        0, 
        0, 
        0, 
        0, 
        0, 
        0, 
        0, 
        0, 
        0, 
        0, 
        0, 
        0, 
        0, 
        0, 
        0, 
        0, 
        0, 
        3, 
        11, 
        8, 
        47, 
        86, 
        89, 
        624, 
        723, 
        711, 
        735, 
        1444, 
        775, 
        912, 
        1150, 
        773, 
        699, 
        750, 
        750, 
        660, 
        620, 
        622, 
        616, 
        499, 
        456, 
        395, 
        376, 
        298, 
        336, 
        289, 
        265, 
        193, 
        165, 
        168, 
        137, 
        123, 
        101, 
        113
    ]
}