{
    "signals_b_s": [
        0.0, 
        0.0, 
        0.0, 
        0.0, 
        0.0, 
        0.0526313019405161, 
        0.0526313019405161, 
        0.0526313019405161, 
        0.0526313019405161, 
        0.0, 
        0.0, 
        0.0, 
        0.0, 
        0.0, 
        0.0, 
        0.1052626038810322, 
        0.0526313019405161, 
        0.0, 
        0.0526313019405161, 
        0.0, 
        0.0526313019405161, 
        0.0, 
        0.0526313019405161, 
        0.0, 
        0.0, 
        0.0526313019405161, 
        0.0526313019405161, 
        0.0526313019405161, 
        0.0526313019405161, 
        0.0, 
        0.0, 
        0.0, 
        0.0, 
        0.0, 
        0.1052626038810322, 
        0.1052626038810322, 
        0.0526313019405161, 
        0.0526313019405161, 
        0.0, 
        0.0, 
        0.0526313019405161, 
        0.0, 
        0.0526313019405161, 
        0.0, 
        0.0, 
        0.0, 
        0.0, 
        0.0, 
        0.0526313019405161, 
        0.0526313019405161, 
        0.0526313019405161, 
        0.0526313019405161, 
        0.0, 
        0.0, 
        0.0, 
        0.0, 
        0.0526313019405161, 
        0.0, 
        0.0526313019405161, 
        0.0
    ], 
    "signals_b_s_c": [
        0.0, 
        0.0, 
        0.0, 
        0.0, 
        0.0, 
        0.0, 
        0.0526313019405161, 
        0.1052626038810322, 
        0.1578939058215483, 
        0.2105252077620644, 
        0.2105252077620644, 
        0.2105252077620644, 
        0.2105252077620644, 
        0.2105252077620644, 
        0.2105252077620644, 
        0.2105252077620644, 
        0.26315650970258053, 
        0.26315650970258053, 
        0.2105252077620644, 
        0.2105252077620644, 
        0.2105252077620644, 
        0.26315650970258053, 
        0.26315650970258053, 
        0.31578781164309666, 
        0.31578781164309666, 
        0.31578781164309666, 
        0.26315650970258053, 
        0.26315650970258053, 
        0.31578781164309666, 
        0.31578781164309666, 
        0.31578781164309666, 
        0.26315650970258053, 
        0.26315650970258053, 
        0.2105252077620644, 
        0.2105252077620644, 
        0.3157878116430966, 
        0.36841911358361273, 
        0.3684191135836127, 
        0.3684191135836128, 
        0.31578781164309666, 
        0.31578781164309666, 
        0.3684191135836128, 
        0.3684191135836128, 
        0.4210504155241289, 
        0.4210504155241289, 
        0.31578781164309666, 
        0.2105252077620644, 
        0.1578939058215483, 
        0.1052626038810322, 
        0.1578939058215483, 
        0.2105252077620644, 
        0.2105252077620644, 
        0.26315650970258053, 
        0.2105252077620644, 
        0.2105252077620644, 
        0.2105252077620644, 
        0.2105252077620644, 
        0.26315650970258053, 
        0.26315650970258053, 
        0.26315650970258053
    ], 
    "signals_b": [
        0.0, 
        0.0, 
        0.0, 
        0.0, 
        0.0, 
        0.0526313019405161, 
        0.0, 
        0.0526313019405161, 
        0.0, 
        0.0, 
        0.0, 
        0.0, 
        0.0, 
        0.0, 
        0.0, 
        0.1052626038810322, 
        0.0526313019405161, 
        0.0526313019405161, 
        0.0, 
        0.0, 
        0.0526313019405161, 
        0.0526313019405161, 
        0.0, 
        0.0, 
        0.0, 
        0.0526313019405161, 
        0.0, 
        0.0526313019405161, 
        0.0, 
        0.0, 
        0.0, 
        0.0, 
        0.0, 
        0.0, 
        0.1052626038810322, 
        0.0, 
        0.0526313019405161, 
        0.0, 
        0.0, 
        0.0, 
        0.0526313019405161, 
        0.0526313019405161, 
        0.0, 
        0.0, 
        0.0, 
        0.0, 
        0.0, 
        0.0, 
        0.0526313019405161, 
        0.0, 
        0.0526313019405161, 
        0.0, 
        0.0, 
        0.0, 
        0.0, 
        0.0, 
        0.0526313019405161, 
        0.0526313019405161, 
        0.0, 
        0.0
    ], 
    "signals_b_s_c_l": [
        -11.512925464970229, 
        -11.512925464970229, 
        -11.512925464970229, 
        -11.512925464970229, 
        -11.512925464970229, 
        -11.512925464970229, 
        -2.944254259358389, 
        -2.251202065762801, 
        -1.8457686219812004, 
        -1.5581023820686954, 
        -1.5581023820686954, 
        -1.5581023820686954, 
        -1.5581023820686954, 
        -1.5581023820686954, 
        -1.5581023820686954, 
        -1.5581023820686954, 
        -1.3349683303983737, 
        -1.3349683303983737, 
        -1.5581023820686954, 
        -1.5581023820686954, 
        -1.5581023820686954, 
        -1.3349683303983737, 
        -1.3349683303983737, 
        -1.15265310675048, 
        -1.15265310675048, 
        -1.15265310675048, 
        -1.3349683303983737, 
        -1.3349683303983737, 
        -1.15265310675048, 
        -1.15265310675048, 
        -1.15265310675048, 
        -1.3349683303983737, 
        -1.3349683303983737, 
        -1.5581023820686954, 
        -1.5581023820686954, 
        -1.1526531067504802, 
        -0.998506950623536, 
        -0.9985069506235361, 
        -0.9985069506235359, 
        -1.15265310675048, 
        -1.15265310675048, 
        -0.9985069506235359, 
        -0.9985069506235359, 
        -0.8649789507876784, 
        -0.8649789507876784, 
        -1.15265310675048, 
        -1.5581023820686954, 
        -1.8457686219812004, 
        -2.251202065762801, 
        -1.8457686219812004, 
        -1.5581023820686954, 
        -1.5581023820686954, 
        -1.3349683303983737, 
        -1.5581023820686954, 
        -1.5581023820686954, 
        -1.5581023820686954, 
        -1.5581023820686954, 
        -1.3349683303983737, 
        -1.3349683303983737, 
        -1.3349683303983737
    ], 
    "original_signals": [
        0, 
        0, 
        0, 
        0, 
        0, 
        1, 
        0, 
        1, 
        0, 
        0, 
        0, 
        0, 
        0, 
        0, 
        0, 
        2, 
        1, 
        1, 
        0, 
        0, 
        1, 
        1, 
        0, 
        0, 
        0, 
        1, 
        0, 
        1, 
        0, 
        0, 
        0, 
        0, 
        0, 
        0, 
        2, 
        0, 
        1, 
        0, 
        0, 
        0, 
        1, 
        1, 
        0, 
        0, 
        0, 
        0, 
        0, 
        0, 
        1, 
        0, 
        1, 
        0, 
        0, 
        0, 
        0, 
        0, 
        1, 
        1, 
        0, 
        0
    ]
}