{
    "signals_b_s": [
        0.0, 
        0.0, 
        0.0, 
        0.0, 
        0.0, 
        0.0, 
        0.0, 
        0.0, 
        0.0, 
        0.0, 
        0.0, 
        0.0, 
        0.0, 
        0.0, 
        0.0, 
        0.0, 
        0.0, 
        0.0, 
        0.0, 
        0.0, 
        0.0, 
        0.0, 
        0.0, 
        0.0, 
        0.0, 
        0.0, 
        0.0, 
        0.0, 
        0.0, 
        0.0, 
        0.0, 
        0.0, 
        0.005089057229247525, 
        0.0, 
        0.005089057229247525, 
        0.005089057229247525, 
        0.007633585843871287, 
        0.007633585843871287, 
        0.0025445286146237624, 
        0.005089057229247525, 
        0.005089057229247525, 
        0.012722643073118812, 
        0.027989814760861383, 
        0.015267171687742574, 
        0.03562340060473268, 
        0.010178114458495056, 
        0.025445286146237624, 
        0.005089057229247532, 
        0.02290075753161387, 
        0.01017811445849505, 
        0.03816792921935643, 
        0.0203562289169901, 
        0.007633585843871284, 
        0.0, 
        0.02290075753161386, 
        0.020356228916990095, 
        0.022900757531613858, 
        0.012722643073118812, 
        0.02290075753161386, 
        0.01017811445849505
    ], 
    "signals_b_s_c": [
        0.0, 
        0.0, 
        0.0, 
        0.0, 
        0.0, 
        0.0, 
        0.0, 
        0.0, 
        0.0, 
        0.0, 
        0.0, 
        0.0, 
        0.0, 
        0.0, 
        0.0, 
        0.0, 
        0.0, 
        0.0, 
        0.0, 
        0.0, 
        0.0, 
        0.0, 
        0.0, 
        0.0, 
        0.0, 
        0.0, 
        0.0, 
        0.0, 
        0.0, 
        0.0, 
        0.0, 
        0.0, 
        0.0, 
        0.005089057229247525, 
        0.005089057229247525, 
        0.01017811445849505, 
        0.015267171687742574, 
        0.02290075753161386, 
        0.03053434337548515, 
        0.03307887199010891, 
        0.03816792921935643, 
        0.04325698644860396, 
        0.055979629521722765, 
        0.07888038705333664, 
        0.09414755874107922, 
        0.12468190211656435, 
        0.1297709593458119, 
        0.1475826596481782, 
        0.14503813103355445, 
        0.16539435995054458, 
        0.1704834171797921, 
        0.20356228916990102, 
        0.2111958750137723, 
        0.1908396460967822, 
        0.17557247440903961, 
        0.1628498313359208, 
        0.17302794579441585, 
        0.17048341717979207, 
        0.17811700302366337, 
        0.17811700302366335
    ], 
    "signals_b": [
        0.0, 
        0.0, 
        0.0, 
        0.0, 
        0.0, 
        0.0, 
        0.0, 
        0.0, 
        0.0, 
        0.0, 
        0.0, 
        0.0, 
        0.0, 
        0.0, 
        0.0, 
        0.0, 
        0.0, 
        0.0, 
        0.0, 
        0.0, 
        0.0, 
        0.0, 
        0.0, 
        0.0, 
        0.0, 
        0.0, 
        0.0, 
        0.0, 
        0.0, 
        0.0, 
        0.0, 
        0.0, 
        0.005089057229247525, 
        0.005089057229247525, 
        0.0, 
        0.005089057229247525, 
        0.012722643073118812, 
        0.005089057229247525, 
        0.007633585843871287, 
        0.012722643073118812, 
        0.007633585843871287, 
        0.0203562289169901, 
        0.04834604367785148, 
        0.03307887199010891, 
        0.06870227259484159, 
        0.05852415813634653, 
        0.08396944428258415, 
        0.08905850151183169, 
        0.06615774398021781, 
        0.07633585843871286, 
        0.03816792921935643, 
        0.05852415813634653, 
        0.05089057229247525, 
        0.05089057229247525, 
        0.027989814760861386, 
        0.04834604367785148, 
        0.025445286146237624, 
        0.012722643073118812, 
        0.03562340060473267, 
        0.04580151506322772
    ], 
    "signals_b_s_c_l": [
        -11.512925464970229, 
        -11.512925464970229, 
        -11.512925464970229, 
        -11.512925464970229, 
        -11.512925464970229, 
        -11.512925464970229, 
        -11.512925464970229, 
        -11.512925464970229, 
        -11.512925464970229, 
        -11.512925464970229, 
        -11.512925464970229, 
        -11.512925464970229, 
        -11.512925464970229, 
        -11.512925464970229, 
        -11.512925464970229, 
        -11.512925464970229, 
        -11.512925464970229, 
        -11.512925464970229, 
        -11.512925464970229, 
        -11.512925464970229, 
        -11.512925464970229, 
        -11.512925464970229, 
        -11.512925464970229, 
        -11.512925464970229, 
        -11.512925464970229, 
        -11.512925464970229, 
        -11.512925464970229, 
        -11.512925464970229, 
        -11.512925464970229, 
        -11.512925464970229, 
        -11.512925464970229, 
        -11.512925464970229, 
        -11.512925464970229, 
        -5.27869961335031, 
        -5.27869961335031, 
        -4.58653348728973, 
        -4.181395611346418, 
        -3.77614871751935, 
        -3.4885757700672677, 
        -3.408558246777174, 
        -3.265497699469302, 
        -3.1403653724537035, 
        -2.8825887925083316, 
        -2.5396958956463753, 
        -2.362785743075233, 
        -2.0819093673256646, 
        -2.041907177723572, 
        -1.9132990994333174, 
        -1.9306896534784017, 
        -1.7993621367003976, 
        -1.7690585919200843, 
        -1.591734107842367, 
        -1.5549219102368663, 
        -1.656269354145344, 
        -1.7396464068106254, 
        -1.8148653785821456, 
        -1.7542443686837117, 
        -1.7690585919200845, 
        -1.7252584829773194, 
        -1.7252584829773194
    ], 
    "original_signals": [
        0, 
        0, 
        0, 
        0, 
        0, 
        0, 
        0, 
        0, 
        0, 
        0, 
        0, 
        0, 
        0, 
        0, 
        0, 
        0, 
        0, 
        0, 
        0, 
        0, 
        0, 
        0, 
        0, 
        0, 
        0, 
        0, 
        0, 
        0, 
        0, 
        0, 
        0, 
        0, 
        2, 
        2, 
        0, 
        2, 
        5, 
        2, 
        3, 
        5, 
        3, 
        8, 
        19, 
        13, 
        27, 
        23, 
        33, 
        35, 
        26, 
        30, 
        15, 
        23, 
        20, 
        20, 
        11, 
        19, 
        10, 
        5, 
        14, 
        18
    ]
}