{
    "signals_b_s": [
        0.0, 
        0.0, 
        0.0, 
        0.0, 
        0.0, 
        0.0, 
        0.0, 
        0.0, 
        0.0, 
        0.0, 
        0.0, 
        0.0, 
        0.0, 
        0.0, 
        0.0, 
        0.0, 
        0.0, 
        0.0, 
        0.0, 
        0.0, 
        0.0, 
        0.0, 
        0.0, 
        0.0, 
        0.0, 
        0.0, 
        0.0, 
        0.0, 
        0.0, 
        0.0, 
        0.0, 
        0.0, 
        0.0, 
        0.0, 
        0.000851063757356276, 
        0.0017021275147125518, 
        0.02978723150746966, 
        0.024680848963332003, 
        0.008510637573562761, 
        0.002553191272068829, 
        0.012765956360344138, 
        0.011914892602987864, 
        0.009361701330919035, 
        0.009361701330919035, 
        0.01021276508827531, 
        0.011914892602987864, 
        0.005957446301493932, 
        0.003404255029425103, 
        0.005957446301493932, 
        0.004255318786781381, 
        0.008510637573562758, 
        0.005106382544137658, 
        0.01361702011770042, 
        0.004255318786781384, 
        0.024680848963332003, 
        0.01617021138976924, 
        0.013617020117700412, 
        0.007659573816206484, 
        0.0008510637573562775, 
        0.003404255029425103
    ], 
    "signals_b_s_c": [
        0.0, 
        0.0, 
        0.0, 
        0.0, 
        0.0, 
        0.0, 
        0.0, 
        0.0, 
        0.0, 
        0.0, 
        0.0, 
        0.0, 
        0.0, 
        0.0, 
        0.0, 
        0.0, 
        0.0, 
        0.0, 
        0.0, 
        0.0, 
        0.0, 
        0.0, 
        0.0, 
        0.0, 
        0.0, 
        0.0, 
        0.0, 
        0.0, 
        0.0, 
        0.0, 
        0.0, 
        0.0, 
        0.0, 
        0.0, 
        0.0, 
        0.000851063757356276, 
        0.0025531912720688278, 
        0.03234042277953849, 
        0.05702127174287049, 
        0.06553190931643325, 
        0.06808510058850209, 
        0.08085105694884623, 
        0.09276594955183409, 
        0.10212765088275313, 
        0.11148935221367218, 
        0.12085105354459122, 
        0.1310638186328665, 
        0.10723403342689079, 
        0.08595743949298387, 
        0.08340424822091504, 
        0.0851063757356276, 
        0.08085105694884621, 
        0.07404254688999601, 
        0.07829786567677738, 
        0.07319148313263975, 
        0.08765956700769642, 
        0.09191488579447782, 
        0.09957445961068428, 
        0.10382977839746567, 
        0.09872339585332801
    ], 
    "signals_b": [
        0.0, 
        0.0, 
        0.0, 
        0.0, 
        0.0, 
        0.0, 
        0.0, 
        0.0, 
        0.0, 
        0.0, 
        0.0, 
        0.0, 
        0.0, 
        0.0, 
        0.0, 
        0.0, 
        0.0, 
        0.0, 
        0.0, 
        0.0, 
        0.0, 
        0.0, 
        0.0, 
        0.0, 
        0.0, 
        0.0, 
        0.0, 
        0.0, 
        0.0, 
        0.0, 
        0.0, 
        0.0, 
        0.0, 
        0.0, 
        0.000851063757356276, 
        0.0025531912720688278, 
        0.03234042277953849, 
        0.05702127174287049, 
        0.04851063416930773, 
        0.05106382544137656, 
        0.03829786908103242, 
        0.050212761684020286, 
        0.05957446301493932, 
        0.050212761684020286, 
        0.060425526772295596, 
        0.04851063416930773, 
        0.0425531878678138, 
        0.039148932838388696, 
        0.033191486536894764, 
        0.028936167750113383, 
        0.03744680532367614, 
        0.0425531878678138, 
        0.05617020798551422, 
        0.051914889198732835, 
        0.027234040235400832, 
        0.04340425162517007, 
        0.02978723150746966, 
        0.022127657691263177, 
        0.0212765939339069, 
        0.024680848963332003
    ], 
    "signals_b_s_c_l": [
        -11.512925464970229, 
        -11.512925464970229, 
        -11.512925464970229, 
        -11.512925464970229, 
        -11.512925464970229, 
        -11.512925464970229, 
        -11.512925464970229, 
        -11.512925464970229, 
        -11.512925464970229, 
        -11.512925464970229, 
        -11.512925464970229, 
        -11.512925464970229, 
        -11.512925464970229, 
        -11.512925464970229, 
        -11.512925464970229, 
        -11.512925464970229, 
        -11.512925464970229, 
        -11.512925464970229, 
        -11.512925464970229, 
        -11.512925464970229, 
        -11.512925464970229, 
        -11.512925464970229, 
        -11.512925464970229, 
        -11.512925464970229, 
        -11.512925464970229, 
        -11.512925464970229, 
        -11.512925464970229, 
        -11.512925464970229, 
        -11.512925464970229, 
        -11.512925464970229, 
        -11.512925464970229, 
        -11.512925464970229, 
        -11.512925464970229, 
        -11.512925464970229, 
        -11.512925464970229, 
        -7.057342005922414, 
        -5.966502206187781, 
        -3.4311281892013517, 
        -2.8641555345204917, 
        -2.725065504057172, 
        -2.6868500127833355, 
        -2.515022943511308, 
        -2.3775678370909885, 
        -2.2814338570211175, 
        -2.193736497841691, 
        -2.113113711020764, 
        -2.0319946134738154, 
        -2.232648355104852, 
        -2.4537866649663975, 
        -2.483936142231866, 
        -2.463735832589133, 
        -2.515022943511308, 
        -2.602980344666737, 
        -2.5471072253885976, 
        -2.6145395968452703, 
        -2.434180452281755, 
        -2.3867834941727524, 
        -2.3067491545703978, 
        -2.264906160105429, 
        -2.315332032596006
    ], 
    "original_signals": [
        0, 
        0, 
        0, 
        0, 
        0, 
        0, 
        0, 
        0, 
        0, 
        0, 
        0, 
        0, 
        0, 
        0, 
        0, 
        0, 
        0, 
        0, 
        0, 
        0, 
        0, 
        0, 
        0, 
        0, 
        0, 
        0, 
        0, 
        0, 
        0, 
        0, 
        0, 
        0, 
        0, 
        0, 
        1, 
        3, 
        38, 
        67, 
        57, 
        60, 
        45, 
        59, 
        70, 
        59, 
        71, 
        57, 
        50, 
        46, 
        39, 
        34, 
        44, 
        50, 
        66, 
        61, 
        32, 
        51, 
        35, 
        26, 
        25, 
        29
    ]
}