{
    "signals_b_s": [
        0.0, 
        0.0, 
        0.0, 
        0.0, 
        0.0, 
        0.0, 
        0.0, 
        0.0, 
        0.0, 
        0.0, 
        0.0, 
        0.005181344465624629, 
        0.005181344465624629, 
        0.005181344465624629, 
        0.005181344465624629, 
        0.005181344465624629, 
        0.005181344465624629, 
        0.0, 
        0.0, 
        0.005181344465624629, 
        0.005181344465624629, 
        0.0, 
        0.005181344465624629, 
        0.0, 
        0.005181344465624629, 
        0.0, 
        0.005181344465624629, 
        0.005181344465624629, 
        0.0, 
        0.005181344465624629, 
        0.005181344465624629, 
        0.0, 
        0.0, 
        0.0, 
        0.0, 
        0.0, 
        0.005181344465624629, 
        0.010362688931249257, 
        0.062176133587495554, 
        0.03626941125937241, 
        0.005181344465624627, 
        0.005181344465624627, 
        0.03626941125937241, 
        0.0, 
        0.005181344465624627, 
        0.04663210019062165, 
        0.0725388225187448, 
        0.0362694112593724, 
        0.07772016698436944, 
        0.025906722328123147, 
        0.04145075572499703, 
        0.01554403339687389, 
        0.01554403339687389, 
        0.010362688931249258, 
        0.010362688931249258, 
        0.0, 
        0.015544033396873887, 
        0.015544033396873887, 
        0.010362688931249258, 
        0.0
    ], 
    "signals_b_s_c": [
        0.0, 
        0.0, 
        0.0, 
        0.0, 
        0.0, 
        0.0, 
        0.0, 
        0.0, 
        0.0, 
        0.0, 
        0.0, 
        0.0, 
        0.005181344465624629, 
        0.010362688931249258, 
        0.015544033396873887, 
        0.020725377862498517, 
        0.025906722328123147, 
        0.031088066793747777, 
        0.031088066793747777, 
        0.031088066793747777, 
        0.03626941125937241, 
        0.041450755724997033, 
        0.03626941125937241, 
        0.03626941125937241, 
        0.031088066793747777, 
        0.031088066793747777, 
        0.025906722328123147, 
        0.025906722328123147, 
        0.031088066793747777, 
        0.031088066793747777, 
        0.031088066793747777, 
        0.031088066793747777, 
        0.031088066793747777, 
        0.025906722328123147, 
        0.025906722328123147, 
        0.020725377862498517, 
        0.020725377862498517, 
        0.020725377862498517, 
        0.025906722328123143, 
        0.0880828559156187, 
        0.11917092270936647, 
        0.11917092270936647, 
        0.1243522671749911, 
        0.1606216784343635, 
        0.1606216784343635, 
        0.16580302289998813, 
        0.2124351230906098, 
        0.27979260114372995, 
        0.3056993234718531, 
        0.321243356868727, 
        0.3108806679374777, 
        0.3471500791968501, 
        0.35751276812809935, 
        0.33678739026560084, 
        0.3471500791968501, 
        0.3523314236624747, 
        0.3056993234718531, 
        0.24870453434998213, 
        0.22797915648748363, 
        0.16062167843436348
    ], 
    "signals_b": [
        0.0, 
        0.0, 
        0.0, 
        0.0, 
        0.0, 
        0.0, 
        0.0, 
        0.0, 
        0.0, 
        0.0, 
        0.0, 
        0.005181344465624629, 
        0.0, 
        0.005181344465624629, 
        0.0, 
        0.005181344465624629, 
        0.0, 
        0.0, 
        0.0, 
        0.005181344465624629, 
        0.0, 
        0.0, 
        0.005181344465624629, 
        0.005181344465624629, 
        0.0, 
        0.0, 
        0.005181344465624629, 
        0.0, 
        0.0, 
        0.005181344465624629, 
        0.0, 
        0.0, 
        0.0, 
        0.0, 
        0.0, 
        0.0, 
        0.005181344465624629, 
        0.015544033396873887, 
        0.07772016698436944, 
        0.041450755724997033, 
        0.04663210019062166, 
        0.041450755724997033, 
        0.07772016698436944, 
        0.07772016698436944, 
        0.07253882251874481, 
        0.11917092270936647, 
        0.04663210019062166, 
        0.010362688931249258, 
        0.0880828559156187, 
        0.06217613358749555, 
        0.020725377862498517, 
        0.03626941125937241, 
        0.020725377862498517, 
        0.010362688931249258, 
        0.020725377862498517, 
        0.020725377862498517, 
        0.005181344465624629, 
        0.020725377862498517, 
        0.010362688931249258, 
        0.010362688931249258
    ], 
    "signals_b_s_c_l": [
        -11.512925464970229, 
        -11.512925464970229, 
        -11.512925464970229, 
        -11.512925464970229, 
        -11.512925464970229, 
        -11.512925464970229, 
        -11.512925464970229, 
        -11.512925464970229, 
        -11.512925464970229, 
        -11.512925464970229, 
        -11.512925464970229, 
        -11.512925464970229, 
        -5.260762566098504, 
        -4.568578991293176, 
        -4.163435291555082, 
        -3.875913962035392, 
        -3.652866868884278, 
        -3.470609622701762, 
        -3.470609622701762, 
        -3.470609622701762, 
        -3.3165048815578193, 
        -3.1830079443307624, 
        -3.3165048815578193, 
        -3.3165048815578193, 
        -3.470609622701762, 
        -3.470609622701762, 
        -3.652866868884278, 
        -3.652866868884278, 
        -3.470609622701762, 
        -3.470609622701762, 
        -3.470609622701762, 
        -3.470609622701762, 
        -3.470609622701762, 
        -3.652866868884278, 
        -3.652866868884278, 
        -3.875913962035392, 
        -3.875913962035392, 
        -3.875913962035392, 
        -3.652866868884278, 
        -2.4293638399566446, 
        -2.1271125815438663, 
        -2.1271125815438663, 
        -2.0845564632164377, 
        -1.8286412463955006, 
        -1.8286412463955006, 
        -1.7968944935272173, 
        -1.5490715682479446, 
        -1.2736709203546186, 
        -1.185120551787413, 
        -1.1355251934304864, 
        -1.1683139786513692, 
        -1.0579692820783102, 
        -1.0285562318044035, 
        -1.0882737452615607, 
        -1.0579692820783102, 
        -1.0431546198984845, 
        -1.185120551787413, 
        -1.3914494885857431, 
        -1.4784572104240967, 
        -1.8286412463955009
    ], 
    "original_signals": [
        0, 
        0, 
        0, 
        0, 
        0, 
        0, 
        0, 
        0, 
        0, 
        0, 
        0, 
        1, 
        0, 
        1, 
        0, 
        1, 
        0, 
        0, 
        0, 
        1, 
        0, 
        0, 
        1, 
        1, 
        0, 
        0, 
        1, 
        0, 
        0, 
        1, 
        0, 
        0, 
        0, 
        0, 
        0, 
        0, 
        1, 
        3, 
        15, 
        8, 
        9, 
        8, 
        15, 
        15, 
        14, 
        23, 
        9, 
        2, 
        17, 
        12, 
        4, 
        7, 
        4, 
        2, 
        4, 
        4, 
        1, 
        4, 
        2, 
        2
    ]
}