{
    "signals_b_s": [
        0.0, 
        0.006211176266350145, 
        0.006211176266350145, 
        0.0, 
        0.0, 
        0.0, 
        0.0, 
        0.0, 
        0.0, 
        0.0, 
        0.0, 
        0.0, 
        0.0, 
        0.0, 
        0.0, 
        0.006211176266350145, 
        0.006211176266350145, 
        0.0, 
        0.0, 
        0.0, 
        0.0, 
        0.0, 
        0.0, 
        0.0, 
        0.0, 
        0.0, 
        0.0, 
        0.0, 
        0.006211176266350145, 
        0.0, 
        0.006211176266350145, 
        0.01242235253270029, 
        0.0, 
        0.0, 
        0.006211176266350145, 
        0.006211176266350145, 
        0.0, 
        0.01242235253270029, 
        0.0, 
        0.006211176266350145, 
        0.018633528799050433, 
        0.006211176266350146, 
        0.037267057598100874, 
        0.024844705065400582, 
        0.0, 
        0.0, 
        0.012422352532700291, 
        0.012422352532700291, 
        0.012422352532700291, 
        0.018633528799050433, 
        0.043478233864451016, 
        0.018633528799050437, 
        0.012422352532700288, 
        0.03726705759810087, 
        0.031055881331750718, 
        0.031055881331750718, 
        0.018633528799050426, 
        0.006211176266350149, 
        0.03726705759810087, 
        0.04968941013080116
    ], 
    "signals_b_s_c": [
        0.0, 
        0.0, 
        0.006211176266350145, 
        0.01242235253270029, 
        0.01242235253270029, 
        0.01242235253270029, 
        0.01242235253270029, 
        0.01242235253270029, 
        0.01242235253270029, 
        0.01242235253270029, 
        0.01242235253270029, 
        0.01242235253270029, 
        0.006211176266350145, 
        0.0, 
        0.0, 
        0.0, 
        0.006211176266350145, 
        0.01242235253270029, 
        0.01242235253270029, 
        0.01242235253270029, 
        0.01242235253270029, 
        0.01242235253270029, 
        0.01242235253270029, 
        0.01242235253270029, 
        0.01242235253270029, 
        0.01242235253270029, 
        0.006211176266350145, 
        0.0, 
        0.0, 
        0.006211176266350145, 
        0.006211176266350145, 
        0.01242235253270029, 
        0.02484470506540058, 
        0.02484470506540058, 
        0.02484470506540058, 
        0.031055881331750725, 
        0.03726705759810087, 
        0.03726705759810087, 
        0.04968941013080116, 
        0.043478233864451016, 
        0.04968941013080116, 
        0.06211176266350144, 
        0.0559005863971513, 
        0.09316764399525218, 
        0.11801234906065276, 
        0.11180117279430261, 
        0.10558999652795246, 
        0.11801234906065275, 
        0.11801234906065278, 
        0.13043470159335308, 
        0.14285705412605337, 
        0.16770175919145391, 
        0.1801241117241542, 
        0.15527940665875364, 
        0.16770175919145391, 
        0.19875764052320463, 
        0.22981352185495535, 
        0.23602469812130547, 
        0.22981352185495532, 
        0.2546582269203559
    ], 
    "signals_b": [
        0.0, 
        0.006211176266350145, 
        0.0, 
        0.0, 
        0.0, 
        0.0, 
        0.0, 
        0.0, 
        0.0, 
        0.0, 
        0.0, 
        0.0, 
        0.0, 
        0.0, 
        0.0, 
        0.006211176266350145, 
        0.0, 
        0.0, 
        0.0, 
        0.0, 
        0.0, 
        0.0, 
        0.0, 
        0.0, 
        0.0, 
        0.0, 
        0.0, 
        0.0, 
        0.006211176266350145, 
        0.006211176266350145, 
        0.01242235253270029, 
        0.0, 
        0.0, 
        0.0, 
        0.006211176266350145, 
        0.0, 
        0.0, 
        0.01242235253270029, 
        0.01242235253270029, 
        0.006211176266350145, 
        0.02484470506540058, 
        0.018633528799050433, 
        0.05590058639715131, 
        0.031055881331750725, 
        0.031055881331750725, 
        0.031055881331750725, 
        0.043478233864451016, 
        0.05590058639715131, 
        0.0683229389298516, 
        0.08695646772890203, 
        0.043478233864451016, 
        0.02484470506540058, 
        0.03726705759810087, 
        0.07453411519620173, 
        0.043478233864451016, 
        0.07453411519620173, 
        0.05590058639715131, 
        0.04968941013080116, 
        0.01242235253270029, 
        0.06211176266350145
    ], 
    "signals_b_s_c_l": [
        -11.512925464970229, 
        -11.512925464970229, 
        -5.079796279764474, 
        -4.387453128881457, 
        -4.387453128881457, 
        -4.387453128881457, 
        -4.387453128881457, 
        -4.387453128881457, 
        -4.387453128881457, 
        -4.387453128881457, 
        -4.387453128881457, 
        -4.387453128881457, 
        -5.079796279764474, 
        -11.512925464970229, 
        -11.512925464970229, 
        -11.512925464970229, 
        -5.079796279764474, 
        -4.387453128881457, 
        -4.387453128881457, 
        -4.387453128881457, 
        -4.387453128881457, 
        -4.387453128881457, 
        -4.387453128881457, 
        -4.387453128881457, 
        -4.387453128881457, 
        -4.387453128881457, 
        -5.079796279764474, 
        -11.512925464970229, 
        -11.512925464970229, 
        -5.079796279764474, 
        -5.079796279764474, 
        -4.387453128881457, 
        -3.6947082057138885, 
        -3.6947082057138885, 
        -3.6947082057138885, 
        -3.4716451252991205, 
        -3.2893772193692223, 
        -3.2893772193692223, 
        -3.0017622145455363, 
        -3.13526486335009, 
        -3.0017622145455363, 
        -2.778658905967362, 
        -2.8840015357647926, 
        -2.3732474573598896, 
        -2.136881273631073, 
        -2.1909437877060385, 
        -2.2480969405892144, 
        -2.136881273631073, 
        -2.136881273631073, 
        -2.0368058846033157, 
        -1.945840772579543, 
        -1.7855084922090647, 
        -1.7140536403809732, 
        -1.8624647632676752, 
        -1.7855084922090647, 
        -1.615618772036939, 
        -1.4704435608642041, 
        -1.4437764588260458, 
        -1.4704435608642044, 
        -1.3677936518518818
    ], 
    "original_signals": [
        0, 
        1, 
        0, 
        0, 
        0, 
        0, 
        0, 
        0, 
        0, 
        0, 
        0, 
        0, 
        0, 
        0, 
        0, 
        1, 
        0, 
        0, 
        0, 
        0, 
        0, 
        0, 
        0, 
        0, 
        0, 
        0, 
        0, 
        0, 
        1, 
        1, 
        2, 
        0, 
        0, 
        0, 
        1, 
        0, 
        0, 
        2, 
        2, 
        1, 
        4, 
        3, 
        9, 
        5, 
        5, 
        5, 
        7, 
        9, 
        11, 
        14, 
        7, 
        4, 
        6, 
        12, 
        7, 
        12, 
        9, 
        8, 
        2, 
        10
    ]
}