{
    "signals_b_s": [
        0.011820328174863316, 
        0.009456262539890653, 
        0.0047281312699453265, 
        0.0, 
        0.0047281312699453265, 
        0.011820328174863316, 
        0.0047281312699453265, 
        0.00709219690491799, 
        0.011820328174863316, 
        0.0047281312699453265, 
        0.0047281312699453265, 
        0.00709219690491799, 
        0.00709219690491799, 
        0.016548459444808643, 
        0.0023640656349726633, 
        0.0023640656349726633, 
        0.0047281312699453265, 
        0.011820328174863316, 
        0.009456262539890653, 
        0.00709219690491799, 
        0.018912525079781306, 
        0.009456262539890653, 
        0.023640656349726633, 
        0.0023640656349726633, 
        0.00709219690491799, 
        0.0023640656349726633, 
        0.0023640656349726633, 
        0.009456262539890653, 
        0.0047281312699453265, 
        0.0023640656349726633, 
        0.0047281312699453265, 
        0.00709219690491799, 
        0.01418439380983598, 
        0.0, 
        0.0047281312699453265, 
        0.011820328174863316, 
        0.02836878761967196, 
        0.023640656349726633, 
        0.0047281312699453265, 
        0.009456262539890653, 
        0.00709219690491799, 
        0.0, 
        0.0047281312699453265, 
        0.0023640656349726633, 
        0.01418439380983598, 
        0.011820328174863316, 
        0.00709219690491799, 
        0.0047281312699453265, 
        0.0023640656349726633, 
        0.00709219690491799, 
        0.0023640656349726633, 
        0.0, 
        0.0023640656349726633, 
        0.009456262539890653, 
        0.023640656349726633, 
        0.023640656349726633, 
        0.01418439380983598, 
        0.00709219690491799, 
        0.023640656349726633, 
        0.00709219690491799
    ], 
    "signals_b_s_c": [
        0.011820328174863316, 
        0.011820328174863316, 
        0.02127659071475397, 
        0.026004721984699296, 
        0.026004721984699296, 
        0.030732853254644622, 
        0.04255318142950794, 
        0.047281312699453265, 
        0.054373509604371255, 
        0.06619383777923457, 
        0.0709219690491799, 
        0.06382977214426191, 
        0.061465706509289245, 
        0.06382977214426191, 
        0.08037823158907056, 
        0.07801416595409788, 
        0.06855790341420723, 
        0.06855790341420724, 
        0.07328603468415257, 
        0.0709219690491799, 
        0.07328603468415257, 
        0.08747042849398853, 
        0.0898344941289612, 
        0.10638295357376985, 
        0.09219855976393387, 
        0.09692669103387921, 
        0.09692669103387919, 
        0.09456262539890653, 
        0.09219855976393385, 
        0.08747042849398852, 
        0.08274229722404322, 
        0.06855790341420724, 
        0.06619383777923457, 
        0.05673757523934392, 
        0.054373509604371255, 
        0.05200944396939859, 
        0.061465706509289245, 
        0.08747042849398853, 
        0.10165482230382451, 
        0.10165482230382453, 
        0.10874701920874251, 
        0.11111108484371518, 
        0.10401888793879718, 
        0.09456262539890652, 
        0.09692669103387919, 
        0.10638295357376985, 
        0.10638295357376987, 
        0.08510636285901588, 
        0.06619383777923457, 
        0.06382977214426191, 
        0.061465706509289245, 
        0.05673757523934392, 
        0.05673757523934392, 
        0.054373509604371255, 
        0.061465706509289245, 
        0.0709219690491799, 
        0.08274229722404322, 
        0.0898344941289612, 
        0.09219855976393387, 
        0.11347515047868782
    ], 
    "signals_b": [
        0.011820328174863316, 
        0.0023640656349726633, 
        0.00709219690491799, 
        0.00709219690491799, 
        0.0023640656349726633, 
        0.01418439380983598, 
        0.009456262539890653, 
        0.0023640656349726633, 
        0.01418439380983598, 
        0.018912525079781306, 
        0.01418439380983598, 
        0.02127659071475397, 
        0.02836878761967196, 
        0.011820328174863316, 
        0.01418439380983598, 
        0.011820328174863316, 
        0.016548459444808643, 
        0.0047281312699453265, 
        0.01418439380983598, 
        0.00709219690491799, 
        0.026004721984699296, 
        0.03546098452458995, 
        0.011820328174863316, 
        0.009456262539890653, 
        0.016548459444808643, 
        0.01418439380983598, 
        0.011820328174863316, 
        0.02127659071475397, 
        0.016548459444808643, 
        0.018912525079781306, 
        0.023640656349726633, 
        0.030732853254644622, 
        0.016548459444808643, 
        0.016548459444808643, 
        0.02127659071475397, 
        0.009456262539890653, 
        0.03782505015956261, 
        0.01418439380983598, 
        0.018912525079781306, 
        0.009456262539890653, 
        0.016548459444808643, 
        0.016548459444808643, 
        0.011820328174863316, 
        0.01418439380983598, 
        0.02836878761967196, 
        0.016548459444808643, 
        0.009456262539890653, 
        0.01418439380983598, 
        0.011820328174863316, 
        0.018912525079781306, 
        0.02127659071475397, 
        0.02127659071475397, 
        0.023640656349726633, 
        0.01418439380983598, 
        0.03782505015956261, 
        0.01418439380983598, 
        0.02836878761967196, 
        0.03546098452458995, 
        0.011820328174863316, 
        0.018912525079781306
    ], 
    "signals_b_s_c_l": [
        -4.437088860475234, 
        -4.437088860475234, 
        -3.8496779484209958, 
        -3.649092671027733, 
        -3.649092671027733, 
        -3.482097726225143, 
        -3.156765685109337, 
        -3.0514286642118607, 
        -2.9116943033467018, 
        -2.7150168452235244, 
        -2.646034043696951, 
        -2.751378895015783, 
        -2.789113198318198, 
        -2.751378895015783, 
        -2.5208874867810955, 
        -2.550736680352496, 
        -2.6799307339997895, 
        -2.679930733999789, 
        -2.613248768631241, 
        -2.646034043696951, 
        -2.613248768631241, 
        -2.4363401849918245, 
        -2.4096749461058398, 
        -2.2406159300780524, 
        -2.3837023136406503, 
        -2.3336971833142, 
        -2.3336971833142006, 
        -2.358387216905073, 
        -2.3837023136406508, 
        -2.4363401849918245, 
        -2.4919035040946667, 
        -2.679930733999789, 
        -2.7150168452235244, 
        -2.869142350593471, 
        -2.9116943033467018, 
        -2.9561377078038666, 
        -2.789113198318198, 
        -2.4363401849918245, 
        -2.2860739324812474, 
        -2.2860739324812474, 
        -2.21863906664804, 
        -2.197134817771293, 
        -2.263086649769051, 
        -2.358387216905073, 
        -2.3336971833142006, 
        -2.2406159300780524, 
        -2.2406159300780524, 
        -2.4637359838715693, 
        -2.7150168452235244, 
        -2.751378895015783, 
        -2.789113198318198, 
        -2.869142350593471, 
        -2.869142350593471, 
        -2.9116943033467018, 
        -2.789113198318198, 
        -2.646034043696951, 
        -2.4919035040946667, 
        -2.4096749461058398, 
        -2.3837023136406503, 
        -2.1760832834069266
    ],