{
    "signals_b_s": [
        0.0, 
        0.0, 
        0.0, 
        0.005555552469137517, 
        0.005555552469137517, 
        0.0, 
        0.0, 
        0.005555552469137517, 
        0.005555552469137517, 
        0.0, 
        0.0, 
        0.0, 
        0.0, 
        0.0, 
        0.0, 
        0.0, 
        0.0, 
        0.0, 
        0.0, 
        0.0, 
        0.0, 
        0.0, 
        0.0, 
        0.0, 
        0.0, 
        0.0, 
        0.0, 
        0.0, 
        0.0, 
        0.0, 
        0.0, 
        0.01666665740741255, 
        0.01666665740741255, 
        0.0, 
        0.0, 
        0.0, 
        0.0, 
        0.005555552469137517, 
        0.0, 
        0.005555552469137517, 
        0.0, 
        0.0666666296296502, 
        0.03888886728396262, 
        0.02777776234568758, 
        0.005555552469137526, 
        0.01666665740741255, 
        0.022222209876550075, 
        0.02777776234568758, 
        0.011111104938275038, 
        0.0, 
        0.027777762345687587, 
        0.03888886728396262, 
        0.01111110493827503, 
        0.005555552469137519, 
        0.011111104938275038, 
        0.0, 
        0.0, 
        0.016666657407412556, 
        0.027777762345687587, 
        0.01666665740741255
    ], 
    "signals_b_s_c": [
        0.0, 
        0.0, 
        0.0, 
        0.0, 
        0.005555552469137517, 
        0.011111104938275034, 
        0.011111104938275034, 
        0.011111104938275034, 
        0.01666665740741255, 
        0.02222220987655007, 
        0.02222220987655007, 
        0.02222220987655007, 
        0.02222220987655007, 
        0.02222220987655007, 
        0.01666665740741255, 
        0.011111104938275034, 
        0.011111104938275034, 
        0.011111104938275034, 
        0.005555552469137517, 
        0.0, 
        0.0, 
        0.0, 
        0.0, 
        0.0, 
        0.0, 
        0.0, 
        0.0, 
        0.0, 
        0.0, 
        0.0, 
        0.0, 
        0.0, 
        0.01666665740741255, 
        0.0333333148148251, 
        0.0333333148148251, 
        0.0333333148148251, 
        0.0333333148148251, 
        0.0333333148148251, 
        0.03888886728396262, 
        0.03888886728396262, 
        0.04444441975310014, 
        0.04444441975310014, 
        0.09444439197533779, 
        0.11666660185188785, 
        0.14444436419757542, 
        0.14999991666671295, 
        0.1666665740741255, 
        0.18888878395067557, 
        0.21111099382722562, 
        0.22222209876550064, 
        0.21666654629636317, 
        0.24444430864205074, 
        0.21666654629636317, 
        0.18888878395067557, 
        0.16666657407412552, 
        0.17222212654326302, 
        0.1555554691358505, 
        0.1333332592593004, 
        0.1222221543210254, 
        0.13888881172843792
    ], 
    "signals_b": [
        0.0, 
        0.0, 
        0.0, 
        0.005555552469137517, 
        0.0, 
        0.0, 
        0.0, 
        0.005555552469137517, 
        0.0, 
        0.0, 
        0.0, 
        0.0, 
        0.0, 
        0.0, 
        0.0, 
        0.0, 
        0.0, 
        0.0, 
        0.0, 
        0.0, 
        0.0, 
        0.0, 
        0.0, 
        0.0, 
        0.0, 
        0.0, 
        0.0, 
        0.0, 
        0.0, 
        0.0, 
        0.0, 
        0.01666665740741255, 
        0.0, 
        0.0, 
        0.0, 
        0.0, 
        0.0, 
        0.005555552469137517, 
        0.005555552469137517, 
        0.011111104938275034, 
        0.011111104938275034, 
        0.07777773456792524, 
        0.03888886728396262, 
        0.0666666296296502, 
        0.07222218209878772, 
        0.08888883950620027, 
        0.0666666296296502, 
        0.03888886728396262, 
        0.049999972222237656, 
        0.049999972222237656, 
        0.02222220987655007, 
        0.061111077160512686, 
        0.049999972222237656, 
        0.04444441975310014, 
        0.0333333148148251, 
        0.0333333148148251, 
        0.0333333148148251, 
        0.049999972222237656, 
        0.02222220987655007, 
        0.03888886728396262
    ], 
    "signals_b_s_c_l": [
        -11.512925464970229, 
        -11.512925464970229, 
        -11.512925464970229, 
        -11.512925464970229, 
        -5.191159023506029, 
        -4.49891063014328, 
        -4.49891063014328, 
        -4.49891063014328, 
        -4.093745297372401, 
        -3.8062131462954687, 
        -3.8062131462954687, 
        -3.8062131462954687, 
        -3.8062131462954687, 
        -3.8062131462954687, 
        -4.093745297372401, 
        -4.49891063014328, 
        -4.49891063014328, 
        -4.49891063014328, 
        -5.191159023506029, 
        -11.512925464970229, 
        -11.512925464970229, 
        -11.512925464970229, 
        -11.512925464970229, 
        -11.512925464970229, 
        -11.512925464970229, 
        -11.512925464970229, 
        -11.512925464970229, 
        -11.512925464970229, 
        -11.512925464970229, 
        -11.512925464970229, 
        -11.512925464970229, 
        -11.512925464970229, 
        -4.093745297372401, 
        -3.400897982041942, 
        -3.400897982041942, 
        -3.400897982041942, 
        -3.400897982041942, 
        -3.400897982041942, 
        -3.246790147445893, 
        -3.246790147445893, 
        -3.1132908899495075, 
        -3.1132908899495075, 
        -2.359638185582778, 
        -2.148349258062119, 
        -1.9347916400127791, 
        -1.8970538759597049, 
        -1.791700026550053, 
        -1.666543942024904, 
        -1.555323879393707, 
        -1.504032953319146, 
        -1.5293496075092274, 
        -1.4087268642504691, 
        -1.5293496075092274, 
        -1.666543942024904, 
        -1.791700026550053, 
        -1.758912139097759, 
        -1.8606886125866477, 
        -2.0148285788683618, 
        -2.1018331382069513, 
        -1.9740095841292893
    ], 
    "original_signals": [
        0, 
        0, 
        0, 
        1, 
        0, 
        0, 
        0, 
        1, 
        0, 
        0, 
        0, 
        0, 
        0, 
        0, 
        0, 
        0, 
        0, 
        0, 
        0, 
        0, 
        0, 
        0, 
        0, 
        0, 
        0, 
        0, 
        0, 
        0, 
        0, 
        0, 
        0, 
        3, 
        0, 
        0, 
        0, 
        0, 
        0, 
        1, 
        1, 
        2, 
        2, 
        14, 
        7, 
        12, 
        13, 
        16, 
        12, 
        7, 
        9, 
        9, 
        4, 
        11, 
        9, 
        8, 
        6, 
        6, 
        6, 
        9, 
        4, 
        7
    ]
}