{
    "signals_b_s": [
        0.006756752191383654, 
        0.0, 
        0.006756752191383654, 
        0.0, 
        0.013513504382767308, 
        0.006756752191383654, 
        0.0, 
        0.006756752191383654, 
        0.0, 
        0.0, 
        0.0, 
        0.0, 
        0.0, 
        0.0, 
        0.0, 
        0.0, 
        0.0, 
        0.0, 
        0.006756752191383654, 
        0.006756752191383654, 
        0.0, 
        0.0, 
        0.0, 
        0.0, 
        0.0, 
        0.0, 
        0.0, 
        0.0, 
        0.0, 
        0.0, 
        0.0, 
        0.0, 
        0.0, 
        0.0, 
        0.0, 
        0.0, 
        0.0, 
        0.0, 
        0.0, 
        0.006756752191383654, 
        0.0, 
        0.006756752191383654, 
        0.04054051314830193, 
        0.05405401753106923, 
        0.07432427410522019, 
        0.040540513148301933, 
        0.027027008765534613, 
        0.0, 
        0.04729726533968558, 
        0.020270256574150963, 
        0.03378376095691827, 
        0.03378376095691827, 
        0.013513504382767313, 
        0.006756752191383657, 
        0.01351350438276731, 
        0.027027008765534617, 
        0.04054051314830193, 
        0.013513504382767308, 
        0.0, 
        0.013513504382767308
    ], 
    "signals_b_s_c": [
        0.006756752191383654, 
        0.006756752191383654, 
        0.006756752191383654, 
        0.013513504382767308, 
        0.013513504382767308, 
        0.027027008765534617, 
        0.03378376095691827, 
        0.03378376095691827, 
        0.04054051314830193, 
        0.04054051314830193, 
        0.04054051314830193, 
        0.03378376095691827, 
        0.03378376095691827, 
        0.027027008765534617, 
        0.027027008765534617, 
        0.013513504382767308, 
        0.006756752191383654, 
        0.006756752191383654, 
        0.0, 
        0.006756752191383654, 
        0.013513504382767308, 
        0.013513504382767308, 
        0.013513504382767308, 
        0.013513504382767308, 
        0.013513504382767308, 
        0.013513504382767308, 
        0.013513504382767308, 
        0.013513504382767308, 
        0.013513504382767308, 
        0.006756752191383654, 
        0.0, 
        0.0, 
        0.0, 
        0.0, 
        0.0, 
        0.0, 
        0.0, 
        0.0, 
        0.0, 
        0.0, 
        0.006756752191383654, 
        0.006756752191383654, 
        0.013513504382767308, 
        0.05405401753106923, 
        0.10810803506213847, 
        0.18243230916735864, 
        0.22297282231566057, 
        0.24999983108119517, 
        0.24999983108119517, 
        0.29729709642088076, 
        0.3108106008036481, 
        0.34459436176056635, 
        0.371621370526101, 
        0.34459436176056635, 
        0.2972970964208808, 
        0.23648632669842792, 
        0.22297282231566057, 
        0.2364863266984279, 
        0.2499998310811952, 
        0.20270256574150963
    ], 
    "signals_b": [
        0.006756752191383654, 
        0.006756752191383654, 
        0.013513504382767308, 
        0.013513504382767308, 
        0.0, 
        0.006756752191383654, 
        0.006756752191383654, 
        0.0, 
        0.0, 
        0.0, 
        0.0, 
        0.0, 
        0.0, 
        0.0, 
        0.0, 
        0.0, 
        0.0, 
        0.0, 
        0.006756752191383654, 
        0.0, 
        0.0, 
        0.0, 
        0.0, 
        0.0, 
        0.0, 
        0.0, 
        0.0, 
        0.0, 
        0.0, 
        0.0, 
        0.0, 
        0.0, 
        0.0, 
        0.0, 
        0.0, 
        0.0, 
        0.0, 
        0.0, 
        0.0, 
        0.006756752191383654, 
        0.006756752191383654, 
        0.013513504382767308, 
        0.05405401753106923, 
        0.10810803506213847, 
        0.03378376095691827, 
        0.0743242741052202, 
        0.10135128287075482, 
        0.10135128287075482, 
        0.05405401753106923, 
        0.03378376095691827, 
        0.06756752191383654, 
        0.03378376095691827, 
        0.04729726533968558, 
        0.04054051314830193, 
        0.027027008765534617, 
        0.05405401753106923, 
        0.013513504382767308, 
        0.027027008765534617, 
        0.027027008765534617, 
        0.013513504382767308
    ], 
    "signals_b_s_c_l": [
        -4.995734042561641, 
        -4.995734042561641, 
        -4.995734042561641, 
        -4.303326042044987, 
        -4.303326042044987, 
        -3.6105486565028846, 
        -3.3874790806048782, 
        -3.3874790806048782, 
        -3.2052068437954357, 
        -3.2052068437954357, 
        -3.2052068437954357, 
        -3.3874790806048782, 
        -3.3874790806048782, 
        -3.6105486565028846, 
        -3.6105486565028846, 
        -4.303326042044987, 
        -4.995734042561641, 
        -4.995734042561641, 
        -11.512925464970229, 
        -4.995734042561641, 
        -4.303326042044987, 
        -4.303326042044987, 
        -4.303326042044987, 
        -4.303326042044987, 
        -4.303326042044987, 
        -4.303326042044987, 
        -4.303326042044987, 
        -4.303326042044987, 
        -4.303326042044987, 
        -4.995734042561641, 
        -11.512925464970229, 
        -11.512925464970229, 
        -11.512925464970229, 
        -11.512925464970229, 
        -11.512925464970229, 
        -11.512925464970229, 
        -11.512925464970229, 
        -11.512925464970229, 
        -11.512925464970229, 
        -11.512925464970229, 
        -4.995734042561641, 
        -4.995734042561641, 
        -4.303326042044987, 
        -2.9175864247451395, 
        -2.2245317314151483, 
        -1.7013212700856608, 
        -1.5006605404635953, 
        -1.386255037568291, 
        -1.386255037568291, 
        -1.2129896797006283, 
        -1.1685393795332548, 
        -1.065358297508847, 
        -0.9898528554600442, 
        -1.065358297508847, 
        -1.212989679700628, 
        -1.4418226031013084, 
        -1.5006605404635953, 
        -1.4418226031013084, 
        -1.386255037568291, 
        -1.595966235627591
    ], 
    "original_signals": [
        1, 
        1, 
        2, 
        2, 
        0, 
        1, 
        1, 
        0, 
        0, 
        0, 
        0, 
        0, 
        0, 
        0, 
        0, 
        0, 
        0, 
        0, 
        1, 
        0, 
        0, 
        0, 
        0, 
        0, 
        0, 
        0, 
        0, 
        0, 
        0, 
        0, 
        0, 
        0, 
        0, 
        0, 
        0, 
        0, 
        0, 
        0, 
        0, 
        1, 
        1, 
        2, 
        8, 
        16, 
        5, 
        11, 
        15, 
        15, 
        8, 
        5, 
        10, 
        5, 
        7, 
        6, 
        4, 
        8, 
        2, 
        4, 
        4, 
        2
    ]
}