{
    "signals_b_s": [
        0.0, 
        0.0, 
        0.0, 
        0.0, 
        0.0, 
        0.0, 
        0.0, 
        0.0, 
        0.0, 
        0.0, 
        0.0, 
        0.0, 
        0.0, 
        0.0, 
        0.0, 
        0.0, 
        0.0, 
        0.0, 
        0.0, 
        0.0, 
        0.0, 
        0.0, 
        0.0, 
        0.0, 
        0.0, 
        0.0, 
        0.0, 
        0.0, 
        0.0, 
        0.0, 
        0.0, 
        0.0, 
        0.003690035538732274, 
        0.003690035538732274, 
        0.0, 
        0.003690035538732274, 
        0.0, 
        0.003690035538732274, 
        0.003690035538732274, 
        0.007380071077464549, 
        0.011070106616196822, 
        0.014760142154929094, 
        0.025830248771125913, 
        0.018450177693661363, 
        0.014760142154929094, 
        0.0, 
        0.011070106616196819, 
        0.014760142154929101, 
        0.040590390926055014, 
        0.007380071077464551, 
        0.01845017769366137, 
        0.0036900355387322753, 
        0.011070106616196819, 
        0.0, 
        0.0036900355387322753, 
        0.03690035538732274, 
        0.03321031984859047, 
        0.018450177693661366, 
        0.014760142154929098, 
        0.02583024877112592
    ], 
    "signals_b_s_c": [
        0.0, 
        0.0, 
        0.0, 
        0.0, 
        0.0, 
        0.0, 
        0.0, 
        0.0, 
        0.0, 
        0.0, 
        0.0, 
        0.0, 
        0.0, 
        0.0, 
        0.0, 
        0.0, 
        0.0, 
        0.0, 
        0.0, 
        0.0, 
        0.0, 
        0.0, 
        0.0, 
        0.0, 
        0.0, 
        0.0, 
        0.0, 
        0.0, 
        0.0, 
        0.0, 
        0.0, 
        0.0, 
        0.0, 
        0.003690035538732274, 
        0.007380071077464548, 
        0.007380071077464548, 
        0.011070106616196822, 
        0.011070106616196822, 
        0.014760142154929096, 
        0.01845017769366137, 
        0.02583024877112592, 
        0.03690035538732274, 
        0.05166049754225183, 
        0.07380071077464548, 
        0.08856085292957457, 
        0.10332099508450365, 
        0.09963095954577139, 
        0.1107010661619682, 
        0.12177117277816502, 
        0.15867152816548777, 
        0.15867152816548777, 
        0.16605159924295232, 
        0.15498149262675548, 
        0.1402213504718264, 
        0.12177117277816504, 
        0.11070106616196822, 
        0.14760142154929096, 
        0.1697416347816846, 
        0.17343167032041687, 
        0.14760142154929096
    ], 
    "signals_b": [
        0.0, 
        0.0, 
        0.0, 
        0.0, 
        0.0, 
        0.0, 
        0.0, 
        0.0, 
        0.0, 
        0.0, 
        0.0, 
        0.0, 
        0.0, 
        0.0, 
        0.0, 
        0.0, 
        0.0, 
        0.0, 
        0.0, 
        0.0, 
        0.0, 
        0.0, 
        0.0, 
        0.0, 
        0.0, 
        0.0, 
        0.0, 
        0.0, 
        0.0, 
        0.0, 
        0.0, 
        0.0, 
        0.003690035538732274, 
        0.0, 
        0.0, 
        0.003690035538732274, 
        0.003690035538732274, 
        0.0, 
        0.003690035538732274, 
        0.011070106616196822, 
        0.022140213232393645, 
        0.03690035538732274, 
        0.06273060415844865, 
        0.04428042646478729, 
        0.059040568619716384, 
        0.059040568619716384, 
        0.0701106752359132, 
        0.0848708173908423, 
        0.04428042646478729, 
        0.03690035538732274, 
        0.05535053308098411, 
        0.05166049754225183, 
        0.040590390926055014, 
        0.040590390926055014, 
        0.04428042646478729, 
        0.08118078185211003, 
        0.04797046200351956, 
        0.029520284309858192, 
        0.04428042646478729, 
        0.01845017769366137
    ], 
    "signals_b_s_c_l": [
        -11.512925464970229, 
        -11.512925464970229, 
        -11.512925464970229, 
        -11.512925464970229, 
        -11.512925464970229, 
        -11.512925464970229, 
        -11.512925464970229, 
        -11.512925464970229, 
        -11.512925464970229, 
        -11.512925464970229, 
        -11.512925464970229, 
        -11.512925464970229, 
        -11.512925464970229, 
        -11.512925464970229, 
        -11.512925464970229, 
        -11.512925464970229, 
        -11.512925464970229, 
        -11.512925464970229, 
        -11.512925464970229, 
        -11.512925464970229, 
        -11.512925464970229, 
        -11.512925464970229, 
        -11.512925464970229, 
        -11.512925464970229, 
        -11.512925464970229, 
        -11.512925464970229, 
        -11.512925464970229, 
        -11.512925464970229, 
        -11.512925464970229, 
        -11.512925464970229, 
        -11.512925464970229, 
        -11.512925464970229, 
        -11.512925464970229, 
        -5.59941285431531, 
        -4.9076179260081245, 
        -4.9076179260081245, 
        -4.502603975308859, 
        -4.502603975308859, 
        -4.21514755791312, 
        -3.992139424078279, 
        -3.6558219727485244, 
        -3.2992631335031715, 
        -2.9628683075006097, 
        -2.6062514254586344, 
        -2.4239524492016558, 
        -2.2698178986415574, 
        -2.3061819585083585, 
        -2.2008314789343135, 
        -2.1055295105461833, 
        -1.840856052896574, 
        -1.840856052896574, 
        -1.7953964796818451, 
        -1.8643850498481942, 
        -1.9644617168839993, 
        -2.105529510546183, 
        -2.2008314789343135, 
        -1.9131719880393157, 
        -1.7734188820643166, 
        -1.75191393023977, 
        -1.9131719880393157
    ], 
    "original_signals": [
        0, 
        0, 
        0, 
        0, 
        0, 
        0, 
        0, 
        0, 
        0, 
        0, 
        0, 
        0, 
        0, 
        0, 
        0, 
        0, 
        0, 
        0, 
        0, 
        0, 
        0, 
        0, 
        0, 
        0, 
        0, 
        0, 
        0, 
        0, 
        0, 
        0, 
        0, 
        0, 
        1, 
        0, 
        0, 
        1, 
        1, 
        0, 
        1, 
        3, 
        6, 
        10, 
        17, 
        12, 
        16, 
        16, 
        19, 
        23, 
        12, 
        10, 
        15, 
        14, 
        11, 
        11, 
        12, 
        22, 
        13, 
        8, 
        12, 
        5
    ]
}