{
    "signals_b_s": [
        0.00851063467632567, 
        0.004255317338162835, 
        0.004255317338162835, 
        0.004255317338162835, 
        0.0, 
        0.017021269352651337, 
        0.05106380805795402, 
        0.06382976007244252, 
        0.004255317338162835, 
        0.0, 
        0.0, 
        0.004255317338162835, 
        0.0, 
        0.004255317338162835, 
        0.021276586690814173, 
        0.008510634676325669, 
        0.012765952014488505, 
        0.0, 
        0.008510634676325669, 
        0.0, 
        0.0, 
        0.0, 
        0.004255317338162834, 
        0.004255317338162835, 
        0.012765952014488505, 
        0.004255317338162836, 
        0.008510634676325669, 
        0.004255317338162833, 
        0.012765952014488505, 
        0.07234039474876819, 
        0.046808490719791186, 
        0.017021269352651337, 
        0.0, 
        0.004255317338162836, 
        0.01702126935265134, 
        0.012765952014488505, 
        0.004255317338162836, 
        0.004255317338162836, 
        0.004255317338162834, 
        0.017021269352651337, 
        0.017021269352651337, 
        0.00851063467632567, 
        0.004255317338162836, 
        0.0, 
        0.02553190402897701, 
        0.008510634676325665, 
        0.034042538705302675, 
        0.0, 
        0.008510634676325669, 
        0.012765952014488503, 
        0.004255317338162834, 
        0.021276586690814177, 
        0.02553190402897701, 
        0.017021269352651337, 
        0.017021269352651337, 
        0.029787221367139842, 
        0.034042538705302675, 
        0.025531904028977006, 
        0.004255317338162833, 
        0.0
    ], 
    "signals_b_s_c": [
        0.00851063467632567, 
        0.00851063467632567, 
        0.012765952014488505, 
        0.01702126935265134, 
        0.021276586690814177, 
        0.021276586690814177, 
        0.038297856043465514, 
        0.08936166410141953, 
        0.15319142417386206, 
        0.1574467415120249, 
        0.1574467415120249, 
        0.14893610683569922, 
        0.14893610683569924, 
        0.14468078949753638, 
        0.1446807894975364, 
        0.16595737618835057, 
        0.1574467415120249, 
        0.11914888546855938, 
        0.055319125396116844, 
        0.059574442734279684, 
        0.059574442734279684, 
        0.059574442734279684, 
        0.055319125396116844, 
        0.05957444273427968, 
        0.059574442734279684, 
        0.05106380805795401, 
        0.04680849071979119, 
        0.04255317338162834, 
        0.04680849071979117, 
        0.05106380805795401, 
        0.12340420280672221, 
        0.1702126935265134, 
        0.18723396287916472, 
        0.18297864554100188, 
        0.18297864554100188, 
        0.18723396287916472, 
        0.1957445975554904, 
        0.19148928021732756, 
        0.19148928021732758, 
        0.18297864554100188, 
        0.12765952014488507, 
        0.0978722987777452, 
        0.08936166410141953, 
        0.09361698143958237, 
        0.08936166410141953, 
        0.0978722987777452, 
        0.09361698143958236, 
        0.12340420280672221, 
        0.11914888546855937, 
        0.1234042028067222, 
        0.11914888546855937, 
        0.10638293345407086, 
        0.11914888546855937, 
        0.14042547215937354, 
        0.15744674151202487, 
        0.1489361068356992, 
        0.1702126935265134, 
        0.17021269352651336, 
        0.19574459755549037, 
        0.19148928021732758
    ], 
    "signals_b": [
        0.00851063467632567, 
        0.004255317338162835, 
        0.0, 
        0.004255317338162835, 
        0.004255317338162835, 
        0.021276586690814173, 
        0.07234039474876819, 
        0.00851063467632567, 
        0.004255317338162835, 
        0.004255317338162835, 
        0.004255317338162835, 
        0.00851063467632567, 
        0.00851063467632567, 
        0.004255317338162835, 
        0.02553190402897701, 
        0.01702126935265134, 
        0.004255317338162835, 
        0.004255317338162835, 
        0.012765952014488505, 
        0.012765952014488505, 
        0.012765952014488505, 
        0.012765952014488505, 
        0.00851063467632567, 
        0.004255317338162835, 
        0.01702126935265134, 
        0.012765952014488505, 
        0.021276586690814173, 
        0.01702126935265134, 
        0.004255317338162835, 
        0.07659571208693103, 
        0.029787221367139842, 
        0.012765952014488505, 
        0.012765952014488505, 
        0.01702126935265134, 
        0.0, 
        0.012765952014488505, 
        0.01702126935265134, 
        0.012765952014488505, 
        0.00851063467632567, 
        0.02553190402897701, 
        0.00851063467632567, 
        0.01702126935265134, 
        0.012765952014488505, 
        0.012765952014488505, 
        0.038297856043465514, 
        0.04680849071979118, 
        0.012765952014488505, 
        0.012765952014488505, 
        0.021276586690814173, 
        0.00851063467632567, 
        0.012765952014488505, 
        0.03404253870530268, 
        0.00851063467632567, 
        0.02553190402897701, 
        0.04255317338162835, 
        0.012765952014488505, 
        0.04680849071979118, 
        0.021276586690814173, 
        0.01702126935265134, 
        0.01702126935265134
    ], 
    "signals_b_s_c_l": [
        -4.765264448388856, 
        -4.765264448388856, 
        -4.360190623986897, 
        -4.072704250816801, 
        -3.8496781374573814, 
        -3.8496781374573814, 
        -3.262100285201144, 
        -2.4149516034039125, 
        -1.876001725544821, 
        -1.8486045155081177, 
        -1.8486045155081177, 
        -1.904170737554838, 
        -1.9041707375548378, 
        -1.9331562997718679, 
        -1.9331562997718676, 
        -1.7959640389257854, 
        -1.8486045155081177, 
        -2.127297504415445, 
        -2.8944558292435567, 
        -2.8203607669328847, 
        -2.8203607669328847, 
        -2.8203607669328847, 
        -2.8944558292435567, 
        -2.820360766932885, 
        -2.8203607669328847, 
        -2.9744834756441767, 
        -3.061477053240085, 
        -3.156765874190136, 
        -3.0614770532400852, 
        -2.9744834756441767, 
        -2.092209078455387, 
        -1.770647737262762, 
        -1.6753428980703018, 
        -1.698331174289696, 
        -1.698331174289696, 
        -1.6753428980703018, 
        -1.6308934575135225, 
        -1.6528712290247531, 
        -1.652871229024753, 
        -1.698331174289696, 
        -2.058310227715059, 
        -2.323989555009715, 
        -2.4149516034039125, 
        -2.3684366737950553, 
        -2.4149516034039125, 
        -2.323989555009715, 
        -2.3684366737950553, 
        -2.092209078455387, 
        -2.127297504415445, 
        -2.092209078455387, 
        -2.127297504415445, 
        -2.2406161191855096, 
        -2.127297504415445, 
        -1.963007168593453, 
        -1.8486045155081179, 
        -1.9041707375548382, 
        -1.770647737262762, 
        -1.7706477372627623, 
        -1.6308934575135228, 
        -1.652871229024753
    ], 
    "original_signals": [
        2, 
        1, 
        0, 
        1, 
        1, 
        5, 
        17, 
        2, 
        1, 
        1, 
        1, 
        2, 
        2, 
        1, 
        6, 
        4, 
        1, 
        1, 
        3, 
        3, 
        3, 
        3, 
        2, 
        1, 
        4, 
        3, 
        5, 
        4, 
        1, 
        18, 
        7, 
        3, 
        3, 
        4, 
        0, 
        3, 
        4, 
        3, 
        2, 
        6, 
        2, 
        4, 
        3, 
        3, 
        9, 
        11, 
        3, 
        3, 
        5, 
        2, 
        3, 
        8, 
        2, 
        6, 
        10, 
        3, 
        11, 
        5, 
        4, 
        4
    ]
}