{
    "signals_b_s": [
        0.0, 
        0.0, 
        0.0, 
        0.0, 
        0.0, 
        0.0, 
        0.0, 
        0.0, 
        0.0, 
        0.0, 
        0.0, 
        0.0, 
        0.0, 
        0.0, 
        0.0, 
        0.0, 
        0.0, 
        0.00854700124187928, 
        0.00854700124187928, 
        0.00854700124187928, 
        0.00854700124187928, 
        0.0, 
        0.0, 
        0.0, 
        0.0, 
        0.0, 
        0.0, 
        0.0, 
        0.00854700124187928, 
        0.00854700124187928, 
        0.0, 
        0.0, 
        0.00854700124187928, 
        0.00854700124187928, 
        0.0, 
        0.01709400248375856, 
        0.01709400248375856, 
        0.0, 
        0.0, 
        0.00854700124187928, 
        0.00854700124187928, 
        0.0, 
        0.0, 
        0.0, 
        0.0, 
        0.0, 
        0.0, 
        0.00854700124187928, 
        0.00854700124187928, 
        0.00854700124187928, 
        0.0, 
        0.00854700124187928, 
        0.0, 
        0.00854700124187928, 
        0.00854700124187928, 
        0.0, 
        0.00854700124187928, 
        0.0, 
        0.00854700124187928, 
        0.01709400248375856, 
        0.0, 
        0.00854700124187928, 
        0.017094002483758558, 
        0.05982900869315497, 
        0.0427350062093964, 
        0.01709400248375856, 
        0.008547001241879279, 
        0.05128200745127569, 
        0.008547001241879286, 
        0.017094002483758565, 
        0.06837600993503425, 
        0.025641003725637844, 
        0.008547001241879282, 
        0.0, 
        0.05982900869315497, 
        0.05982900869315497, 
        0.034188004967517116, 
        0.042735006209396395, 
        0.01709400248375856, 
        0.00854700124187928, 
        0.017094002483758558, 
        0.0, 
        0.008547001241879279, 
        0.00854700124187928, 
        0.00854700124187928, 
        0.0, 
        0.00854700124187928, 
        0.0, 
        0.00854700124187928, 
        0.00854700124187928
    ], 
    "signals_b_s_c": [
        0.0, 
        0.0, 
        0.0, 
        0.0, 
        0.0, 
        0.0, 
        0.0, 
        0.0, 
        0.0, 
        0.0, 
        0.0, 
        0.0, 
        0.0, 
        0.0, 
        0.0, 
        0.0, 
        0.0, 
        0.0, 
        0.00854700124187928, 
        0.01709400248375856, 
        0.025641003725637844, 
        0.03418800496751712, 
        0.03418800496751712, 
        0.03418800496751712, 
        0.03418800496751712, 
        0.03418800496751712, 
        0.03418800496751712, 
        0.03418800496751712, 
        0.025641003725637844, 
        0.025641003725637844, 
        0.025641003725637844, 
        0.01709400248375856, 
        0.01709400248375856, 
        0.025641003725637844, 
        0.03418800496751712, 
        0.03418800496751712, 
        0.05128200745127569, 
        0.06837600993503425, 
        0.06837600993503425, 
        0.05982900869315497, 
        0.05982900869315497, 
        0.06837600993503425, 
        0.06837600993503425, 
        0.05982900869315497, 
        0.05128200745127568, 
        0.05128200745127568, 
        0.03418800496751712, 
        0.01709400248375856, 
        0.025641003725637844, 
        0.03418800496751712, 
        0.03418800496751712, 
        0.025641003725637844, 
        0.03418800496751712, 
        0.03418800496751712, 
        0.0427350062093964, 
        0.05128200745127568, 
        0.05128200745127568, 
        0.05982900869315496, 
        0.05128200745127568, 
        0.05128200745127568, 
        0.05982900869315497, 
        0.05982900869315497, 
        0.05982900869315497, 
        0.07692301117691352, 
        0.12820501862818923, 
        0.16239302359570634, 
        0.1794870260794649, 
        0.17948702607946487, 
        0.23076903353074057, 
        0.23076903353074063, 
        0.2307690335307406, 
        0.29914504346577486, 
        0.3162390459495334, 
        0.30769204470765416, 
        0.2478630360144992, 
        0.26495703849825775, 
        0.3076920447076541, 
        0.333333048433292, 
        0.3247860471914127, 
        0.33333304843329203, 
        0.32478604719141274, 
        0.27350403974013693, 
        0.24786303601449916, 
        0.24786303601449916, 
        0.25641003725637845, 
        0.20512802980510275, 
        0.14529902111194776, 
        0.1196580173863099, 
        0.07692301117691352, 
        0.06837600993503423
    ], 
    "signals_b": [
        0.0, 
        0.0, 
        0.0, 
        0.0, 
        0.0, 
        0.0, 
        0.0, 
        0.0, 
        0.0, 
        0.0, 
        0.0, 
        0.0, 
        0.0, 
        0.0, 
        0.0, 
        0.0, 
        0.0, 
        0.00854700124187928, 
        0.0, 
        0.00854700124187928, 
        0.0, 
        0.0, 
        0.0, 
        0.0, 
        0.0, 
        0.0, 
        0.0, 
        0.0, 
        0.00854700124187928, 
        0.0, 
        0.0, 
        0.0, 
        0.00854700124187928, 
        0.0, 
        0.0, 
        0.01709400248375856, 
        0.0, 
        0.0, 
        0.0, 
        0.00854700124187928, 
        0.0, 
        0.0, 
        0.0, 
        0.0, 
        0.0, 
        0.0, 
        0.0, 
        0.00854700124187928, 
        0.0, 
        0.00854700124187928, 
        0.00854700124187928, 
        0.0, 
        0.0, 
        0.00854700124187928, 
        0.0, 
        0.0, 
        0.00854700124187928, 
        0.00854700124187928, 
        0.0, 
        0.01709400248375856, 
        0.01709400248375856, 
        0.00854700124187928, 
        0.02564100372563784, 
        0.0854700124187928, 
        0.0427350062093964, 
        0.02564100372563784, 
        0.01709400248375856, 
        0.06837600993503425, 
        0.05982900869315496, 
        0.07692301117691352, 
        0.00854700124187928, 
        0.03418800496751712, 
        0.02564100372563784, 
        0.02564100372563784, 
        0.0854700124187928, 
        0.02564100372563784, 
        0.05982900869315496, 
        0.01709400248375856, 
        0.0, 
        0.00854700124187928, 
        0.02564100372563784, 
        0.02564100372563784, 
        0.01709400248375856, 
        0.00854700124187928, 
        0.01709400248375856, 
        0.01709400248375856, 
        0.00854700124187928, 
        0.00854700124187928, 
        0.01709400248375856, 
        0.00854700124187928
    ],