{
    "signals_b_s": [
        0.0, 
        0.0, 
        0.0, 
        0.0, 
        0.0, 
        0.0, 
        0.0, 
        0.0, 
        0.0, 
        0.0, 
        0.0, 
        0.0, 
        0.0, 
        0.0, 
        0.0, 
        0.0, 
        0.0, 
        0.0, 
        0.0, 
        0.0, 
        0.0, 
        0.0025062653500920614, 
        0.0012531326750460307, 
        0.0012531326750460307, 
        0.0012531326750460307, 
        0.0012531326750460307, 
        0.0, 
        0.0025062653500920614, 
        0.0012531326750460307, 
        0.0012531326750460307, 
        0.0037593980251380923, 
        0.0037593980251380923, 
        0.008771928725322216, 
        0.0012531326750460318, 
        0.003759398025138092, 
        0.0162907247755984, 
        0.00125313267504603, 
        0.008771928725322217, 
        0.015037592100552371, 
        0.006265663375230154, 
        0.0025062653500920636, 
        0.010025061400368244, 
        0.003759398025138097, 
        0.012531326750460307, 
        0.00501253070018412, 
        0.006265663375230157, 
        0.01253132675046031, 
        0.006265663375230154, 
        0.010025061400368244, 
        0.00125313267504603, 
        0.00250626535009206, 
        0.0025062653500920636, 
        0.0037593980251380936, 
        0.002506265350092062, 
        0.010025061400368246, 
        0.010025061400368246, 
        0.007518796050276185, 
        0.0, 
        0.0, 
        0.007518796050276185, 
        0.007518796050276185, 
        0.001253132675046031, 
        0.006265663375230154, 
        0.001253132675046031, 
        0.0037593980251380923, 
        0.0, 
        0.0037593980251380927, 
        0.0062656633752301545, 
        0.0062656633752301545, 
        0.006265663375230154, 
        0.01503759210055237, 
        0.006265663375230154, 
        0.003759398025138092, 
        0.012531326750460307, 
        0.005012530700184124, 
        0.007518796050276184, 
        0.00125313267504603, 
        0.005012530700184124, 
        0.011278194075414274, 
        0.011278194075414274, 
        0.007518796050276184, 
        0.005012530700184124, 
        0.015037592100552371, 
        0.015037592100552371, 
        0.02005012280073649, 
        0.028822051526058705, 
        0.020050122800736495, 
        0.007518796050276184, 
        0.0075187960502761855, 
        0.012531326750460307
    ], 
    "signals_b_s_c": [
        0.0, 
        0.0, 
        0.0, 
        0.0, 
        0.0, 
        0.0, 
        0.0, 
        0.0, 
        0.0, 
        0.0, 
        0.0, 
        0.0, 
        0.0, 
        0.0, 
        0.0, 
        0.0, 
        0.0, 
        0.0, 
        0.0, 
        0.0, 
        0.0, 
        0.0, 
        0.0025062653500920614, 
        0.003759398025138092, 
        0.005012530700184123, 
        0.006265663375230154, 
        0.007518796050276185, 
        0.007518796050276185, 
        0.010025061400368246, 
        0.011278194075414276, 
        0.012531326750460306, 
        0.016290724775598397, 
        0.017543857450644428, 
        0.025062653500920615, 
        0.025062653500920615, 
        0.027568918851012675, 
        0.04260651095156505, 
        0.04385964362661108, 
        0.050125307001841236, 
        0.06390976642734757, 
        0.0689222971275317, 
        0.06766916445248566, 
        0.07393482782771582, 
        0.0689222971275317, 
        0.08020049120294598, 
        0.08145362387799199, 
        0.07142856247762375, 
        0.08270675655303805, 
        0.08020049120294598, 
        0.07518796050276186, 
        0.07017542980257774, 
        0.07017542980257772, 
        0.06265663375230154, 
        0.06265663375230154, 
        0.0526315723519333, 
        0.05764410305211743, 
        0.06140350107725551, 
        0.05639097037707139, 
        0.050125307001841236, 
        0.04010024560147299, 
        0.046365908976703146, 
        0.05137843967688727, 
        0.050125307001841236, 
        0.05263157235193329, 
        0.05137843967688726, 
        0.04511277630165711, 
        0.03508771490128886, 
        0.03132831687615077, 
        0.03759398025138093, 
        0.043859643626611086, 
        0.04260651095156505, 
        0.05012530700184123, 
        0.05513783770202535, 
        0.052631572351933296, 
        0.06390976642734757, 
        0.06516289910239359, 
        0.07268169515266977, 
        0.07017542980257771, 
        0.06892229712753167, 
        0.07393482782771582, 
        0.07894735852789994, 
        0.07142856247762375, 
        0.07017542980257771, 
        0.081453623877992, 
        0.08395988922808406, 
        0.09899748132863644, 
        0.12030073680441897, 
        0.1390977269301094, 
        0.1416039922802015, 
        0.1378445942550634
    ], 
    "signals_b": [
        0.0, 
        0.0, 
        0.0, 
        0.0, 
        0.0, 
        0.0, 
        0.0, 
        0.0, 
        0.0, 
        0.0, 
        0.0, 
        0.0, 
        0.0, 
        0.0, 
        0.0, 
        0.0, 
        0.0, 
        0.0, 
        0.0, 
        0.0, 
        0.0, 
        0.0025062653500920614, 
        0.0012531326750460307, 
        0.0, 
        0.0012531326750460307, 
        0.0, 
        0.0, 
        0.0025062653500920614, 
        0.0012531326750460307, 
        0.0025062653500920614, 
        0.006265663375230154, 
        0.0025062653500920614, 
        0.011278194075414277, 
        0.010025061400368246, 
        0.006265663375230154, 
        0.022556388150828555, 
        0.023809520825874585, 
        0.0325814495511968, 
        0.01754385745064443, 
        0.023809520825874585, 
        0.02130325547578252, 
        0.031328316876150765, 
        0.03508771490128886, 
        0.022556388150828555, 
        0.027568918851012675, 
        0.03383458222624283, 
        0.02130325547578252, 
        0.027568918851012675, 
        0.01754385745064443, 
        0.01879699012569046, 
        0.0162907247755984, 
        0.013784459425506337, 
        0.01754385745064443, 
        0.01503759210055237, 
        0.025062653500920615, 
        0.01503759210055237, 
        0.007518796050276185, 
        0.007518796050276185, 
        0.007518796050276185, 
        0.0, 
        0.007518796050276185, 
        0.008771928725322216, 
        0.0025062653500920614, 
        0.0037593980251380923, 
        0.007518796050276185, 
        0.007518796050276185, 
        0.011278194075414277, 
        0.005012530700184123, 
        0.011278194075414277, 
        0.01754385745064443, 
        0.0025062653500920614, 
        0.008771928725322216, 
        0.012531326750460307, 
        0.025062653500920615, 
        0.02005012280073649, 
        0.012531326750460307, 
        0.011278194075414277, 
        0.0162907247755984, 
        0.027568918851012675, 
        0.0162907247755984, 
        0.023809520825874585, 
        0.01879699012569046, 
        0.03383458222624283, 
        0.01879699012569046, 
        0.03884711292642695, 
        0.010025061400368246, 
        0.03007518420110474, 
        0.022556388150828555, 
        0.01503759210055237, 
        0.0025062653500920614
    ],