{
    "signals_b_s": [
        0.0035971210082298534, 
        0.0, 
        0.0, 
        0.010791363024689561, 
        0.0035971210082298526, 
        0.0035971210082298526, 
        0.0035971210082298526, 
        0.010791363024689561, 
        0.0035971210082298534, 
        0.0035971210082298534, 
        0.0035971210082298534, 
        0.0, 
        0.0, 
        0.0035971210082298534, 
        0.0035971210082298534, 
        0.0035971210082298534, 
        0.0, 
        0.0, 
        0.0035971210082298534, 
        0.0, 
        0.0035971210082298534, 
        0.0035971210082298534, 
        0.0035971210082298534, 
        0.0, 
        0.0, 
        0.0, 
        0.0035971210082298534, 
        0.0035971210082298534, 
        0.0, 
        0.0, 
        0.0, 
        0.0035971210082298534, 
        0.0, 
        0.0035971210082298534, 
        0.0035971210082298534, 
        0.0, 
        0.0, 
        0.0, 
        0.0, 
        0.0035971210082298534, 
        0.007194242016459707, 
        0.0035971210082298534, 
        0.0035971210082298534, 
        0.0, 
        0.0, 
        0.0035971210082298534, 
        0.0, 
        0.0035971210082298534, 
        0.010791363024689561, 
        0.007194242016459708, 
        0.01798560504114927, 
        0.007194242016459709, 
        0.007194242016459709, 
        0.021582726049379122, 
        0.021582726049379122, 
        0.010791363024689561, 
        0.010791363024689561, 
        0.007194242016459709, 
        0.01798560504114927, 
        0.01798560504114927, 
        0.0035971210082298526, 
        0.014388484032919417, 
        0.010791363024689561, 
        0.003597121008229849, 
        0.010791363024689561, 
        0.007194242016459705, 
        0.017985605041149266, 
        0.017985605041149266, 
        0.025179847057608975, 
        0.025179847057608975, 
        0.010791363024689561, 
        0.007194242016459705, 
        0.017985605041149266, 
        0.014388484032919414, 
        0.0035971210082298526, 
        0.0, 
        0.0, 
        0.0035971210082298526, 
        0.0, 
        0.0, 
        0.0, 
        0.0, 
        0.010791363024689561, 
        0.01798560504114927, 
        0.01438848403291941, 
        0.02158272604937912, 
        0.014388484032919414, 
        0.010791363024689561, 
        0.01079136302468956, 
        0.014388484032919415
    ], 
    "signals_b_s_c": [
        0.0035971210082298534, 
        0.0035971210082298534, 
        0.0035971210082298534, 
        0.0035971210082298534, 
        0.014388484032919414, 
        0.017985605041149266, 
        0.02158272604937912, 
        0.02517984705760897, 
        0.03597121008229853, 
        0.03956833109052839, 
        0.043165452098758245, 
        0.043165452098758245, 
        0.043165452098758245, 
        0.043165452098758245, 
        0.03597121008229853, 
        0.03597121008229853, 
        0.03597121008229853, 
        0.032374089074068677, 
        0.02158272604937912, 
        0.02158272604937912, 
        0.017985605041149266, 
        0.017985605041149266, 
        0.02158272604937912, 
        0.02517984705760897, 
        0.02158272604937912, 
        0.017985605041149266, 
        0.014388484032919414, 
        0.017985605041149266, 
        0.02158272604937912, 
        0.017985605041149266, 
        0.017985605041149266, 
        0.014388484032919414, 
        0.014388484032919414, 
        0.010791363024689561, 
        0.014388484032919414, 
        0.017985605041149266, 
        0.017985605041149266, 
        0.014388484032919414, 
        0.010791363024689561, 
        0.010791363024689561, 
        0.014388484032919414, 
        0.021582726049379122, 
        0.02158272604937912, 
        0.02517984705760897, 
        0.02158272604937912, 
        0.017985605041149266, 
        0.02158272604937912, 
        0.02158272604937912, 
        0.02517984705760897, 
        0.03597121008229853, 
        0.03956833109052838, 
        0.05035969411521796, 
        0.05395681512344781, 
        0.05755393613167767, 
        0.07913666218105679, 
        0.10071938823043591, 
        0.10791363024689563, 
        0.11870499327158518, 
        0.12230211427981502, 
        0.12949635629627473, 
        0.1402877193209643, 
        0.12589923528804486, 
        0.1330934773045046, 
        0.13669059831273445, 
        0.11870499327158515, 
        0.1079136302468956, 
        0.10431650923866576, 
        0.11151075125512547, 
        0.12230211427981502, 
        0.12949635629627473, 
        0.13669059831273442, 
        0.14388484032919413, 
        0.13669059831273445, 
        0.14388484032919413, 
        0.1546762033538837, 
        0.147481961337424, 
        0.1402877193209643, 
        0.12230211427981502, 
        0.10791363024689561, 
        0.08273378318928663, 
        0.057553936131677655, 
        0.0467625731069881, 
        0.03956833109052839, 
        0.032374089074068677, 
        0.03597121008229853, 
        0.046762573106988094, 
        0.06834529915636721, 
        0.08273378318928662, 
        0.08992802520574633, 
        0.10071938823043589
    ], 
    "signals_b": [
        0.0035971210082298534, 
        0.0035971210082298534, 
        0.0035971210082298534, 
        0.014388484032919414, 
        0.010791363024689561, 
        0.014388484032919414, 
        0.010791363024689561, 
        0.0, 
        0.0035971210082298534, 
        0.0, 
        0.0035971210082298534, 
        0.0035971210082298534, 
        0.0035971210082298534, 
        0.0, 
        0.0035971210082298534, 
        0.0, 
        0.0, 
        0.0, 
        0.0035971210082298534, 
        0.0035971210082298534, 
        0.007194242016459707, 
        0.0035971210082298534, 
        0.0, 
        0.0, 
        0.0, 
        0.0, 
        0.0035971210082298534, 
        0.0, 
        0.0, 
        0.0, 
        0.0, 
        0.0035971210082298534, 
        0.0035971210082298534, 
        0.0, 
        0.0035971210082298534, 
        0.0035971210082298534, 
        0.0035971210082298534, 
        0.0035971210082298534, 
        0.0035971210082298534, 
        0.007194242016459707, 
        0.0, 
        0.0035971210082298534, 
        0.0, 
        0.0, 
        0.0, 
        0.0035971210082298534, 
        0.0035971210082298534, 
        0.0, 
        0.010791363024689561, 
        0.0035971210082298534, 
        0.021582726049379122, 
        0.014388484032919414, 
        0.021582726049379122, 
        0.043165452098758245, 
        0.021582726049379122, 
        0.03237408907406868, 
        0.021582726049379122, 
        0.014388484032919414, 
        0.03237408907406868, 
        0.014388484032919414, 
        0.017985605041149266, 
        0.03237408907406868, 
        0.043165452098758245, 
        0.046762573106988094, 
        0.03597121008229853, 
        0.028776968065838827, 
        0.010791363024689561, 
        0.028776968065838827, 
        0.0035971210082298534, 
        0.028776968065838827, 
        0.017985605041149266, 
        0.010791363024689561, 
        0.028776968065838827, 
        0.014388484032919414, 
        0.010791363024689561, 
        0.010791363024689561, 
        0.010791363024689561, 
        0.014388484032919414, 
        0.014388484032919414, 
        0.014388484032919414, 
        0.014388484032919414, 
        0.014388484032919414, 
        0.0035971210082298534, 
        0.021582726049379122, 
        0.03597121008229853, 
        0.014388484032919414, 
        0.028776968065838827, 
        0.017985605041149266, 
        0.007194242016459707, 
        0.021582726049379122
    ],