{
    "signals_b_s": [
        0.006289304220563383, 
        0.006289304220563383, 
        0.0, 
        0.0, 
        0.0, 
        0.0, 
        0.0, 
        0.0, 
        0.0, 
        0.0, 
        0.0, 
        0.0, 
        0.0, 
        0.0, 
        0.0, 
        0.0, 
        0.0, 
        0.0, 
        0.0, 
        0.0, 
        0.0, 
        0.0, 
        0.0, 
        0.0, 
        0.0, 
        0.0, 
        0.0, 
        0.0, 
        0.0, 
        0.006289304220563383, 
        0.006289304220563383, 
        0.0, 
        0.0, 
        0.0, 
        0.0, 
        0.0, 
        0.0, 
        0.0, 
        0.0, 
        0.0, 
        0.0, 
        0.0, 
        0.0, 
        0.0, 
        0.0, 
        0.0, 
        0.0, 
        0.0, 
        0.0, 
        0.0, 
        0.0, 
        0.0, 
        0.0, 
        0.006289304220563383, 
        0.006289304220563383, 
        0.0, 
        0.006289304220563383, 
        0.0, 
        0.006289304220563383, 
        0.01886791266169015, 
        0.05660373798507046, 
        0.03144652110281692, 
        0.0377358253233803, 
        0.050314433764507074, 
        0.025157216882253537, 
        0.012578608441126765, 
        0.01886791266169014, 
        0.012578608441126779, 
        0.03144652110281692, 
        0.0062893042205633826, 
        0.025157216882253534, 
        0.006289304220563379, 
        0.025157216882253537, 
        0.03144652110281691, 
        0.025157216882253534, 
        0.012578608441126765, 
        0.0062893042205633826, 
        0.025157216882253534, 
        0.006289304220563384, 
        0.018867912661690148, 
        0.012578608441126772, 
        0.0377358253233803, 
        0.006289304220563383, 
        0.0, 
        0.0, 
        0.0, 
        0.0, 
        0.0, 
        0.0, 
        0.0
    ], 
    "signals_b_s_c": [
        0.006289304220563383, 
        0.006289304220563383, 
        0.012578608441126767, 
        0.012578608441126767, 
        0.012578608441126767, 
        0.012578608441126767, 
        0.012578608441126767, 
        0.012578608441126767, 
        0.012578608441126767, 
        0.012578608441126767, 
        0.012578608441126767, 
        0.006289304220563383, 
        0.0, 
        0.0, 
        0.0, 
        0.0, 
        0.0, 
        0.0, 
        0.0, 
        0.0, 
        0.0, 
        0.0, 
        0.0, 
        0.0, 
        0.0, 
        0.0, 
        0.0, 
        0.0, 
        0.0, 
        0.0, 
        0.006289304220563383, 
        0.012578608441126767, 
        0.012578608441126767, 
        0.012578608441126767, 
        0.012578608441126767, 
        0.012578608441126767, 
        0.012578608441126767, 
        0.012578608441126767, 
        0.012578608441126767, 
        0.012578608441126767, 
        0.006289304220563383, 
        0.0, 
        0.0, 
        0.0, 
        0.0, 
        0.0, 
        0.0, 
        0.0, 
        0.0, 
        0.0, 
        0.0, 
        0.0, 
        0.0, 
        0.0, 
        0.006289304220563383, 
        0.012578608441126767, 
        0.012578608441126767, 
        0.01886791266169015, 
        0.01886791266169015, 
        0.025157216882253534, 
        0.044025129543943685, 
        0.10062886752901415, 
        0.13207538863183108, 
        0.16981121395521137, 
        0.21383634349915503, 
        0.23270425616084522, 
        0.245282864601972, 
        0.25786147304309875, 
        0.27044008148422555, 
        0.2955972983664791, 
        0.2830186899253523, 
        0.25157216882253536, 
        0.2264149519402818, 
        0.213836343499155, 
        0.1949684308374649, 
        0.1949684308374649, 
        0.19496843083746487, 
        0.1823898223963381, 
        0.19496843083746485, 
        0.16981121395521137, 
        0.1823898223963381, 
        0.16981121395521134, 
        0.2012577350580283, 
        0.1823898223963381, 
        0.1509433012935212, 
        0.12578608441126768, 
        0.1132074759701409, 
        0.10691817174957753, 
        0.08176095486732399, 
        0.0754716506467606
    ], 
    "signals_b": [
        0.006289304220563383, 
        0.0, 
        0.0, 
        0.0, 
        0.0, 
        0.0, 
        0.0, 
        0.0, 
        0.0, 
        0.0, 
        0.0, 
        0.0, 
        0.0, 
        0.0, 
        0.0, 
        0.0, 
        0.0, 
        0.0, 
        0.0, 
        0.0, 
        0.0, 
        0.0, 
        0.0, 
        0.0, 
        0.0, 
        0.0, 
        0.0, 
        0.0, 
        0.0, 
        0.006289304220563383, 
        0.0, 
        0.0, 
        0.0, 
        0.0, 
        0.0, 
        0.0, 
        0.0, 
        0.0, 
        0.0, 
        0.0, 
        0.0, 
        0.0, 
        0.0, 
        0.0, 
        0.0, 
        0.0, 
        0.0, 
        0.0, 
        0.0, 
        0.0, 
        0.0, 
        0.0, 
        0.0, 
        0.006289304220563383, 
        0.0, 
        0.0, 
        0.006289304220563383, 
        0.006289304220563383, 
        0.0, 
        0.01886791266169015, 
        0.0754716506467606, 
        0.044025129543943685, 
        0.08176095486732399, 
        0.03144652110281691, 
        0.05660373798507045, 
        0.044025129543943685, 
        0.06289304220563383, 
        0.0754716506467606, 
        0.044025129543943685, 
        0.05031443376450707, 
        0.025157216882253534, 
        0.03144652110281691, 
        0.05660373798507045, 
        0.025157216882253534, 
        0.05031443376450707, 
        0.0377358253233803, 
        0.044025129543943685, 
        0.01886791266169015, 
        0.012578608441126767, 
        0.03144652110281691, 
        0.044025129543943685, 
        0.006289304220563383, 
        0.0, 
        0.0, 
        0.0, 
        0.0, 
        0.0, 
        0.0, 
        0.0, 
        0.0
    ],