{
    "signals_b_s": [
        0.0, 
        0.0, 
        0.0, 
        0.0, 
        0.0, 
        0.0, 
        0.0, 
        0.006993002102795732, 
        0.006993002102795732, 
        0.0, 
        0.0, 
        0.0, 
        0.0, 
        0.0, 
        0.0, 
        0.0, 
        0.006993002102795732, 
        0.006993002102795732, 
        0.0, 
        0.0, 
        0.0, 
        0.0, 
        0.0, 
        0.0, 
        0.013986004205591464, 
        0.006993002102795732, 
        0.006993002102795732, 
        0.0, 
        0.0, 
        0.006993002102795732, 
        0.0, 
        0.0, 
        0.006993002102795732, 
        0.006993002102795732, 
        0.0, 
        0.006993002102795732, 
        0.0, 
        0.0, 
        0.0, 
        0.006993002102795732, 
        0.006993002102795732, 
        0.0, 
        0.006993002102795732, 
        0.006993002102795732, 
        0.0, 
        0.0, 
        0.0, 
        0.0, 
        0.0, 
        0.013986004205591464, 
        0.013986004205591464, 
        0.013986004205591464, 
        0.013986004205591464, 
        0.0, 
        0.0, 
        0.0, 
        0.027972008411182928, 
        0.020979006308387196, 
        0.0, 
        0.034965010513978656, 
        0.04195801261677439, 
        0.027972008411182928, 
        0.041958012616774384, 
        0.041958012616774384, 
        0.0209790063083872, 
        0.034965010513978656, 
        0.020979006308387192, 
        0.0, 
        0.0, 
        0.013986004205591464, 
        0.0419580126167744, 
        0.006993002102795732, 
        0.006993002102795732, 
        0.0, 
        0.0, 
        0.0, 
        0.0, 
        0.006993002102795732, 
        0.006993002102795732, 
        0.006993002102795732, 
        0.020979006308387196, 
        0.013986004205591464, 
        0.006993002102795732, 
        0.006993002102795732, 
        0.0, 
        0.006993002102795732, 
        0.0, 
        0.006993002102795732, 
        0.006993002102795732, 
        0.013986004205591464
    ], 
    "signals_b_s_c": [
        0.0, 
        0.0, 
        0.0, 
        0.0, 
        0.0, 
        0.0, 
        0.0, 
        0.0, 
        0.006993002102795732, 
        0.013986004205591464, 
        0.013986004205591464, 
        0.013986004205591464, 
        0.013986004205591464, 
        0.013986004205591464, 
        0.013986004205591464, 
        0.013986004205591464, 
        0.013986004205591464, 
        0.020979006308387196, 
        0.020979006308387196, 
        0.013986004205591464, 
        0.013986004205591464, 
        0.013986004205591464, 
        0.013986004205591464, 
        0.013986004205591464, 
        0.013986004205591464, 
        0.027972008411182928, 
        0.034965010513978656, 
        0.034965010513978656, 
        0.027972008411182928, 
        0.027972008411182928, 
        0.034965010513978656, 
        0.034965010513978656, 
        0.034965010513978656, 
        0.041958012616774384, 
        0.04895101471957011, 
        0.034965010513978656, 
        0.034965010513978656, 
        0.027972008411182928, 
        0.027972008411182928, 
        0.027972008411182928, 
        0.027972008411182928, 
        0.034965010513978656, 
        0.034965010513978656, 
        0.034965010513978656, 
        0.034965010513978656, 
        0.034965010513978656, 
        0.027972008411182928, 
        0.027972008411182928, 
        0.027972008411182928, 
        0.027972008411182928, 
        0.034965010513978656, 
        0.04195801261677439, 
        0.055944016822365855, 
        0.06293701892516158, 
        0.055944016822365855, 
        0.055944016822365855, 
        0.055944016822365855, 
        0.08391602523354878, 
        0.10489503154193598, 
        0.10489503154193598, 
        0.12587403785032317, 
        0.1538460462615061, 
        0.16783205046709754, 
        0.1958040588782805, 
        0.2377620714950549, 
        0.25874107780344213, 
        0.2937060883174208, 
        0.28671308621462505, 
        0.2657340799062378, 
        0.2657340799062378, 
        0.2447550735978506, 
        0.2447550735978506, 
        0.22377606728946342, 
        0.18881105677548476, 
        0.1468530441587104, 
        0.12587403785032317, 
        0.09090902733634451, 
        0.06993002102795733, 
        0.07692302313075305, 
        0.08391602523354878, 
        0.07692302313075304, 
        0.055944016822365855, 
        0.0629370189251616, 
        0.06293701892516158, 
        0.06993002102795731, 
        0.06993002102795731, 
        0.07692302313075304, 
        0.07692302313075304, 
        0.07692302313075304, 
        0.07692302313075304
    ], 
    "signals_b": [
        0.0, 
        0.0, 
        0.0, 
        0.0, 
        0.0, 
        0.0, 
        0.0, 
        0.006993002102795732, 
        0.0, 
        0.0, 
        0.0, 
        0.0, 
        0.0, 
        0.0, 
        0.0, 
        0.0, 
        0.006993002102795732, 
        0.0, 
        0.0, 
        0.0, 
        0.0, 
        0.0, 
        0.0, 
        0.0, 
        0.013986004205591464, 
        0.006993002102795732, 
        0.0, 
        0.0, 
        0.0, 
        0.006993002102795732, 
        0.006993002102795732, 
        0.006993002102795732, 
        0.013986004205591464, 
        0.006993002102795732, 
        0.006993002102795732, 
        0.0, 
        0.0, 
        0.0, 
        0.0, 
        0.006993002102795732, 
        0.0, 
        0.0, 
        0.006993002102795732, 
        0.0, 
        0.0, 
        0.0, 
        0.0, 
        0.0, 
        0.0, 
        0.013986004205591464, 
        0.0, 
        0.013986004205591464, 
        0.0, 
        0.0, 
        0.0, 
        0.0, 
        0.027972008411182928, 
        0.006993002102795732, 
        0.006993002102795732, 
        0.04195801261677439, 
        0.08391602523354878, 
        0.11188803364473171, 
        0.06993002102795733, 
        0.11188803364473171, 
        0.09090902733634451, 
        0.055944016822365855, 
        0.03496501051397866, 
        0.03496501051397866, 
        0.03496501051397866, 
        0.04895101471957013, 
        0.006993002102795732, 
        0.0, 
        0.006993002102795732, 
        0.006993002102795732, 
        0.006993002102795732, 
        0.006993002102795732, 
        0.006993002102795732, 
        0.0, 
        0.006993002102795732, 
        0.0, 
        0.020979006308387196, 
        0.006993002102795732, 
        0.0, 
        0.006993002102795732, 
        0.006993002102795732, 
        0.0, 
        0.0, 
        0.006993002102795732, 
        0.013986004205591464, 
        0.0
    ],