{
    "signals_b_s": [
        0.0, 
        0.0, 
        0.0, 
        0.0, 
        0.0, 
        0.0, 
        0.0, 
        0.0, 
        0.0, 
        0.0, 
        0.0, 
        0.0, 
        0.0, 
        0.0, 
        0.0, 
        0.0, 
        0.0, 
        0.0, 
        0.0, 
        0.002197801714768854, 
        0.002197801714768854, 
        0.002197801714768854, 
        0.002197801714768854, 
        0.0, 
        0.0, 
        0.0, 
        0.002197801714768854, 
        0.002197801714768854, 
        0.0, 
        0.002197801714768854, 
        0.0, 
        0.002197801714768854, 
        0.0021978017147688544, 
        0.0021978017147688536, 
        0.006593405144306562, 
        0.004395603429537709, 
        0.004395603429537708, 
        0.004395603429537708, 
        0.0021978017147688536, 
        0.004395603429537709, 
        0.01098900857384427, 
        0.01098900857384427, 
        0.0, 
        0.0021978017147688544, 
        0.019780215432919683, 
        0.010989008573844269, 
        0.0021978017147688544, 
        0.004395603429537709, 
        0.010989008573844269, 
        0.010989008573844269, 
        0.004395603429537707, 
        0.008791206859075416, 
        0.00659340514430656, 
        0.008791206859075414, 
        0.006593405144306563, 
        0.017582413718150836, 
        0.004395603429537709, 
        0.0021978017147688544, 
        0.006593405144306562, 
        0.013186810288613123, 
        0.008791206859075418, 
        0.0021978017147688544, 
        0.0065934051443065625, 
        0.0021978017147688544, 
        0.0021978017147688536, 
        0.0021978017147688544, 
        0.006593405144306562, 
        0.0021978017147688544, 
        0.006593405144306562, 
        0.0, 
        0.01098900857384427, 
        0.01098900857384427, 
        0.004395603429537709, 
        0.013186810288613125, 
        0.0021978017147688544, 
        0.0, 
        0.02197801714768854, 
        0.017582413718150832, 
        0.004395603429537709, 
        0.008791206859075414, 
        0.030769224006763955, 
        0.013186810288613123, 
        0.008791206859075418, 
        0.015384612003381978, 
        0.006593405144306563, 
        0.006593405144306563, 
        0.019780215432919683, 
        0.03956043086583937, 
        0.02637362057722625, 
        0.015384612003381978
    ], 
    "signals_b_s_c": [
        0.0, 
        0.0, 
        0.0, 
        0.0, 
        0.0, 
        0.0, 
        0.0, 
        0.0, 
        0.0, 
        0.0, 
        0.0, 
        0.0, 
        0.0, 
        0.0, 
        0.0, 
        0.0, 
        0.0, 
        0.0, 
        0.0, 
        0.0, 
        0.002197801714768854, 
        0.004395603429537708, 
        0.006593405144306562, 
        0.008791206859075416, 
        0.008791206859075416, 
        0.008791206859075416, 
        0.008791206859075416, 
        0.01098900857384427, 
        0.013186810288613125, 
        0.013186810288613125, 
        0.013186810288613125, 
        0.01098900857384427, 
        0.01098900857384427, 
        0.01098900857384427, 
        0.013186810288613123, 
        0.019780215432919683, 
        0.024175818862457392, 
        0.026373620577226246, 
        0.028571422291995104, 
        0.03076922400676396, 
        0.03296702572153282, 
        0.04395603429537709, 
        0.0527472411544525, 
        0.050549439439683645, 
        0.050549439439683645, 
        0.06373624972829678, 
        0.07032965487260333, 
        0.06813185315783447, 
        0.06813185315783447, 
        0.07692306001690989, 
        0.08351646516121645, 
        0.07692306001690989, 
        0.07472525830214104, 
        0.0813186634464476, 
        0.08791206859075416, 
        0.07472525830214104, 
        0.0813186634464476, 
        0.08351646516121645, 
        0.0813186634464476, 
        0.07692306001690989, 
        0.07912086173167875, 
        0.08351646516121645, 
        0.07692306001690989, 
        0.0769230600169099, 
        0.07032965487260334, 
        0.06593405144306563, 
        0.050549439439683645, 
        0.0527472411544525, 
        0.0527472411544525, 
        0.05274724115445251, 
        0.03956043086583938, 
        0.041758232580608234, 
        0.05054943943968365, 
        0.04835163772491479, 
        0.05934064629875906, 
        0.05934064629875906, 
        0.05714284458399021, 
        0.07252745658737218, 
        0.08791206859075416, 
        0.08571426687598531, 
        0.09450547373506073, 
        0.1142856891679804, 
        0.11648349088274929, 
        0.12087909431228697, 
        0.12307689602705582, 
        0.12747249945659353, 
        0.1340659046009001, 
        0.13186810288613124, 
        0.15384612003381978, 
        0.17582413718150833
    ], 
    "signals_b": [
        0.0, 
        0.0, 
        0.0, 
        0.0, 
        0.0, 
        0.0, 
        0.0, 
        0.0, 
        0.0, 
        0.0, 
        0.0, 
        0.0, 
        0.0, 
        0.0, 
        0.0, 
        0.0, 
        0.0, 
        0.0, 
        0.0, 
        0.002197801714768854, 
        0.0, 
        0.002197801714768854, 
        0.0, 
        0.0, 
        0.0, 
        0.0, 
        0.002197801714768854, 
        0.0, 
        0.0, 
        0.002197801714768854, 
        0.002197801714768854, 
        0.004395603429537708, 
        0.0065934051443065625, 
        0.008791206859075416, 
        0.002197801714768854, 
        0.0065934051443065625, 
        0.01098900857384427, 
        0.0065934051443065625, 
        0.008791206859075416, 
        0.013186810288613125, 
        0.024175818862457395, 
        0.013186810288613125, 
        0.013186810288613125, 
        0.01098900857384427, 
        0.030769224006763955, 
        0.019780215432919687, 
        0.02197801714768854, 
        0.017582413718150832, 
        0.0065934051443065625, 
        0.017582413718150832, 
        0.013186810288613125, 
        0.02197801714768854, 
        0.0285714222919951, 
        0.019780215432919687, 
        0.02637362057722625, 
        0.008791206859075416, 
        0.013186810288613125, 
        0.01098900857384427, 
        0.017582413718150832, 
        0.004395603429537708, 
        0.013186810288613125, 
        0.01098900857384427, 
        0.004395603429537708, 
        0.0065934051443065625, 
        0.008791206859075416, 
        0.01098900857384427, 
        0.017582413718150832, 
        0.019780215432919687, 
        0.013186810288613125, 
        0.013186810288613125, 
        0.024175818862457395, 
        0.013186810288613125, 
        0.008791206859075416, 
        0.02197801714768854, 
        0.024175818862457395, 
        0.024175818862457395, 
        0.002197801714768854, 
        0.019780215432919687, 
        0.015384612003381978, 
        0.0065934051443065625, 
        0.03736262915107052, 
        0.024175818862457395, 
        0.015384612003381978, 
        0.030769224006763955, 
        0.03736262915107052, 
        0.030769224006763955, 
        0.01098900857384427, 
        0.050549439439683645, 
        0.024175818862457395, 
        0.03956043086583937
    ],