{
    "signals_b_s": [
        0.0, 
        0.0, 
        0.0, 
        0.0, 
        0.0, 
        0.0, 
        0.0, 
        0.0, 
        0.0, 
        0.0, 
        0.0, 
        0.0, 
        0.0, 
        0.0, 
        0.0046296274862835714, 
        0.0, 
        0.0, 
        0.0046296274862835714, 
        0.0, 
        0.0, 
        0.009259254972567143, 
        0.0046296274862835714, 
        0.0, 
        0.0046296274862835714, 
        0.0, 
        0.0, 
        0.0, 
        0.0, 
        0.009259254972567143, 
        0.009259254972567143, 
        0.0, 
        0.0, 
        0.0, 
        0.0, 
        0.0, 
        0.0, 
        0.0, 
        0.0, 
        0.0, 
        0.0, 
        0.0, 
        0.0, 
        0.0, 
        0.0046296274862835714, 
        0.0, 
        0.0046296274862835714, 
        0.0, 
        0.0, 
        0.0, 
        0.0, 
        0.0046296274862835714, 
        0.0046296274862835714, 
        0.0, 
        0.0, 
        0.0, 
        0.0046296274862835714, 
        0.0046296274862835714, 
        0.0046296274862835714, 
        0.009259254972567141, 
        0.004629627486283573, 
        0.032407392403985, 
        0.013888882458850713, 
        0.009259254972567146, 
        0.004629627486283573, 
        0.018518509945134286, 
        0.018518509945134282, 
        0.02777776491770143, 
        0.02777776491770143, 
        0.00462962748628357, 
        0.004629627486283573, 
        0.004629627486283573, 
        0.02314813743141786, 
        0.032407392403985, 
        0.018518509945134286, 
        0.013888882458850713, 
        0.009259254972567143, 
        0.018518509945134282, 
        0.018518509945134282, 
        0.018518509945134282, 
        0.018518509945134282, 
        0.0, 
        0.018518509945134282, 
        0.023148137431417852, 
        0.00925925497256714, 
        0.018518509945134282, 
        0.009259254972567143, 
        0.013888882458850713, 
        0.004629627486283573, 
        0.004629627486283573, 
        0.0
    ], 
    "signals_b_s_c": [
        0.0, 
        0.0, 
        0.0, 
        0.0, 
        0.0, 
        0.0, 
        0.0, 
        0.0, 
        0.0, 
        0.0, 
        0.0, 
        0.0, 
        0.0, 
        0.0, 
        0.0, 
        0.0046296274862835714, 
        0.0046296274862835714, 
        0.0046296274862835714, 
        0.009259254972567143, 
        0.009259254972567143, 
        0.009259254972567143, 
        0.018518509945134286, 
        0.02314813743141786, 
        0.02314813743141786, 
        0.027777764917701432, 
        0.02314813743141786, 
        0.02314813743141786, 
        0.02314813743141786, 
        0.018518509945134286, 
        0.02777776491770143, 
        0.03703701989026857, 
        0.02777776491770143, 
        0.02314813743141786, 
        0.02314813743141786, 
        0.018518509945134286, 
        0.018518509945134286, 
        0.018518509945134286, 
        0.018518509945134286, 
        0.018518509945134286, 
        0.009259254972567143, 
        0.0, 
        0.0, 
        0.0, 
        0.0, 
        0.0046296274862835714, 
        0.0046296274862835714, 
        0.009259254972567143, 
        0.009259254972567143, 
        0.009259254972567143, 
        0.009259254972567143, 
        0.009259254972567143, 
        0.013888882458850714, 
        0.018518509945134286, 
        0.018518509945134286, 
        0.013888882458850714, 
        0.013888882458850714, 
        0.013888882458850714, 
        0.018518509945134286, 
        0.02314813743141786, 
        0.032407392403985, 
        0.03703701989026857, 
        0.06481478480797, 
        0.07407403978053714, 
        0.08333329475310429, 
        0.08796292223938787, 
        0.10648143218452216, 
        0.12037031464337287, 
        0.14351845207479072, 
        0.16666658950620858, 
        0.162036962019925, 
        0.16203696201992498, 
        0.13425919710222356, 
        0.1435184520747907, 
        0.16666658950620855, 
        0.18055547196505928, 
        0.17592584447877568, 
        0.16666658950620855, 
        0.15740733453364145, 
        0.14814807956107431, 
        0.162036962019925, 
        0.1759258444787757, 
        0.17129621699249215, 
        0.16666658950620858, 
        0.1574073345336414, 
        0.14814807956107423, 
        0.15277770704735782, 
        0.15277770704735782, 
        0.14814807956107423, 
        0.13425919710222353, 
        0.12037031464337283
    ], 
    "signals_b": [
        0.0, 
        0.0, 
        0.0, 
        0.0, 
        0.0, 
        0.0, 
        0.0, 
        0.0, 
        0.0, 
        0.0, 
        0.0, 
        0.0, 
        0.0, 
        0.0, 
        0.0046296274862835714, 
        0.0046296274862835714, 
        0.0046296274862835714, 
        0.0, 
        0.0, 
        0.0, 
        0.009259254972567143, 
        0.0046296274862835714, 
        0.0046296274862835714, 
        0.0, 
        0.0, 
        0.0, 
        0.0, 
        0.0, 
        0.009259254972567143, 
        0.0, 
        0.0, 
        0.0, 
        0.0, 
        0.0, 
        0.0, 
        0.0, 
        0.0, 
        0.0, 
        0.0, 
        0.0, 
        0.0, 
        0.0, 
        0.0, 
        0.0046296274862835714, 
        0.0046296274862835714, 
        0.0, 
        0.0, 
        0.0, 
        0.0, 
        0.0, 
        0.0046296274862835714, 
        0.0, 
        0.0, 
        0.0, 
        0.0, 
        0.0046296274862835714, 
        0.0, 
        0.0046296274862835714, 
        0.013888882458850713, 
        0.018518509945134286, 
        0.050925902349119284, 
        0.06481478480797, 
        0.05555552983540285, 
        0.060185157321686424, 
        0.04166664737655214, 
        0.023148137431417855, 
        0.050925902349119284, 
        0.023148137431417855, 
        0.027777764917701425, 
        0.032407392403985, 
        0.03703701989026857, 
        0.013888882458850713, 
        0.04629627486283571, 
        0.027777764917701425, 
        0.013888882458850713, 
        0.023148137431417855, 
        0.04166664737655214, 
        0.023148137431417855, 
        0.04166664737655214, 
        0.023148137431417855, 
        0.023148137431417855, 
        0.04166664737655214, 
        0.018518509945134286, 
        0.027777764917701425, 
        0.009259254972567143, 
        0.0, 
        0.013888882458850713, 
        0.018518509945134286, 
        0.013888882458850713, 
        0.013888882458850713
    ],