{
    "signals_b_s": [
        0.0, 
        0.0, 
        0.0, 
        0.0, 
        0.0, 
        0.0, 
        0.0, 
        0.0, 
        0.0, 
        0.0, 
        0.0, 
        0.0, 
        0.0, 
        0.0, 
        0.0, 
        0.0, 
        0.0, 
        0.0, 
        0.0, 
        0.0, 
        0.0, 
        0.0, 
        0.0, 
        0.0, 
        0.0, 
        0.0, 
        0.0, 
        0.0, 
        0.0, 
        0.0, 
        0.0, 
        0.0, 
        0.0, 
        0.0, 
        0.0, 
        0.0, 
        0.0, 
        0.0, 
        0.0, 
        0.0, 
        0.0, 
        0.0, 
        0.0, 
        0.0, 
        0.0, 
        0.0, 
        0.0, 
        0.07843121876231615, 
        0.058823414071737114, 
        0.0, 
        0.019607804690579038, 
        0.019607804690579038, 
        0.058823414071737114, 
        0.019607804690579038, 
        0.019607804690579038, 
        0.058823414071737114, 
        0.039215609381158076, 
        0.058823414071737114, 
        0.05882341407173711, 
        0.07843121876231615, 
        0.058823414071737114, 
        0.0, 
        0.0, 
        0.0, 
        0.0, 
        0.0, 
        0.0, 
        0.0, 
        0.0, 
        0.07843121876231615, 
        0.019607804690579038, 
        0.019607804690579038, 
        0.0, 
        0.039215609381158076, 
        0.07843121876231615, 
        0.019607804690579038, 
        0.0, 
        0.0, 
        0.0, 
        0.019607804690579038, 
        0.0, 
        0.0, 
        0.0, 
        0.019607804690579038, 
        0.019607804690579038, 
        0.0, 
        0.019607804690579038, 
        0.019607804690579038, 
        0.0, 
        0.0
    ], 
    "signals_b_s_c": [
        0.0, 
        0.0, 
        0.0, 
        0.0, 
        0.0, 
        0.0, 
        0.0, 
        0.0, 
        0.0, 
        0.0, 
        0.0, 
        0.0, 
        0.0, 
        0.0, 
        0.0, 
        0.0, 
        0.0, 
        0.0, 
        0.0, 
        0.0, 
        0.0, 
        0.0, 
        0.0, 
        0.0, 
        0.0, 
        0.0, 
        0.0, 
        0.0, 
        0.0, 
        0.0, 
        0.0, 
        0.0, 
        0.0, 
        0.0, 
        0.0, 
        0.0, 
        0.0, 
        0.0, 
        0.0, 
        0.0, 
        0.0, 
        0.0, 
        0.0, 
        0.0, 
        0.0, 
        0.0, 
        0.0, 
        0.0, 
        0.07843121876231615, 
        0.13725463283405326, 
        0.13725463283405326, 
        0.1568624375246323, 
        0.17647024221521135, 
        0.23529365628694845, 
        0.25490146097752747, 
        0.2745092656681065, 
        0.33333267973984365, 
        0.37254828912100174, 
        0.35294048443042275, 
        0.3529404844304227, 
        0.4313717031927389, 
        0.470587312573897, 
        0.4509795078833179, 
        0.39215609381158073, 
        0.37254828912100174, 
        0.3529404844304227, 
        0.29411707035868556, 
        0.25490146097752747, 
        0.19607804690579037, 
        0.13725463283405326, 
        0.13725463283405326, 
        0.0980390234528952, 
        0.11764682814347424, 
        0.11764682814347424, 
        0.1568624375246323, 
        0.23529365628694845, 
        0.25490146097752747, 
        0.25490146097752747, 
        0.25490146097752747, 
        0.25490146097752747, 
        0.1960780469057904, 
        0.17647024221521135, 
        0.1568624375246323, 
        0.1568624375246323, 
        0.1372546328340533, 
        0.07843121876231615, 
        0.058823414071737114, 
        0.07843121876231615, 
        0.0980390234528952, 
        0.0980390234528952
    ], 
    "signals_b": [
        0.0, 
        0.0, 
        0.0, 
        0.0, 
        0.0, 
        0.0, 
        0.0, 
        0.0, 
        0.0, 
        0.0, 
        0.0, 
        0.0, 
        0.0, 
        0.0, 
        0.0, 
        0.0, 
        0.0, 
        0.0, 
        0.0, 
        0.0, 
        0.0, 
        0.0, 
        0.0, 
        0.0, 
        0.0, 
        0.0, 
        0.0, 
        0.0, 
        0.0, 
        0.0, 
        0.0, 
        0.0, 
        0.0, 
        0.0, 
        0.0, 
        0.0, 
        0.0, 
        0.0, 
        0.0, 
        0.0, 
        0.0, 
        0.0, 
        0.0, 
        0.0, 
        0.0, 
        0.0, 
        0.0, 
        0.07843121876231615, 
        0.019607804690579038, 
        0.019607804690579038, 
        0.039215609381158076, 
        0.058823414071737114, 
        0.0, 
        0.019607804690579038, 
        0.0, 
        0.058823414071737114, 
        0.019607804690579038, 
        0.07843121876231615, 
        0.13725463283405326, 
        0.058823414071737114, 
        0.0, 
        0.0, 
        0.0, 
        0.0, 
        0.0, 
        0.0, 
        0.0, 
        0.0, 
        0.0, 
        0.07843121876231615, 
        0.058823414071737114, 
        0.039215609381158076, 
        0.039215609381158076, 
        0.07843121876231615, 
        0.0, 
        0.019607804690579038, 
        0.019607804690579038, 
        0.019607804690579038, 
        0.019607804690579038, 
        0.0, 
        0.0, 
        0.0, 
        0.0, 
        0.019607804690579038, 
        0.0, 
        0.0, 
        0.019607804690579038, 
        0.0, 
        0.0, 
        0.0
    ],