{
    "signals_b_s": [
        0.0, 
        0.0, 
        0.0, 
        0.0, 
        0.0, 
        0.0, 
        0.0, 
        0.0, 
        0.0, 
        0.0, 
        0.0, 
        0.0, 
        0.0, 
        0.0, 
        0.0, 
        0.0, 
        0.0, 
        0.0, 
        0.0, 
        0.0, 
        0.0, 
        0.0, 
        0.0, 
        0.0, 
        0.0, 
        0.0, 
        0.0, 
        0.0, 
        0.0, 
        0.0, 
        0.0, 
        0.0, 
        0.0, 
        0.0, 
        0.0, 
        0.0, 
        0.0, 
        0.0, 
        0.003267972788244187, 
        0.003267972788244187, 
        0.0, 
        0.003267972788244187, 
        0.003267972788244187, 
        0.0, 
        0.0, 
        0.0, 
        0.003267972788244187, 
        0.0, 
        0.006535945576488375, 
        0.003267972788244186, 
        0.003267972788244186, 
        0.009803918364732562, 
        0.0, 
        0.0, 
        0.0, 
        0.0, 
        0.0, 
        0.0, 
        0.0, 
        0.009803918364732562, 
        0.0261437823059535, 
        0.013071891152976745, 
        0.029411755094197682, 
        0.019607836729465124, 
        0.01633986394122093, 
        0.0, 
        0.009803918364732558, 
        0.009803918364732558, 
        0.0, 
        0.019607836729465127, 
        0.032679727882441875, 
        0.009803918364732558, 
        0.0, 
        0.009803918364732562, 
        0.016339863941220938, 
        0.01960783672946512, 
        0.006535945576488379, 
        0.003267972788244186, 
        0.006535945576488376, 
        0.0, 
        0.016339863941220938, 
        0.009803918364732562, 
        0.009803918364732562, 
        0.029411755094197686, 
        0.0, 
        0.006535945576488372, 
        0.0, 
        0.02941175509419769, 
        0.003267972788244188, 
        0.006535945576488372
    ], 
    "signals_b_s_c": [
        0.0, 
        0.0, 
        0.0, 
        0.0, 
        0.0, 
        0.0, 
        0.0, 
        0.0, 
        0.0, 
        0.0, 
        0.0, 
        0.0, 
        0.0, 
        0.0, 
        0.0, 
        0.0, 
        0.0, 
        0.0, 
        0.0, 
        0.0, 
        0.0, 
        0.0, 
        0.0, 
        0.0, 
        0.0, 
        0.0, 
        0.0, 
        0.0, 
        0.0, 
        0.0, 
        0.0, 
        0.0, 
        0.0, 
        0.0, 
        0.0, 
        0.0, 
        0.0, 
        0.0, 
        0.0, 
        0.003267972788244187, 
        0.006535945576488374, 
        0.006535945576488374, 
        0.009803918364732562, 
        0.013071891152976748, 
        0.013071891152976748, 
        0.013071891152976748, 
        0.013071891152976748, 
        0.016339863941220934, 
        0.016339863941220934, 
        0.019607836729465124, 
        0.019607836729465124, 
        0.02287580951770931, 
        0.029411755094197682, 
        0.026143782305953496, 
        0.026143782305953496, 
        0.026143782305953496, 
        0.026143782305953496, 
        0.02287580951770931, 
        0.02287580951770931, 
        0.016339863941220934, 
        0.02287580951770931, 
        0.04575161903541862, 
        0.049019591823662806, 
        0.0784313469178605, 
        0.09803918364732561, 
        0.11437904758854654, 
        0.11437904758854654, 
        0.1241829659532791, 
        0.13398688431801165, 
        0.13398688431801165, 
        0.14379080268274422, 
        0.1503267482592326, 
        0.1470587754709884, 
        0.11764702037679073, 
        0.10784310201205817, 
        0.10784310201205818, 
        0.1274509387415233, 
        0.1241829659532791, 
        0.11764702037679074, 
        0.12418296595327911, 
        0.10457512922381397, 
        0.08823526528259307, 
        0.08823526528259305, 
        0.09803918364732561, 
        0.11764702037679076, 
        0.10130715643556981, 
        0.08823526528259305, 
        0.08169931970610468, 
        0.10784310201205818, 
        0.104575129223814
    ], 
    "signals_b": [
        0.0, 
        0.0, 
        0.0, 
        0.0, 
        0.0, 
        0.0, 
        0.0, 
        0.0, 
        0.0, 
        0.0, 
        0.0, 
        0.0, 
        0.0, 
        0.0, 
        0.0, 
        0.0, 
        0.0, 
        0.0, 
        0.0, 
        0.0, 
        0.0, 
        0.0, 
        0.0, 
        0.0, 
        0.0, 
        0.0, 
        0.0, 
        0.0, 
        0.0, 
        0.0, 
        0.0, 
        0.0, 
        0.0, 
        0.0, 
        0.0, 
        0.0, 
        0.0, 
        0.0, 
        0.003267972788244187, 
        0.0, 
        0.0, 
        0.003267972788244187, 
        0.0, 
        0.0, 
        0.0, 
        0.0, 
        0.003267972788244187, 
        0.003267972788244187, 
        0.009803918364732562, 
        0.013071891152976748, 
        0.009803918364732562, 
        0.0, 
        0.0, 
        0.0, 
        0.0, 
        0.0, 
        0.0, 
        0.0, 
        0.0, 
        0.009803918364732562, 
        0.03594770067068606, 
        0.049019591823662806, 
        0.019607836729465124, 
        0.03921567345893025, 
        0.05555553740015118, 
        0.05555553740015118, 
        0.04575161903541862, 
        0.03594770067068606, 
        0.03594770067068606, 
        0.016339863941220934, 
        0.049019591823662806, 
        0.03921567345893025, 
        0.03921567345893025, 
        0.029411755094197686, 
        0.013071891152976748, 
        0.03267972788244187, 
        0.03921567345893025, 
        0.03594770067068606, 
        0.029411755094197686, 
        0.029411755094197686, 
        0.013071891152976748, 
        0.003267972788244187, 
        0.013071891152976748, 
        0.042483646247174434, 
        0.042483646247174434, 
        0.03594770067068606, 
        0.03594770067068606, 
        0.006535945576488374, 
        0.009803918364732562, 
        0.016339863941220934
    ],