{
    "signals_b_s": [
        0.0, 
        0.0, 
        0.0, 
        0.0, 
        0.0, 
        0.0, 
        0.0, 
        0.0, 
        0.0, 
        0.0, 
        0.0, 
        0.0, 
        0.0, 
        0.0, 
        0.0, 
        0.0, 
        0.0, 
        0.0, 
        0.0, 
        0.0, 
        0.0, 
        0.0, 
        0.0, 
        0.0, 
        0.0, 
        0.0, 
        0.0, 
        0.0, 
        0.0, 
        0.0, 
        0.0, 
        0.0, 
        0.0, 
        0.0, 
        0.0, 
        0.0, 
        0.0, 
        0.0, 
        0.0, 
        0.0, 
        0.0, 
        0.0, 
        0.0, 
        0.0, 
        0.0, 
        0.0, 
        0.0, 
        0.0, 
        0.0, 
        0.0, 
        0.0, 
        0.0, 
        0.0, 
        0.0, 
        0.0, 
        0.0, 
        0.0, 
        0.0, 
        0.1999986666755555, 
        0.1999986666755555, 
        0.13333244445037035, 
        0.06666622222518517, 
        0.06666622222518517, 
        0.06666622222518517, 
        0.0, 
        0.06666622222518517, 
        0.13333244445037035, 
        0.13333244445037035, 
        0.0, 
        0.0, 
        0.0, 
        0.0, 
        0.0, 
        0.06666622222518517, 
        0.0, 
        0.06666622222518517, 
        0.0, 
        0.06666622222518517, 
        0.06666622222518517, 
        0.0, 
        0.0, 
        0.0, 
        0.0, 
        0.0, 
        0.0, 
        0.0, 
        0.0, 
        0.0, 
        0.0, 
        0.0
    ], 
    "signals_b_s_c": [
        0.0, 
        0.0, 
        0.0, 
        0.0, 
        0.0, 
        0.0, 
        0.0, 
        0.0, 
        0.0, 
        0.0, 
        0.0, 
        0.0, 
        0.0, 
        0.0, 
        0.0, 
        0.0, 
        0.0, 
        0.0, 
        0.0, 
        0.0, 
        0.0, 
        0.0, 
        0.0, 
        0.0, 
        0.0, 
        0.0, 
        0.0, 
        0.0, 
        0.0, 
        0.0, 
        0.0, 
        0.0, 
        0.0, 
        0.0, 
        0.0, 
        0.0, 
        0.0, 
        0.0, 
        0.0, 
        0.0, 
        0.0, 
        0.0, 
        0.0, 
        0.0, 
        0.0, 
        0.0, 
        0.0, 
        0.0, 
        0.0, 
        0.0, 
        0.0, 
        0.0, 
        0.0, 
        0.0, 
        0.0, 
        0.0, 
        0.0, 
        0.0, 
        0.0, 
        0.1999986666755555, 
        0.399997333351111, 
        0.5333297778014814, 
        0.5999960000266665, 
        0.6666622222518517, 
        0.7333284444770368, 
        0.7333284444770368, 
        0.799994666702222, 
        0.9333271111525923, 
        1.0666595556029626, 
        0.866660888927407, 
        0.6666622222518517, 
        0.5333297778014814, 
        0.4666635555762962, 
        0.39999733335111104, 
        0.399997333351111, 
        0.399997333351111, 
        0.399997333351111, 
        0.2666648889007407, 
        0.19999866667555552, 
        0.2666648889007407, 
        0.2666648889007407, 
        0.2666648889007407, 
        0.2666648889007407, 
        0.2666648889007407, 
        0.19999866667555552, 
        0.19999866667555552, 
        0.13333244445037035, 
        0.13333244445037035, 
        0.06666622222518517, 
        0.0
    ], 
    "signals_b": [
        0.0, 
        0.0, 
        0.0, 
        0.0, 
        0.0, 
        0.0, 
        0.0, 
        0.0, 
        0.0, 
        0.0, 
        0.0, 
        0.0, 
        0.0, 
        0.0, 
        0.0, 
        0.0, 
        0.0, 
        0.0, 
        0.0, 
        0.0, 
        0.0, 
        0.0, 
        0.0, 
        0.0, 
        0.0, 
        0.0, 
        0.0, 
        0.0, 
        0.0, 
        0.0, 
        0.0, 
        0.0, 
        0.0, 
        0.0, 
        0.0, 
        0.0, 
        0.0, 
        0.0, 
        0.0, 
        0.0, 
        0.0, 
        0.0, 
        0.0, 
        0.0, 
        0.0, 
        0.0, 
        0.0, 
        0.0, 
        0.0, 
        0.0, 
        0.0, 
        0.0, 
        0.0, 
        0.0, 
        0.0, 
        0.0, 
        0.0, 
        0.0, 
        0.1999986666755555, 
        0.0, 
        0.13333244445037035, 
        0.06666622222518517, 
        0.13333244445037035, 
        0.06666622222518517, 
        0.06666622222518517, 
        0.0, 
        0.13333244445037035, 
        0.0, 
        0.0, 
        0.0, 
        0.0, 
        0.0, 
        0.0, 
        0.06666622222518517, 
        0.06666622222518517, 
        0.0, 
        0.0, 
        0.06666622222518517, 
        0.0, 
        0.0, 
        0.0, 
        0.0, 
        0.0, 
        0.0, 
        0.0, 
        0.0, 
        0.0, 
        0.0, 
        0.0, 
        0.0
    ], 
    "signals_b_s_c_l": [
        -11.512925464970229, 
        -11.512925464970229, 
        -11.512925464970229, 
        -11.512925464970229, 
        -11.512925464970229, 
        -11.512925464970229, 
        -11.512925464970229, 
        -11.512925464970229, 
        -11.512925464970229, 
        -11.512925464970229, 
        -11.512925464970229, 
        -11.512925464970229, 
        -11.512925464970229, 
        -11.512925464970229, 
        -11.512925464970229, 
        -11.512925464970229, 
        -11.512925464970229, 
        -11.512925464970229, 
        -11.512925464970229, 
        -11.512925464970229, 
        -11.512925464970229, 
        -11.512925464970229, 
        -11.512925464970229, 
        -11.512925464970229, 
        -11.512925464970229, 
        -11.512925464970229, 
        -11.512925464970229, 
        -11.512925464970229, 
        -11.512925464970229, 
        -11.512925464970229, 
        -11.512925464970229, 
        -11.512925464970229, 
        -11.512925464970229, 
        -11.512925464970229, 
        -11.512925464970229, 
        -11.512925464970229, 
        -11.512925464970229, 
        -11.512925464970229, 
        -11.512925464970229, 
        -11.512925464970229, 
        -11.512925464970229, 
        -11.512925464970229, 
        -11.512925464970229, 
        -11.512925464970229, 
        -11.512925464970229, 
        -11.512925464970229, 
        -11.512925464970229, 
        -11.512925464970229, 
        -11.512925464970229, 
        -11.512925464970229, 
        -11.512925464970229, 
        -11.512925464970229, 
        -11.512925464970229, 
        -11.512925464970229, 
        -11.512925464970229, 
        -11.512925464970229, 
        -11.512925464970229, 
        -11.512925464970229, 
        -11.512925464970229, 
        -1.6093945799951865, 
        -0.9162723986644319, 
        -0.6285965761176, 
        -0.5108156237715467, 
        -0.40545677476510933, 
        -0.3101479585867143, 
        -0.3101479585867143, 
        -0.22313771795344645, 
        -0.06898882383165156, 
        0.06454122951168098, 
        -0.14309597181322498, 
        -0.40545677476510933, 
        -0.6285965761176, 
        -0.7621252902066471, 
        -0.9162723986644318, 
        -0.9162723986644319, 
        -0.9162723986644319, 
        -0.9162723986644319, 
        -1.3217250070798807, 
        -1.6093945799951863, 
        -1.3217250070798807, 
        -1.3217250070798807, 
        -1.3217250070798807, 
        -1.3217250070798807, 
        -1.3217250070798807, 
        -1.6093945799951863, 
        -1.6093945799951863, 
        -2.014834689499106, 
        -2.014834689499106, 
        -2.7079068779956796, 
        -11.512925464970229
    ],