{
    "signals_b_s": [
        0.0014992501500374587, 
        0.0014992501500374587, 
        0.0, 
        0.0, 
        0.0, 
        0.0, 
        0.0, 
        0.0, 
        0.0, 
        0.0, 
        0.0014992501500374587, 
        0.008995500900224752, 
        0.010494751050262211, 
        0.0, 
        0.0, 
        0.0014992501500374587, 
        0.0014992501500374587, 
        0.0014992501500374587, 
        0.0, 
        0.0014992501500374587, 
        0.0, 
        0.0014992501500374587, 
        0.0014992501500374587, 
        0.0, 
        0.0029985003000749175, 
        0.0029985003000749175, 
        0.0, 
        0.0, 
        0.005997000600149835, 
        0.0029985003000749175, 
        0.0029985003000749175, 
        0.0, 
        0.008995500900224752, 
        0.0029985003000749175, 
        0.004497750450112376, 
        0.21889052190546898, 
        0.21439277145535662, 
        0.0014992501500374587, 
        0.0029985003000749183, 
        0.0029985003000749183, 
        0.004497750450112376, 
        0.0029985003000749175, 
        0.0, 
        0.0029985003000749175, 
        0.005997000600149835, 
        0.004497750450112376, 
        0.0029985003000749175, 
        0.004497750450112376, 
        0.0, 
        0.005997000600149835, 
        0.0, 
        0.008995500900224752, 
        0.010494751050262211, 
        0.013493251350337129, 
        0.0, 
        0.0, 
        0.0, 
        0.0, 
        0.0, 
        0.0, 
        0.0, 
        0.004497750450112376, 
        0.0014992501500374587, 
        0.016491751650412046, 
        0.01199400120029967, 
        0.004497750450112378, 
        0.005997000600149837, 
        0.007496250750187294, 
        0.001499250150037457, 
        0.01349325135033713, 
        0.008995500900224752, 
        0.004497750450112376, 
        0.007496250750187294, 
        0.008995500900224752, 
        0.014992501500374587, 
        0.0, 
        0.0014992501500374587, 
        0.0029985003000749175, 
        0.004497750450112376, 
        0.0029985003000749175, 
        0.005997000600149835, 
        0.008995500900224752, 
        0.01199400120029967, 
        0.0029985003000749175, 
        0.01199400120029967, 
        0.005997000600149834, 
        0.0029985003000749175, 
        0.008995500900224752, 
        0.0014992501500374579, 
        0.2578710258064429
    ], 
    "signals_b_s_c": [
        0.0014992501500374587, 
        0.0014992501500374587, 
        0.0029985003000749175, 
        0.0029985003000749175, 
        0.0029985003000749175, 
        0.0029985003000749175, 
        0.0029985003000749175, 
        0.0029985003000749175, 
        0.0029985003000749175, 
        0.0029985003000749175, 
        0.0029985003000749175, 
        0.0029985003000749175, 
        0.010494751050262211, 
        0.020989502100524422, 
        0.020989502100524422, 
        0.020989502100524422, 
        0.02248875225056188, 
        0.02398800240059934, 
        0.0254872525506368, 
        0.0254872525506368, 
        0.026986502700674257, 
        0.0254872525506368, 
        0.017991001800449505, 
        0.008995500900224752, 
        0.008995500900224752, 
        0.01199400120029967, 
        0.013493251350337129, 
        0.01199400120029967, 
        0.010494751050262211, 
        0.016491751650412046, 
        0.017991001800449505, 
        0.020989502100524422, 
        0.019490251950486964, 
        0.026986502700674257, 
        0.029985003000749175, 
        0.03148425315078664, 
        0.2473762747561807, 
        0.46176904621153736, 
        0.4632682963615748, 
        0.46026979606149987, 
        0.4602697960614998, 
        0.4617690462115373, 
        0.46476754651161223, 
        0.45577204561138746, 
        0.45577204561138746, 
        0.45727129576142495, 
        0.2428785243060684, 
        0.03148425315078664, 
        0.034482753450861554, 
        0.03148425315078664, 
        0.03448275345086155, 
        0.029985003000749175, 
        0.03598200360089901, 
        0.04647675465116122, 
        0.05697150570142344, 
        0.050974505101273604, 
        0.04647675465116122, 
        0.04347825435108631, 
        0.03898050390097393, 
        0.03898050390097393, 
        0.03298350330082409, 
        0.03298350330082409, 
        0.028485752850711716, 
        0.019490251950486964, 
        0.02248875225056188, 
        0.03448275345086155, 
        0.03898050390097393, 
        0.04497750450112376, 
        0.05247375525131105, 
        0.05397300540134851, 
        0.06746625675168563, 
        0.07646175765191038, 
        0.07646175765191039, 
        0.08245875825206023, 
        0.07496250750187294, 
        0.07796100780194787, 
        0.07346325735183548, 
        0.06896550690172311, 
        0.06446775645161074, 
        0.06746625675168565, 
        0.05697150570142343, 
        0.05397300540134852, 
        0.0584707558514609, 
        0.06296850630157327, 
        0.05697150570142343, 
        0.053973005401348514, 
        0.05997000600149835, 
        0.06146925615153581, 
        0.06746625675168563, 
        0.06446775645161074
    ], 
    "signals_b": [
        0.0014992501500374587, 
        0.0, 
        0.0, 
        0.0, 
        0.0, 
        0.0, 
        0.0, 
        0.0, 
        0.0, 
        0.0, 
        0.0014992501500374587, 
        0.010494751050262211, 
        0.0, 
        0.0, 
        0.0, 
        0.0014992501500374587, 
        0.0029985003000749175, 
        0.0014992501500374587, 
        0.0014992501500374587, 
        0.0, 
        0.0, 
        0.0014992501500374587, 
        0.0, 
        0.0, 
        0.0029985003000749175, 
        0.0, 
        0.0, 
        0.0, 
        0.005997000600149835, 
        0.0029985003000749175, 
        0.0, 
        0.0, 
        0.008995500900224752, 
        0.005997000600149835, 
        0.0014992501500374587, 
        0.22038977205550644, 
        0.005997000600149835, 
        0.004497750450112376, 
        0.0074962507501872945, 
        0.004497750450112376, 
        0.0, 
        0.0029985003000749175, 
        0.0029985003000749175, 
        0.005997000600149835, 
        0.0, 
        0.004497750450112376, 
        0.0014992501500374587, 
        0.005997000600149835, 
        0.005997000600149835, 
        0.01199400120029967, 
        0.01199400120029967, 
        0.0029985003000749175, 
        0.013493251350337129, 
        0.0, 
        0.0, 
        0.0, 
        0.0, 
        0.0, 
        0.0, 
        0.0, 
        0.0, 
        0.004497750450112376, 
        0.005997000600149835, 
        0.02248875225056188, 
        0.010494751050262211, 
        0.014992501500374589, 
        0.008995500900224752, 
        0.016491751650412046, 
        0.014992501500374589, 
        0.0014992501500374587, 
        0.010494751050262211, 
        0.005997000600149835, 
        0.013493251350337129, 
        0.004497750450112376, 
        0.019490251950486964, 
        0.019490251950486964, 
        0.017991001800449505, 
        0.020989502100524422, 
        0.016491751650412046, 
        0.013493251350337129, 
        0.019490251950486964, 
        0.010494751050262211, 
        0.02248875225056188, 
        0.019490251950486964, 
        0.0074962507501872945, 
        0.013493251350337129, 
        0.016491751650412046, 
        0.0074962507501872945, 
        0.008995500900224752, 
        0.26686652670666766
    ],