{
    "signals_b_s": [
        0.0, 
        0.0, 
        0.0, 
        0.0, 
        0.007092193551635779, 
        0.007092193551635779, 
        0.0, 
        0.0, 
        0.0, 
        0.0, 
        0.0, 
        0.0, 
        0.0, 
        0.0, 
        0.0, 
        0.0, 
        0.0, 
        0.0, 
        0.0, 
        0.0, 
        0.0, 
        0.0, 
        0.0, 
        0.0, 
        0.0, 
        0.0, 
        0.0, 
        0.0, 
        0.0, 
        0.0, 
        0.0, 
        0.0, 
        0.0, 
        0.0, 
        0.0, 
        0.0, 
        0.0, 
        0.0, 
        0.0, 
        0.0, 
        0.0, 
        0.0, 
        0.0, 
        0.0, 
        0.0, 
        0.0, 
        0.0, 
        0.0, 
        0.0, 
        0.0, 
        0.0, 
        0.0, 
        0.007092193551635779, 
        0.0, 
        0.007092193551635779, 
        0.028368774206543115, 
        0.028368774206543115, 
        0.07801412906799357, 
        0.0709219355163578, 
        0.028368774206543112, 
        0.028368774206543115, 
        0.028368774206543115, 
        0.02127658065490734, 
        0.014184387103271565, 
        0.049645354861450455, 
        0.0, 
        0.014184387103271554, 
        0.0, 
        0.0, 
        0.0, 
        0.007092193551635779, 
        0.04964535486145045, 
        0.021276580654907333, 
        0.021276580654907336, 
        0.014184387103271558, 
        0.0, 
        0.0, 
        0.007092193551635779, 
        0.007092193551635779, 
        0.021276580654907336, 
        0.014184387103271558, 
        0.021276580654907333, 
        0.028368774206543112, 
        0.028368774206543112, 
        0.021276580654907333, 
        0.0, 
        0.0, 
        0.0, 
        0.0, 
        0.014184387103271558
    ], 
    "signals_b_s_c": [
        0.0, 
        0.0, 
        0.0, 
        0.0, 
        0.0, 
        0.007092193551635779, 
        0.014184387103271558, 
        0.014184387103271558, 
        0.014184387103271558, 
        0.014184387103271558, 
        0.014184387103271558, 
        0.014184387103271558, 
        0.014184387103271558, 
        0.014184387103271558, 
        0.014184387103271558, 
        0.007092193551635779, 
        0.0, 
        0.0, 
        0.0, 
        0.0, 
        0.0, 
        0.0, 
        0.0, 
        0.0, 
        0.0, 
        0.0, 
        0.0, 
        0.0, 
        0.0, 
        0.0, 
        0.0, 
        0.0, 
        0.0, 
        0.0, 
        0.0, 
        0.0, 
        0.0, 
        0.0, 
        0.0, 
        0.0, 
        0.0, 
        0.0, 
        0.0, 
        0.0, 
        0.0, 
        0.0, 
        0.0, 
        0.0, 
        0.0, 
        0.0, 
        0.0, 
        0.0, 
        0.0, 
        0.007092193551635779, 
        0.007092193551635779, 
        0.014184387103271558, 
        0.04255316130981467, 
        0.07092193551635778, 
        0.14893606458435135, 
        0.21985800010070916, 
        0.24822677430725226, 
        0.27659554851379536, 
        0.30496432272033847, 
        0.31914870982361, 
        0.33333309692688157, 
        0.37588625823669625, 
        0.34751748403015315, 
        0.3333330969268816, 
        0.2553189678588881, 
        0.18439703234253027, 
        0.15602825813598714, 
        0.13475167748107983, 
        0.15602825813598714, 
        0.15602825813598714, 
        0.1631204516876229, 
        0.127659483929444, 
        0.127659483929444, 
        0.11347509682617246, 
        0.12056729037780824, 
        0.127659483929444, 
        0.14893606458435135, 
        0.1560282581359871, 
        0.127659483929444, 
        0.13475167748107977, 
        0.1418438710327156, 
        0.14893606458435135, 
        0.14893606458435135, 
        0.14893606458435135, 
        0.14184387103271556, 
        0.13475167748107977
    ], 
    "signals_b": [
        0.0, 
        0.0, 
        0.0, 
        0.0, 
        0.007092193551635779, 
        0.0, 
        0.0, 
        0.0, 
        0.0, 
        0.0, 
        0.0, 
        0.0, 
        0.0, 
        0.0, 
        0.0, 
        0.0, 
        0.0, 
        0.0, 
        0.0, 
        0.0, 
        0.0, 
        0.0, 
        0.0, 
        0.0, 
        0.0, 
        0.0, 
        0.0, 
        0.0, 
        0.0, 
        0.0, 
        0.0, 
        0.0, 
        0.0, 
        0.0, 
        0.0, 
        0.0, 
        0.0, 
        0.0, 
        0.0, 
        0.0, 
        0.0, 
        0.0, 
        0.0, 
        0.0, 
        0.0, 
        0.0, 
        0.0, 
        0.0, 
        0.0, 
        0.0, 
        0.0, 
        0.0, 
        0.007092193551635779, 
        0.007092193551635779, 
        0.0, 
        0.028368774206543115, 
        0.0, 
        0.07801412906799357, 
        0.007092193551635779, 
        0.03546096775817889, 
        0.063829741964722, 
        0.09219851617126512, 
        0.07092193551635778, 
        0.08510632261962935, 
        0.03546096775817889, 
        0.03546096775817889, 
        0.021276580654907336, 
        0.021276580654907336, 
        0.021276580654907336, 
        0.021276580654907336, 
        0.014184387103271558, 
        0.063829741964722, 
        0.04255316130981467, 
        0.021276580654907336, 
        0.007092193551635779, 
        0.007092193551635779, 
        0.007092193551635779, 
        0.0, 
        0.007092193551635779, 
        0.028368774206543115, 
        0.014184387103271558, 
        0.03546096775817889, 
        0.007092193551635779, 
        0.03546096775817889, 
        0.014184387103271558, 
        0.014184387103271558, 
        0.014184387103271558, 
        0.014184387103271558, 
        0.014184387103271558, 
        0.0
    ],