{
    "signals_b_s": [
        0.0, 
        0.0, 
        0.0, 
        0.0, 
        0.0, 
        0.0, 
        0.0, 
        0.0, 
        0.0, 
        0.0, 
        0.0, 
        0.0, 
        0.0, 
        0.0, 
        0.0, 
        0.0, 
        0.047618820862757795, 
        0.047618820862757795, 
        0.0, 
        0.0, 
        0.0, 
        0.047618820862757795, 
        0.047618820862757795, 
        0.0, 
        0.0, 
        0.0, 
        0.0, 
        0.09523764172551559, 
        0.09523764172551559, 
        0.0, 
        0.0, 
        0.0, 
        0.0, 
        0.0, 
        0.0, 
        0.0, 
        0.0, 
        0.0, 
        0.0, 
        0.0, 
        0.0, 
        0.0, 
        0.0, 
        0.0, 
        0.0, 
        0.0, 
        0.0, 
        0.0, 
        0.0, 
        0.0, 
        0.0, 
        0.0, 
        0.047618820862757795, 
        0.047618820862757795, 
        0.0, 
        0.0, 
        0.09523764172551559, 
        0.047618820862757795, 
        0.0, 
        0.047618820862757795, 
        0.09523764172551559, 
        0.09523764172551559, 
        0.047618820862757795, 
        0.0, 
        0.047618820862757795, 
        0.0, 
        0.0, 
        0.0, 
        0.09523764172551559, 
        0.09523764172551559, 
        0.0, 
        0.0, 
        0.047618820862757795, 
        0.047618820862757795, 
        0.09523764172551559, 
        0.047618820862757795, 
        0.047618820862757795, 
        0.0, 
        0.09523764172551559, 
        0.09523764172551559, 
        0.0, 
        0.0, 
        0.0, 
        0.0, 
        0.0, 
        0.0, 
        0.0, 
        0.0, 
        0.0, 
        0.0
    ], 
    "signals_b_s_c": [
        0.0, 
        0.0, 
        0.0, 
        0.0, 
        0.0, 
        0.0, 
        0.0, 
        0.0, 
        0.0, 
        0.0, 
        0.0, 
        0.0, 
        0.0, 
        0.0, 
        0.0, 
        0.0, 
        0.0, 
        0.047618820862757795, 
        0.09523764172551559, 
        0.09523764172551559, 
        0.09523764172551559, 
        0.09523764172551559, 
        0.1428564625882734, 
        0.19047528345103118, 
        0.19047528345103118, 
        0.19047528345103118, 
        0.19047528345103118, 
        0.1428564625882734, 
        0.19047528345103118, 
        0.2857129251765468, 
        0.2857129251765468, 
        0.2857129251765468, 
        0.23809410431378897, 
        0.19047528345103118, 
        0.19047528345103118, 
        0.19047528345103118, 
        0.19047528345103118, 
        0.19047528345103118, 
        0.09523764172551559, 
        0.0, 
        0.0, 
        0.0, 
        0.0, 
        0.0, 
        0.0, 
        0.0, 
        0.0, 
        0.0, 
        0.0, 
        0.0, 
        0.0, 
        0.0, 
        0.0, 
        0.047618820862757795, 
        0.09523764172551559, 
        0.09523764172551559, 
        0.09523764172551559, 
        0.19047528345103118, 
        0.23809410431378897, 
        0.23809410431378897, 
        0.2857129251765468, 
        0.38095056690206236, 
        0.47618820862757794, 
        0.47618820862757794, 
        0.4285693877648202, 
        0.476188208627578, 
        0.476188208627578, 
        0.3809505669020624, 
        0.3333317460393046, 
        0.4285693877648202, 
        0.47618820862757794, 
        0.38095056690206236, 
        0.2857129251765468, 
        0.2857129251765468, 
        0.3333317460393046, 
        0.38095056690206236, 
        0.4285693877648202, 
        0.476188208627578, 
        0.476188208627578, 
        0.476188208627578, 
        0.47618820862757794, 
        0.47618820862757794, 
        0.47618820862757794, 
        0.4285693877648201, 
        0.38095056690206236, 
        0.2857129251765468, 
        0.23809410431378897, 
        0.19047528345103118, 
        0.19047528345103118, 
        0.09523764172551559
    ], 
    "signals_b": [
        0.0, 
        0.0, 
        0.0, 
        0.0, 
        0.0, 
        0.0, 
        0.0, 
        0.0, 
        0.0, 
        0.0, 
        0.0, 
        0.0, 
        0.0, 
        0.0, 
        0.0, 
        0.0, 
        0.047618820862757795, 
        0.0, 
        0.0, 
        0.0, 
        0.0, 
        0.047618820862757795, 
        0.0, 
        0.0, 
        0.0, 
        0.0, 
        0.0, 
        0.09523764172551559, 
        0.0, 
        0.0, 
        0.0, 
        0.0, 
        0.0, 
        0.0, 
        0.0, 
        0.0, 
        0.0, 
        0.0, 
        0.0, 
        0.0, 
        0.0, 
        0.0, 
        0.0, 
        0.0, 
        0.0, 
        0.0, 
        0.0, 
        0.0, 
        0.0, 
        0.0, 
        0.0, 
        0.0, 
        0.047618820862757795, 
        0.0, 
        0.0, 
        0.0, 
        0.09523764172551559, 
        0.047618820862757795, 
        0.047618820862757795, 
        0.0, 
        0.09523764172551559, 
        0.0, 
        0.047618820862757795, 
        0.047618820862757795, 
        0.0, 
        0.0, 
        0.0, 
        0.0, 
        0.09523764172551559, 
        0.0, 
        0.0, 
        0.0, 
        0.047618820862757795, 
        0.09523764172551559, 
        0.0, 
        0.047618820862757795, 
        0.0, 
        0.0, 
        0.09523764172551559, 
        0.0, 
        0.0, 
        0.0, 
        0.0, 
        0.0, 
        0.0, 
        0.0, 
        0.0, 
        0.0, 
        0.0, 
        0.0
    ],