{
    "signals_b_s": [
        0.0, 
        0.0, 
        0.0, 
        0.0, 
        0.0, 
        0.0, 
        0.0, 
        0.0, 
        0.0, 
        0.0, 
        0.0, 
        0.0, 
        0.0, 
        0.0025445286146237624, 
        0.0025445286146237624, 
        0.0, 
        0.0, 
        0.0, 
        0.0, 
        0.0, 
        0.0, 
        0.0, 
        0.0, 
        0.0, 
        0.0, 
        0.0, 
        0.0, 
        0.0, 
        0.0, 
        0.0, 
        0.0, 
        0.0, 
        0.0025445286146237624, 
        0.0025445286146237624, 
        0.005089057229247525, 
        0.0, 
        0.0025445286146237624, 
        0.0025445286146237624, 
        0.005089057229247525, 
        0.007633585843871287, 
        0.007633585843871287, 
        0.015267171687742574, 
        0.007633585843871287, 
        0.01017811445849505, 
        0.01017811445849505, 
        0.017811700302366337, 
        0.0, 
        0.007633585843871291, 
        0.005089057229247525, 
        0.020356228916990095, 
        0.007633585843871287, 
        0.01017811445849505, 
        0.017811700302366337, 
        0.012722643073118812, 
        0.01017811445849505, 
        0.015267171687742574, 
        0.005089057229247525, 
        0.017811700302366337, 
        0.007633585843871287, 
        0.0025445286146237624, 
        0.0025445286146237624, 
        0.012722643073118812, 
        0.007633585843871287, 
        0.0025445286146237624, 
        0.005089057229247525, 
        0.0, 
        0.007633585843871287, 
        0.007633585843871287, 
        0.005089057229247525, 
        0.005089057229247525, 
        0.01017811445849505, 
        0.012722643073118812, 
        0.0025445286146237624, 
        0.012722643073118812, 
        0.007633585843871287, 
        0.007633585843871287, 
        0.015267171687742574, 
        0.005089057229247525, 
        0.007633585843871287, 
        0.012722643073118812, 
        0.0, 
        0.005089057229247525, 
        0.0, 
        0.01017811445849505, 
        0.012722643073118812, 
        0.005089057229247525, 
        0.007633585843871287, 
        0.0025445286146237624, 
        0.0025445286146237624, 
        0.005089057229247525
    ], 
    "signals_b_s_c": [
        0.0, 
        0.0, 
        0.0, 
        0.0, 
        0.0, 
        0.0, 
        0.0, 
        0.0, 
        0.0, 
        0.0, 
        0.0, 
        0.0, 
        0.0, 
        0.0, 
        0.0025445286146237624, 
        0.005089057229247525, 
        0.005089057229247525, 
        0.005089057229247525, 
        0.005089057229247525, 
        0.005089057229247525, 
        0.005089057229247525, 
        0.005089057229247525, 
        0.005089057229247525, 
        0.005089057229247525, 
        0.0025445286146237624, 
        0.0, 
        0.0, 
        0.0, 
        0.0, 
        0.0, 
        0.0, 
        0.0, 
        0.0, 
        0.0025445286146237624, 
        0.005089057229247525, 
        0.01017811445849505, 
        0.01017811445849505, 
        0.012722643073118812, 
        0.015267171687742574, 
        0.0203562289169901, 
        0.027989814760861386, 
        0.03562340060473267, 
        0.05089057229247525, 
        0.055979629521722765, 
        0.06361321536559406, 
        0.06870227259484159, 
        0.08651397289720793, 
        0.08396944428258417, 
        0.08905850151183169, 
        0.0890585015118317, 
        0.1017811445849505, 
        0.10178114458495051, 
        0.09669208735570298, 
        0.10687020181419803, 
        0.10941473042882179, 
        0.10941473042882179, 
        0.10687020181419801, 
        0.11195925904344553, 
        0.1221373735019406, 
        0.12468190211656434, 
        0.10687020181419803, 
        0.10178114458495048, 
        0.10432567319957425, 
        0.0941475587410792, 
        0.08396944428258415, 
        0.07888038705333664, 
        0.06361321536559406, 
        0.06615774398021781, 
        0.055979629521722765, 
        0.05343510090709901, 
        0.05597962952172278, 
        0.06361321536559406, 
        0.06361321536559406, 
        0.058524158136346524, 
        0.06870227259484157, 
        0.07124680120946535, 
        0.07888038705333664, 
        0.08651397289720791, 
        0.08396944428258415, 
        0.08651397289720793, 
        0.09414755874107922, 
        0.08396944428258415, 
        0.07633585843871288, 
        0.07379132982408909, 
        0.07124680120946533, 
        0.07633585843871286, 
        0.07379132982408912, 
        0.06615774398021781, 
        0.06361321536559406, 
        0.058524158136346524
    ], 
    "signals_b": [
        0.0, 
        0.0, 
        0.0, 
        0.0, 
        0.0, 
        0.0, 
        0.0, 
        0.0, 
        0.0, 
        0.0, 
        0.0, 
        0.0, 
        0.0, 
        0.0025445286146237624, 
        0.0, 
        0.0, 
        0.0, 
        0.0, 
        0.0, 
        0.0, 
        0.0, 
        0.0, 
        0.0, 
        0.0, 
        0.0, 
        0.0, 
        0.0, 
        0.0, 
        0.0, 
        0.0, 
        0.0, 
        0.0, 
        0.0025445286146237624, 
        0.005089057229247525, 
        0.0, 
        0.0, 
        0.0025445286146237624, 
        0.005089057229247525, 
        0.0, 
        0.007633585843871287, 
        0.0, 
        0.015267171687742574, 
        0.02290075753161386, 
        0.012722643073118812, 
        0.02290075753161386, 
        0.0407124578339802, 
        0.0407124578339802, 
        0.03307887199010891, 
        0.03816792921935643, 
        0.017811700302366337, 
        0.025445286146237624, 
        0.03562340060473267, 
        0.017811700302366337, 
        0.03053434337548515, 
        0.0407124578339802, 
        0.025445286146237624, 
        0.03053434337548515, 
        0.012722643073118812, 
        0.0203562289169901, 
        0.017811700302366337, 
        0.015267171687742574, 
        0.0025445286146237624, 
        0.01017811445849505, 
        0.007633585843871287, 
        0.0025445286146237624, 
        0.0025445286146237624, 
        0.01017811445849505, 
        0.0025445286146237624, 
        0.007633585843871287, 
        0.012722643073118812, 
        0.0025445286146237624, 
        0.015267171687742574, 
        0.017811700302366337, 
        0.03053434337548515, 
        0.02290075753161386, 
        0.03053434337548515, 
        0.015267171687742574, 
        0.0203562289169901, 
        0.012722643073118812, 
        0.025445286146237624, 
        0.025445286146237624, 
        0.0203562289169901, 
        0.0203562289169901, 
        0.03053434337548515, 
        0.017811700302366337, 
        0.012722643073118812, 
        0.0203562289169901, 
        0.02290075753161386, 
        0.0203562289169901, 
        0.015267171687742574
    ],