{
    "signals_b_s": [
        0.0, 
        0.0, 
        0.0, 
        0.0, 
        0.0, 
        0.0, 
        0.0, 
        0.0, 
        0.0, 
        0.0, 
        0.009090900826453793, 
        0.009090900826453793, 
        0.0, 
        0.0, 
        0.0, 
        0.0, 
        0.0, 
        0.0, 
        0.0, 
        0.0, 
        0.0, 
        0.0, 
        0.009090900826453793, 
        0.009090900826453793, 
        0.0, 
        0.0, 
        0.0, 
        0.0, 
        0.0, 
        0.0, 
        0.0, 
        0.0, 
        0.0, 
        0.0, 
        0.0, 
        0.0, 
        0.0, 
        0.0, 
        0.0, 
        0.0, 
        0.0, 
        0.0, 
        0.0, 
        0.0, 
        0.0, 
        0.0, 
        0.0, 
        0.0, 
        0.0, 
        0.0, 
        0.0, 
        0.0, 
        0.0, 
        0.0, 
        0.0, 
        0.0, 
        0.0, 
        0.0, 
        0.009090900826453793, 
        0.009090900826453793, 
        0.0, 
        0.03636360330581518, 
        0.027272702479361373, 
        0.05454540495872276, 
        0.018181801652907583, 
        0.03636360330581517, 
        0.018181801652907587, 
        0.02727270247936138, 
        0.05454540495872276, 
        0.02727270247936138, 
        0.009090900826453786, 
        0.018181801652907593, 
        0.02727270247936138, 
        0.02727270247936138, 
        0.0, 
        0.0, 
        0.00909090082645379, 
        0.027272702479361383, 
        0.027272702479361383, 
        0.01818180165290759, 
        0.009090900826453793, 
        0.009090900826453793, 
        0.009090900826453793, 
        0.009090900826453793, 
        0.0, 
        0.01818180165290759, 
        0.01818180165290759, 
        0.009090900826453793, 
        0.018181801652907587, 
        0.0
    ], 
    "signals_b_s_c": [
        0.0, 
        0.0, 
        0.0, 
        0.0, 
        0.0, 
        0.0, 
        0.0, 
        0.0, 
        0.0, 
        0.0, 
        0.0, 
        0.009090900826453793, 
        0.018181801652907587, 
        0.018181801652907587, 
        0.018181801652907587, 
        0.018181801652907587, 
        0.018181801652907587, 
        0.018181801652907587, 
        0.018181801652907587, 
        0.018181801652907587, 
        0.018181801652907587, 
        0.009090900826453793, 
        0.0, 
        0.009090900826453793, 
        0.018181801652907587, 
        0.018181801652907587, 
        0.018181801652907587, 
        0.018181801652907587, 
        0.018181801652907587, 
        0.018181801652907587, 
        0.018181801652907587, 
        0.018181801652907587, 
        0.018181801652907587, 
        0.009090900826453793, 
        0.0, 
        0.0, 
        0.0, 
        0.0, 
        0.0, 
        0.0, 
        0.0, 
        0.0, 
        0.0, 
        0.0, 
        0.0, 
        0.0, 
        0.0, 
        0.0, 
        0.0, 
        0.0, 
        0.0, 
        0.0, 
        0.0, 
        0.0, 
        0.0, 
        0.0, 
        0.0, 
        0.0, 
        0.0, 
        0.009090900826453793, 
        0.018181801652907587, 
        0.018181801652907587, 
        0.05454540495872277, 
        0.08181810743808414, 
        0.13636351239680689, 
        0.15454531404971447, 
        0.19090891735552964, 
        0.20909071900843723, 
        0.2363634214877986, 
        0.2818179256200676, 
        0.29999972727297514, 
        0.30909062809942894, 
        0.29090882644652144, 
        0.2909088264465214, 
        0.26363612396715996, 
        0.24545432231425235, 
        0.20909071900843723, 
        0.1999998181819834, 
        0.19999981818198342, 
        0.17272711570262209, 
        0.16363621487616828, 
        0.1636362148761683, 
        0.1545453140497145, 
        0.13636351239680689, 
        0.11818171074389931, 
        0.11818171074389931, 
        0.1363635123968069, 
        0.14545441322326072, 
        0.12727261157035313, 
        0.11818171074389931
    ], 
    "signals_b": [
        0.0, 
        0.0, 
        0.0, 
        0.0, 
        0.0, 
        0.0, 
        0.0, 
        0.0, 
        0.0, 
        0.0, 
        0.009090900826453793, 
        0.0, 
        0.0, 
        0.0, 
        0.0, 
        0.0, 
        0.0, 
        0.0, 
        0.0, 
        0.0, 
        0.0, 
        0.0, 
        0.009090900826453793, 
        0.0, 
        0.0, 
        0.0, 
        0.0, 
        0.0, 
        0.0, 
        0.0, 
        0.0, 
        0.0, 
        0.0, 
        0.0, 
        0.0, 
        0.0, 
        0.0, 
        0.0, 
        0.0, 
        0.0, 
        0.0, 
        0.0, 
        0.0, 
        0.0, 
        0.0, 
        0.0, 
        0.0, 
        0.0, 
        0.0, 
        0.0, 
        0.0, 
        0.0, 
        0.0, 
        0.0, 
        0.0, 
        0.0, 
        0.0, 
        0.0, 
        0.009090900826453793, 
        0.018181801652907587, 
        0.018181801652907587, 
        0.05454540495872277, 
        0.08181810743808414, 
        0.027272702479361383, 
        0.045454504132268966, 
        0.08181810743808414, 
        0.06363630578517655, 
        0.09090900826453793, 
        0.03636360330581517, 
        0.06363630578517655, 
        0.05454540495872277, 
        0.03636360330581517, 
        0.009090900826453793, 
        0.03636360330581517, 
        0.03636360330581517, 
        0.03636360330581517, 
        0.027272702479361383, 
        0.0, 
        0.027272702479361383, 
        0.009090900826453793, 
        0.018181801652907587, 
        0.009090900826453793, 
        0.0, 
        0.009090900826453793, 
        0.009090900826453793, 
        0.027272702479361383, 
        0.009090900826453793, 
        0.0, 
        0.018181801652907587, 
        0.018181801652907587
    ],