{
    "signals_b_s": [
        0.0, 
        0.0025906729039707503, 
        0.0025906729039707503, 
        0.0, 
        0.0, 
        0.0, 
        0.0, 
        0.0, 
        0.0, 
        0.0, 
        0.0, 
        0.0, 
        0.0, 
        0.0, 
        0.0, 
        0.0, 
        0.0025906729039707503, 
        0.0025906729039707503, 
        0.0, 
        0.0, 
        0.0, 
        0.0, 
        0.0, 
        0.0, 
        0.0, 
        0.0, 
        0.0, 
        0.0, 
        0.0, 
        0.0, 
        0.0025906729039707503, 
        0.0025906729039707503, 
        0.0, 
        0.0025906729039707503, 
        0.0025906729039707503, 
        0.0, 
        0.0, 
        0.0, 
        0.0, 
        0.0, 
        0.0051813458079415006, 
        0.0051813458079415006, 
        0.0, 
        0.0, 
        0.0, 
        0.0, 
        0.0, 
        0.0025906729039707503, 
        0.0, 
        0.0025906729039707503, 
        0.0025906729039707503, 
        0.0, 
        0.0025906729039707503, 
        0.0051813458079415006, 
        0.0025906729039707503, 
        0.0025906729039707503, 
        0.007772018711912252, 
        0.007772018711912252, 
        0.015544037423824503, 
        0.025906729039707505, 
        0.0025906729039707477, 
        0.038860093559561264, 
        0.02072538323176601, 
        0.03886009355956126, 
        0.0155440374238245, 
        0.010362691615883005, 
        0.023316056135736757, 
        0.00777201871191225, 
        0.005181345807941499, 
        0.0077720187119122534, 
        0.012953364519853756, 
        0.005181345807941499, 
        0.002590672903970751, 
        0.005181345807941499, 
        0.0, 
        0.010362691615883001, 
        0.018134710327795255, 
        0.0, 
        0.005181345807941502, 
        0.010362691615883001, 
        0.01813471032779525, 
        0.002590672903970751, 
        0.018134710327795255, 
        0.018134710327795255, 
        0.010362691615883001, 
        0.0025906729039707503, 
        0.002590672903970751, 
        0.002590672903970751, 
        0.0025906729039707503, 
        0.0
    ], 
    "signals_b_s_c": [
        0.0, 
        0.0, 
        0.0025906729039707503, 
        0.0051813458079415006, 
        0.0051813458079415006, 
        0.0051813458079415006, 
        0.0051813458079415006, 
        0.0051813458079415006, 
        0.0051813458079415006, 
        0.0051813458079415006, 
        0.0051813458079415006, 
        0.0051813458079415006, 
        0.0025906729039707503, 
        0.0, 
        0.0, 
        0.0, 
        0.0, 
        0.0025906729039707503, 
        0.0051813458079415006, 
        0.0051813458079415006, 
        0.0051813458079415006, 
        0.0051813458079415006, 
        0.0051813458079415006, 
        0.0051813458079415006, 
        0.0051813458079415006, 
        0.0051813458079415006, 
        0.0051813458079415006, 
        0.0025906729039707503, 
        0.0, 
        0.0, 
        0.0, 
        0.0025906729039707503, 
        0.0051813458079415006, 
        0.0051813458079415006, 
        0.007772018711912251, 
        0.010362691615883001, 
        0.010362691615883001, 
        0.010362691615883001, 
        0.010362691615883001, 
        0.010362691615883001, 
        0.010362691615883001, 
        0.012953364519853752, 
        0.015544037423824502, 
        0.015544037423824502, 
        0.012953364519853752, 
        0.010362691615883001, 
        0.010362691615883001, 
        0.010362691615883001, 
        0.012953364519853752, 
        0.012953364519853752, 
        0.015544037423824503, 
        0.012953364519853752, 
        0.007772018711912251, 
        0.010362691615883001, 
        0.015544037423824502, 
        0.01813471032779525, 
        0.020725383231766002, 
        0.028497401943678252, 
        0.033678747751619754, 
        0.04922278517544426, 
        0.07253884131118102, 
        0.072538841311181, 
        0.11139893487074226, 
        0.12953364519853752, 
        0.16321239295015727, 
        0.176165757470011, 
        0.18393777618192325, 
        0.19948181360574777, 
        0.19948181360574777, 
        0.18911912198986477, 
        0.1709844116620695, 
        0.18134710327795253, 
        0.14766835552633278, 
        0.12953364519853752, 
        0.09585489744691776, 
        0.08031086002309326, 
        0.08031086002309326, 
        0.07512951421515177, 
        0.06735749550323952, 
        0.06735749550323952, 
        0.06994816840721027, 
        0.07512951421515175, 
        0.072538841311181, 
        0.0880828787350055, 
        0.10103624325485927, 
        0.11139893487074227, 
        0.10362691615883003, 
        0.08808287873500552, 
        0.09067355163897627, 
        0.08808287873500552
    ], 
    "signals_b": [
        0.0, 
        0.0025906729039707503, 
        0.0, 
        0.0, 
        0.0, 
        0.0, 
        0.0, 
        0.0, 
        0.0, 
        0.0, 
        0.0, 
        0.0, 
        0.0, 
        0.0, 
        0.0, 
        0.0, 
        0.0025906729039707503, 
        0.0, 
        0.0, 
        0.0, 
        0.0, 
        0.0, 
        0.0, 
        0.0, 
        0.0, 
        0.0, 
        0.0, 
        0.0, 
        0.0, 
        0.0, 
        0.0025906729039707503, 
        0.0, 
        0.0, 
        0.0025906729039707503, 
        0.0, 
        0.0, 
        0.0, 
        0.0, 
        0.0, 
        0.0, 
        0.0051813458079415006, 
        0.0, 
        0.0, 
        0.0, 
        0.0, 
        0.0, 
        0.0, 
        0.0025906729039707503, 
        0.0025906729039707503, 
        0.0, 
        0.0025906729039707503, 
        0.0025906729039707503, 
        0.0, 
        0.0051813458079415006, 
        0.0025906729039707503, 
        0.0, 
        0.007772018711912252, 
        0.015544037423824503, 
        0.031088074847649007, 
        0.05699480388735651, 
        0.05958547679132726, 
        0.09844557035088852, 
        0.07772018711912251, 
        0.03886009355956126, 
        0.05440413098338576, 
        0.06476682259926876, 
        0.041450766463532004, 
        0.033678747751619754, 
        0.028497401943678256, 
        0.03626942065559051, 
        0.023316056135736753, 
        0.018134710327795255, 
        0.015544037423824503, 
        0.020725383231766002, 
        0.020725383231766002, 
        0.010362691615883001, 
        0.028497401943678256, 
        0.028497401943678256, 
        0.023316056135736753, 
        0.033678747751619754, 
        0.015544037423824503, 
        0.012953364519853752, 
        0.031088074847649007, 
        0.012953364519853752, 
        0.0025906729039707503, 
        0.0051813458079415006, 
        0.007772018711912252, 
        0.0051813458079415006, 
        0.0025906729039707503, 
        0.0025906729039707503
    ],