{
    "signals_b_s": [
        0.0, 
        0.0, 
        0.0, 
        0.0, 
        0.0, 
        0.0, 
        0.0, 
        0.0, 
        0.0, 
        0.0, 
        0.0, 
        0.0, 
        0.0, 
        0.0, 
        0.0, 
        0.0, 
        0.0, 
        0.0, 
        0.0, 
        0.0, 
        0.0, 
        0.0, 
        0.0, 
        0.0038610023702693556, 
        0.0038610023702693556, 
        0.0, 
        0.0038610023702693556, 
        0.0038610023702693556, 
        0.0038610023702693556, 
        0.0038610023702693556, 
        0.007722004740538711, 
        0.0, 
        0.007722004740538711, 
        0.007722004740538711, 
        0.0, 
        0.0, 
        0.0, 
        0.0, 
        0.0, 
        0.0, 
        0.0, 
        0.0, 
        0.0, 
        0.0, 
        0.007722004740538711, 
        0.007722004740538711, 
        0.0, 
        0.0038610023702693556, 
        0.0, 
        0.0038610023702693556, 
        0.0, 
        0.0, 
        0.0, 
        0.007722004740538711, 
        0.0038610023702693556, 
        0.0, 
        0.015444009481077423, 
        0.007722004740538711, 
        0.04247102607296291, 
        0.011583007110808063, 
        0.023166014221616134, 
        0.038610023702693556, 
        0.01930501185134678, 
        0.003861002370269359, 
        0.04247102607296291, 
        0.023166014221616134, 
        0.02702701659188549, 
        0.011583007110808067, 
        0.0, 
        0.015444009481077423, 
        0.023166014221616134, 
        0.019305011851346778, 
        0.007722004740538711, 
        0.011583007110808067, 
        0.0, 
        0.011583007110808067, 
        0.011583007110808067, 
        0.02702701659188549, 
        0.015444009481077423, 
        0.0, 
        0.0038610023702693556, 
        0.007722004740538711, 
        0.007722004740538711, 
        0.019305011851346778, 
        0.0038610023702693556, 
        0.0, 
        0.015444009481077423, 
        0.023166014221616134, 
        0.007722004740538711, 
        0.007722004740538711
    ], 
    "signals_b_s_c": [
        0.0, 
        0.0, 
        0.0, 
        0.0, 
        0.0, 
        0.0, 
        0.0, 
        0.0, 
        0.0, 
        0.0, 
        0.0, 
        0.0, 
        0.0, 
        0.0, 
        0.0, 
        0.0, 
        0.0, 
        0.0, 
        0.0, 
        0.0, 
        0.0, 
        0.0, 
        0.0, 
        0.0, 
        0.0038610023702693556, 
        0.007722004740538711, 
        0.007722004740538711, 
        0.011583007110808067, 
        0.015444009481077423, 
        0.019305011851346778, 
        0.023166014221616134, 
        0.030888018962154845, 
        0.030888018962154845, 
        0.038610023702693556, 
        0.042471026072962915, 
        0.038610023702693556, 
        0.038610023702693556, 
        0.034749021332424204, 
        0.030888018962154845, 
        0.02702701659188549, 
        0.023166014221616134, 
        0.015444009481077423, 
        0.015444009481077423, 
        0.007722004740538711, 
        0.0, 
        0.007722004740538711, 
        0.015444009481077423, 
        0.015444009481077423, 
        0.019305011851346778, 
        0.019305011851346778, 
        0.023166014221616134, 
        0.023166014221616134, 
        0.023166014221616134, 
        0.023166014221616134, 
        0.030888018962154845, 
        0.02702701659188549, 
        0.019305011851346778, 
        0.034749021332424204, 
        0.038610023702693556, 
        0.08108104977565647, 
        0.08880305451619518, 
        0.11196906873781132, 
        0.15057909244050488, 
        0.16988410429185166, 
        0.16602310192158232, 
        0.20463312562427585, 
        0.22779913984589198, 
        0.23938214695670004, 
        0.24324314932696942, 
        0.2007721232540065, 
        0.20463312562427588, 
        0.20463312562427582, 
        0.1853281137729291, 
        0.173745106662121, 
        0.1814671114026597, 
        0.13899608532969682, 
        0.12741307821888873, 
        0.11196906873781132, 
        0.12741307821888873, 
        0.14285708769996613, 
        0.12741307821888873, 
        0.10810806636754196, 
        0.09652505925673388, 
        0.09652505925673391, 
        0.10424706399727263, 
        0.10810806636754199, 
        0.0965250592567339, 
        0.10038606162700325, 
        0.09652505925673391, 
        0.08880305451619519
    ], 
    "signals_b": [
        0.0, 
        0.0, 
        0.0, 
        0.0, 
        0.0, 
        0.0, 
        0.0, 
        0.0, 
        0.0, 
        0.0, 
        0.0, 
        0.0, 
        0.0, 
        0.0, 
        0.0, 
        0.0, 
        0.0, 
        0.0, 
        0.0, 
        0.0, 
        0.0, 
        0.0, 
        0.0, 
        0.0038610023702693556, 
        0.0, 
        0.0, 
        0.0038610023702693556, 
        0.007722004740538711, 
        0.0038610023702693556, 
        0.007722004740538711, 
        0.0, 
        0.0, 
        0.007722004740538711, 
        0.0, 
        0.0, 
        0.0, 
        0.0, 
        0.0, 
        0.0, 
        0.0, 
        0.0, 
        0.0, 
        0.0, 
        0.0, 
        0.007722004740538711, 
        0.0, 
        0.0, 
        0.0038610023702693556, 
        0.0038610023702693556, 
        0.0, 
        0.0, 
        0.0, 
        0.0, 
        0.007722004740538711, 
        0.011583007110808067, 
        0.011583007110808067, 
        0.02702701659188549, 
        0.019305011851346778, 
        0.06177603792430969, 
        0.07335904503511775, 
        0.05019303081350162, 
        0.08880305451619518, 
        0.0694980426648484, 
        0.07335904503511775, 
        0.030888018962154845, 
        0.05405403318377098, 
        0.02702701659188549, 
        0.015444009481077423, 
        0.015444009481077423, 
        0.030888018962154845, 
        0.007722004740538711, 
        0.02702701659188549, 
        0.019305011851346778, 
        0.007722004740538711, 
        0.007722004740538711, 
        0.019305011851346778, 
        0.030888018962154845, 
        0.0038610023702693556, 
        0.019305011851346778, 
        0.019305011851346778, 
        0.015444009481077423, 
        0.007722004740538711, 
        0.0, 
        0.019305011851346778, 
        0.015444009481077423, 
        0.015444009481077423, 
        0.030888018962154845, 
        0.007722004740538711, 
        0.0, 
        0.007722004740538711
    ],