{
    "signals_b_s": [
        0.0, 
        0.0, 
        0.0, 
        0.0, 
        0.0, 
        0.0, 
        0.0, 
        0.0, 
        0.0, 
        0.0, 
        0.0, 
        0.0, 
        0.0, 
        0.0, 
        0.0, 
        0.0, 
        0.0, 
        0.0, 
        0.0, 
        0.0, 
        0.0, 
        0.00473933424676102, 
        0.00473933424676102, 
        0.0, 
        0.00473933424676102, 
        0.00473933424676102, 
        0.0, 
        0.0, 
        0.0, 
        0.0, 
        0.0, 
        0.0, 
        0.0, 
        0.0, 
        0.0, 
        0.0, 
        0.0, 
        0.0, 
        0.0, 
        0.0, 
        0.0, 
        0.0, 
        0.0, 
        0.0, 
        0.0, 
        0.0, 
        0.0, 
        0.0, 
        0.0, 
        0.0, 
        0.00473933424676102, 
        0.00473933424676102, 
        0.0, 
        0.0, 
        0.00473933424676102, 
        0.00473933424676102, 
        0.00947866849352204, 
        0.00947866849352204, 
        0.0, 
        0.014218002740283063, 
        0.014218002740283057, 
        0.009478668493522038, 
        0.018957336987044084, 
        0.004739334246761019, 
        0.018957336987044084, 
        0.028436005480566122, 
        0.004739334246761019, 
        0.014218002740283064, 
        0.009478668493522038, 
        0.004739334246761019, 
        0.023696671233805103, 
        0.028436005480566122, 
        0.028436005480566122, 
        0.018957336987044084, 
        0.009478668493522045, 
        0.03791467397408817, 
        0.028436005480566122, 
        0.009478668493522038, 
        0.009478668493522038, 
        0.0, 
        0.004739334246761019, 
        0.009478668493522038, 
        0.0, 
        0.0236966712338051, 
        0.009478668493522042, 
        0.014218002740283057, 
        0.0236966712338051, 
        0.004739334246761019, 
        0.01895733698704408, 
        0.01895733698704408
    ], 
    "signals_b_s_c": [
        0.0, 
        0.0, 
        0.0, 
        0.0, 
        0.0, 
        0.0, 
        0.0, 
        0.0, 
        0.0, 
        0.0, 
        0.0, 
        0.0, 
        0.0, 
        0.0, 
        0.0, 
        0.0, 
        0.0, 
        0.0, 
        0.0, 
        0.0, 
        0.0, 
        0.0, 
        0.00473933424676102, 
        0.00947866849352204, 
        0.00947866849352204, 
        0.014218002740283061, 
        0.01895733698704408, 
        0.01895733698704408, 
        0.01895733698704408, 
        0.01895733698704408, 
        0.01895733698704408, 
        0.01895733698704408, 
        0.014218002740283061, 
        0.00947866849352204, 
        0.00947866849352204, 
        0.00473933424676102, 
        0.0, 
        0.0, 
        0.0, 
        0.0, 
        0.0, 
        0.0, 
        0.0, 
        0.0, 
        0.0, 
        0.0, 
        0.0, 
        0.0, 
        0.0, 
        0.0, 
        0.0, 
        0.00473933424676102, 
        0.00947866849352204, 
        0.00947866849352204, 
        0.00947866849352204, 
        0.014218002740283061, 
        0.01895733698704408, 
        0.028436005480566122, 
        0.03791467397408816, 
        0.03791467397408816, 
        0.052132676714371225, 
        0.06161134520789326, 
        0.06635067945465428, 
        0.08530801644169836, 
        0.09004735068845937, 
        0.10426535342874244, 
        0.12796202466254755, 
        0.12322269041578651, 
        0.12796202466254755, 
        0.1374406931560696, 
        0.12796202466254755, 
        0.1374406931560696, 
        0.1563980301431137, 
        0.1658766986366357, 
        0.18009470137691877, 
        0.17061603288339675, 
        0.1800947013769188, 
        0.2037913726107239, 
        0.19905203836396285, 
        0.19905203836396285, 
        0.1943127041172018, 
        0.17535536713015773, 
        0.15639803014311365, 
        0.12796202466254752, 
        0.13270135890930856, 
        0.13270135890930856, 
        0.10900468767550345, 
        0.10426535342874242, 
        0.09952601918198142, 
        0.10900468767550345
    ], 
    "signals_b": [
        0.0, 
        0.0, 
        0.0, 
        0.0, 
        0.0, 
        0.0, 
        0.0, 
        0.0, 
        0.0, 
        0.0, 
        0.0, 
        0.0, 
        0.0, 
        0.0, 
        0.0, 
        0.0, 
        0.0, 
        0.0, 
        0.0, 
        0.0, 
        0.0, 
        0.00473933424676102, 
        0.0, 
        0.0, 
        0.00473933424676102, 
        0.0, 
        0.0, 
        0.0, 
        0.0, 
        0.0, 
        0.0, 
        0.0, 
        0.0, 
        0.0, 
        0.0, 
        0.0, 
        0.0, 
        0.0, 
        0.0, 
        0.0, 
        0.0, 
        0.0, 
        0.0, 
        0.0, 
        0.0, 
        0.0, 
        0.0, 
        0.0, 
        0.0, 
        0.0, 
        0.00473933424676102, 
        0.0, 
        0.0, 
        0.0, 
        0.00473933424676102, 
        0.00947866849352204, 
        0.0, 
        0.00947866849352204, 
        0.00947866849352204, 
        0.023696671233805103, 
        0.03791467397408816, 
        0.028436005480566122, 
        0.047393342467610206, 
        0.042654008220849186, 
        0.023696671233805103, 
        0.052132676714371225, 
        0.047393342467610206, 
        0.03317533972732714, 
        0.023696671233805103, 
        0.028436005480566122, 
        0.052132676714371225, 
        0.023696671233805103, 
        0.052132676714371225, 
        0.03317533972732714, 
        0.042654008220849186, 
        0.00473933424676102, 
        0.03317533972732714, 
        0.023696671233805103, 
        0.03317533972732714, 
        0.03317533972732714, 
        0.028436005480566122, 
        0.03791467397408816, 
        0.03791467397408816, 
        0.014218002740283061, 
        0.023696671233805103, 
        0.03791467397408816, 
        0.014218002740283061, 
        0.01895733698704408, 
        0.0, 
        0.01895733698704408
    ],