{
    "signals_b_s": [
        0.0, 
        0.0, 
        0.0, 
        0.0, 
        0.0, 
        0.0, 
        0.0, 
        0.0, 
        0.0, 
        0.0, 
        0.0, 
        0.0, 
        0.0, 
        0.0, 
        0.0, 
        0.0, 
        0.0, 
        0.0, 
        0.0, 
        0.0, 
        0.0, 
        0.0, 
        0.0, 
        0.0, 
        0.0, 
        0.0, 
        0.0, 
        0.0, 
        0.0, 
        0.0, 
        0.0, 
        0.0, 
        0.0, 
        0.018518484225029212, 
        0.0, 
        0.018518484225029212, 
        0.0, 
        0.0, 
        0.0, 
        0.0, 
        0.0, 
        0.0, 
        0.0, 
        0.018518484225029212, 
        0.018518484225029212, 
        0.0, 
        0.0, 
        0.0, 
        0.0, 
        0.018518484225029212, 
        0.018518484225029212, 
        0.0, 
        0.0, 
        0.0, 
        0.018518484225029212, 
        0.018518484225029212, 
        0.0, 
        0.037036968450058425, 
        0.0, 
        0.018518484225029212, 
        0.1666663580252629, 
        0.12962938957520448, 
        0.018518484225029212, 
        0.037036968450058425, 
        0.01851848422502922, 
        0.05555545267508763, 
        0.0, 
        0.018518484225029212, 
        0.0, 
        0.018518484225029212, 
        0.07407393690011685, 
        0.05555545267508764, 
        0.018518484225029212, 
        0.018518484225029212, 
        0.018518484225029212, 
        0.037036968450058425, 
        0.0, 
        0.0, 
        0.0, 
        0.0, 
        0.0, 
        0.0, 
        0.0, 
        0.0, 
        0.0, 
        0.0, 
        0.0, 
        0.0, 
        0.0, 
        0.0
    ], 
    "signals_b_s_c": [
        0.0, 
        0.0, 
        0.0, 
        0.0, 
        0.0, 
        0.0, 
        0.0, 
        0.0, 
        0.0, 
        0.0, 
        0.0, 
        0.0, 
        0.0, 
        0.0, 
        0.0, 
        0.0, 
        0.0, 
        0.0, 
        0.0, 
        0.0, 
        0.0, 
        0.0, 
        0.0, 
        0.0, 
        0.0, 
        0.0, 
        0.0, 
        0.0, 
        0.0, 
        0.0, 
        0.0, 
        0.0, 
        0.0, 
        0.0, 
        0.018518484225029212, 
        0.018518484225029212, 
        0.037036968450058425, 
        0.037036968450058425, 
        0.037036968450058425, 
        0.037036968450058425, 
        0.037036968450058425, 
        0.037036968450058425, 
        0.037036968450058425, 
        0.037036968450058425, 
        0.037036968450058425, 
        0.05555545267508764, 
        0.037036968450058425, 
        0.037036968450058425, 
        0.037036968450058425, 
        0.037036968450058425, 
        0.05555545267508764, 
        0.07407393690011685, 
        0.07407393690011685, 
        0.07407393690011685, 
        0.05555545267508764, 
        0.05555545267508764, 
        0.07407393690011685, 
        0.07407393690011685, 
        0.11111090535017527, 
        0.11111090535017527, 
        0.11111090535017529, 
        0.25925877915040896, 
        0.38888816872561344, 
        0.40740665295064266, 
        0.4444436214007011, 
        0.4444436214007011, 
        0.4814805898507595, 
        0.4814805898507595, 
        0.46296210562573037, 
        0.46296210562573037, 
        0.46296210562573037, 
        0.3703696845005843, 
        0.2962957476004674, 
        0.2962957476004674, 
        0.2777772633754382, 
        0.2777772633754382, 
        0.259258779150409, 
        0.259258779150409, 
        0.2407402949253798, 
        0.2407402949253798, 
        0.22222181070035057, 
        0.1481478738002337, 
        0.09259242112514607, 
        0.07407393690011685, 
        0.05555545267508764, 
        0.037036968450058425, 
        0.0, 
        0.0, 
        0.0, 
        0.0
    ], 
    "signals_b": [
        0.0, 
        0.0, 
        0.0, 
        0.0, 
        0.0, 
        0.0, 
        0.0, 
        0.0, 
        0.0, 
        0.0, 
        0.0, 
        0.0, 
        0.0, 
        0.0, 
        0.0, 
        0.0, 
        0.0, 
        0.0, 
        0.0, 
        0.0, 
        0.0, 
        0.0, 
        0.0, 
        0.0, 
        0.0, 
        0.0, 
        0.0, 
        0.0, 
        0.0, 
        0.0, 
        0.0, 
        0.0, 
        0.0, 
        0.018518484225029212, 
        0.018518484225029212, 
        0.0, 
        0.0, 
        0.0, 
        0.0, 
        0.0, 
        0.0, 
        0.0, 
        0.0, 
        0.018518484225029212, 
        0.0, 
        0.0, 
        0.0, 
        0.0, 
        0.0, 
        0.018518484225029212, 
        0.0, 
        0.0, 
        0.0, 
        0.0, 
        0.018518484225029212, 
        0.0, 
        0.0, 
        0.037036968450058425, 
        0.037036968450058425, 
        0.018518484225029212, 
        0.1851848422502921, 
        0.05555545267508764, 
        0.07407393690011685, 
        0.11111090535017527, 
        0.09259242112514605, 
        0.037036968450058425, 
        0.037036968450058425, 
        0.018518484225029212, 
        0.018518484225029212, 
        0.0, 
        0.07407393690011685, 
        0.018518484225029212, 
        0.037036968450058425, 
        0.018518484225029212, 
        0.037036968450058425, 
        0.0, 
        0.0, 
        0.0, 
        0.0, 
        0.0, 
        0.0, 
        0.0, 
        0.0, 
        0.0, 
        0.0, 
        0.0, 
        0.0, 
        0.0, 
        0.0, 
        0.0
    ],