{
    "signals_b_s": [
        0.0, 
        0.0005927681924855844, 
        0.0005927681924855844, 
        0.0, 
        0.0, 
        0.0, 
        0.0, 
        0.0, 
        0.0, 
        0.0, 
        0.0, 
        0.0, 
        0.0, 
        0.0, 
        0.0, 
        0.0, 
        0.0, 
        0.0, 
        0.0, 
        0.0, 
        0.0, 
        0.0, 
        0.0, 
        0.0, 
        0.0005927681924855844, 
        0.0005927681924855844, 
        0.0, 
        0.0, 
        0.0, 
        0.0, 
        0.0, 
        0.0, 
        0.0, 
        0.0, 
        0.0, 
        0.0, 
        0.0005927681924855844, 
        0.0005927681924855844, 
        0.0, 
        0.0, 
        0.0, 
        0.0, 
        0.0, 
        0.0, 
        0.0005927681924855844, 
        0.0005927681924855844, 
        0.0, 
        0.0, 
        0.0, 
        0.0, 
        0.0, 
        0.007705986502312597, 
        0.0023710727699423366, 
        0.01600474119711078, 
        0.011855363849711687, 
        0.0011855363849711687, 
        0.010077059272254933, 
        0.0005927681924855844, 
        0.0, 
        0.13811498884914117, 
        0.015411973004625212, 
        0.03556609154913505, 
        0.014226436619654032, 
        0.023710727699423367, 
        0.006520450117341425, 
        0.004742145539884675, 
        0.010077059272254933, 
        0.001185536384971174, 
        0.004742145539884671, 
        0.001778304577456754, 
        0.007113218309827012, 
        0.001185536384971167, 
        0.008891522887283764, 
        0.008891522887283764, 
        0.0023710727699423374, 
        0.0017783045774567505, 
        0.003556609154913508, 
        0.003556609154913508, 
        0.0077059865023125975, 
        0.002963840962427922, 
        0.0005927681924855844, 
        0.001778304577456753, 
        0.0011855363849711687, 
        0.0011855363849711687, 
        0.0011855363849711687, 
        0.0011855363849711687, 
        0.001778304577456753, 
        0.0023710727699423374, 
        0.0, 
        0.0
    ], 
    "signals_b_s_c": [
        0.0, 
        0.0, 
        0.0005927681924855844, 
        0.0011855363849711687, 
        0.0011855363849711687, 
        0.0011855363849711687, 
        0.0011855363849711687, 
        0.0011855363849711687, 
        0.0011855363849711687, 
        0.0011855363849711687, 
        0.0011855363849711687, 
        0.0011855363849711687, 
        0.0005927681924855844, 
        0.0, 
        0.0, 
        0.0, 
        0.0, 
        0.0, 
        0.0, 
        0.0, 
        0.0, 
        0.0, 
        0.0, 
        0.0, 
        0.0, 
        0.0005927681924855844, 
        0.0011855363849711687, 
        0.0011855363849711687, 
        0.0011855363849711687, 
        0.0011855363849711687, 
        0.0011855363849711687, 
        0.0011855363849711687, 
        0.0011855363849711687, 
        0.0011855363849711687, 
        0.0011855363849711687, 
        0.0005927681924855844, 
        0.0, 
        0.0005927681924855844, 
        0.0011855363849711687, 
        0.0011855363849711687, 
        0.0011855363849711687, 
        0.0011855363849711687, 
        0.0011855363849711687, 
        0.0011855363849711687, 
        0.0011855363849711687, 
        0.001778304577456753, 
        0.0023710727699423374, 
        0.001778304577456753, 
        0.0011855363849711687, 
        0.0011855363849711687, 
        0.0011855363849711687, 
        0.0011855363849711687, 
        0.008891522887283766, 
        0.011262595657226104, 
        0.027267336854336882, 
        0.03852993251156298, 
        0.039122700704048566, 
        0.0491997599763035, 
        0.04979252816878908, 
        0.04979252816878908, 
        0.18790751701793024, 
        0.20331949002255545, 
        0.2311795950693779, 
        0.24303495891908963, 
        0.2507409454214022, 
        0.24540603168903197, 
        0.24896264084394543, 
        0.24896264084394543, 
        0.24955540903643106, 
        0.25429755457631575, 
        0.11796087030463132, 
        0.10966211560983312, 
        0.07528156044566922, 
        0.06994664671329895, 
        0.05512744190115934, 
        0.05097806455376025, 
        0.04801422359133233, 
        0.0414937734739909, 
        0.04386484624393324, 
        0.046828687206361165, 
        0.04801422359133234, 
        0.04149377347399091, 
        0.04208654166647649, 
        0.03438055516416389, 
        0.02667456866185129, 
        0.025489032276880125, 
        0.02489626408439454, 
        0.023117959506937787, 
        0.021932423121966624, 
        0.014226436619654025
    ], 
    "signals_b": [
        0.0, 
        0.0005927681924855844, 
        0.0, 
        0.0, 
        0.0, 
        0.0, 
        0.0, 
        0.0, 
        0.0, 
        0.0, 
        0.0, 
        0.0, 
        0.0, 
        0.0, 
        0.0, 
        0.0, 
        0.0, 
        0.0, 
        0.0, 
        0.0, 
        0.0, 
        0.0, 
        0.0, 
        0.0, 
        0.0005927681924855844, 
        0.0, 
        0.0, 
        0.0, 
        0.0, 
        0.0, 
        0.0, 
        0.0, 
        0.0, 
        0.0, 
        0.0, 
        0.0, 
        0.0005927681924855844, 
        0.0, 
        0.0, 
        0.0, 
        0.0, 
        0.0, 
        0.0, 
        0.0, 
        0.0005927681924855844, 
        0.0, 
        0.0, 
        0.0, 
        0.0, 
        0.0, 
        0.0, 
        0.007705986502312597, 
        0.010077059272254933, 
        0.02608180046936571, 
        0.014226436619654025, 
        0.015411973004625193, 
        0.005334913732370259, 
        0.004742145539884675, 
        0.004742145539884675, 
        0.14285713438902584, 
        0.12744516138440062, 
        0.09187906983526557, 
        0.07765263321561154, 
        0.053941905516188174, 
        0.04742145539884675, 
        0.042679309858962074, 
        0.03260225058670714, 
        0.03141671420173597, 
        0.026674568661851295, 
        0.02845287323930805, 
        0.021339654929481037, 
        0.022525191314452204, 
        0.01363366842716844, 
        0.022525191314452204, 
        0.020154118544509866, 
        0.018375813967053116, 
        0.014819204812139608, 
        0.018375813967053116, 
        0.010669827464740518, 
        0.007705986502312597, 
        0.008298754694798181, 
        0.006520450117341428, 
        0.005334913732370259, 
        0.0041493773473990905, 
        0.005334913732370259, 
        0.0041493773473990905, 
        0.0023710727699423374, 
        0.0, 
        0.0, 
        0.0
    ],