{
    "signals_b_s": [
        0.0, 
        0.0, 
        0.0, 
        0.0, 
        0.0, 
        0.0, 
        0.0, 
        0.0, 
        0.0, 
        0.0, 
        0.0, 
        0.0, 
        0.0, 
        0.0030120472855279263, 
        0.0030120472855279263, 
        0.0, 
        0.0, 
        0.0, 
        0.0, 
        0.0, 
        0.0, 
        0.0, 
        0.0, 
        0.0, 
        0.0, 
        0.0, 
        0.012048189142111705, 
        0.012048189142111705, 
        0.0, 
        0.0, 
        0.0, 
        0.0, 
        0.0, 
        0.0, 
        0.0, 
        0.0, 
        0.0, 
        0.0, 
        0.0, 
        0.0, 
        0.0, 
        0.0030120472855279263, 
        0.0030120472855279263, 
        0.0, 
        0.0, 
        0.0, 
        0.0030120472855279263, 
        0.0030120472855279263, 
        0.0, 
        0.0030120472855279263, 
        0.0, 
        0.0030120472855279263, 
        0.0, 
        0.0, 
        0.0, 
        0.0030120472855279263, 
        0.006024094571055853, 
        0.009036141856583779, 
        0.018072283713167558, 
        0.027108425569751342, 
        0.0030120472855279246, 
        0.012048189142111698, 
        0.0030120472855279246, 
        0.012048189142111712, 
        0.03915661471186305, 
        0.0030120472855279246, 
        0.0030120472855279315, 
        0.0, 
        0.03012047285527926, 
        0.009036141856583777, 
        0.0030120472855279246, 
        0.006024094571055853, 
        0.009036141856583779, 
        0.012048189142111703, 
        0.01506023642763963, 
        0.0030120472855279263, 
        0.009036141856583779, 
        0.0030120472855279246, 
        0.006024094571055851, 
        0.015060236427639631, 
        0.021084330998695486, 
        0.0, 
        0.009036141856583779, 
        0.006024094571055853, 
        0.0, 
        0.006024094571055853, 
        0.0, 
        0.006024094571055853, 
        0.009036141856583779, 
        0.021084330998695486
    ], 
    "signals_b_s_c": [
        0.0, 
        0.0, 
        0.0, 
        0.0, 
        0.0, 
        0.0, 
        0.0, 
        0.0, 
        0.0, 
        0.0, 
        0.0, 
        0.0, 
        0.0, 
        0.0, 
        0.0030120472855279263, 
        0.006024094571055853, 
        0.006024094571055853, 
        0.006024094571055853, 
        0.006024094571055853, 
        0.006024094571055853, 
        0.006024094571055853, 
        0.006024094571055853, 
        0.006024094571055853, 
        0.006024094571055853, 
        0.0030120472855279263, 
        0.0, 
        0.0, 
        0.012048189142111705, 
        0.02409637828422341, 
        0.02409637828422341, 
        0.02409637828422341, 
        0.02409637828422341, 
        0.02409637828422341, 
        0.02409637828422341, 
        0.02409637828422341, 
        0.02409637828422341, 
        0.02409637828422341, 
        0.012048189142111705, 
        0.0, 
        0.0, 
        0.0, 
        0.0, 
        0.0030120472855279263, 
        0.006024094571055853, 
        0.006024094571055853, 
        0.006024094571055853, 
        0.006024094571055853, 
        0.009036141856583779, 
        0.012048189142111705, 
        0.012048189142111705, 
        0.015060236427639631, 
        0.015060236427639631, 
        0.015060236427639631, 
        0.012048189142111705, 
        0.012048189142111705, 
        0.012048189142111705, 
        0.015060236427639631, 
        0.018072283713167558, 
        0.02409637828422341, 
        0.04216866199739097, 
        0.0662650402816144, 
        0.06927708756714232, 
        0.07831322942372608, 
        0.081325276709254, 
        0.09337346585136572, 
        0.13253008056322876, 
        0.13253008056322876, 
        0.1295180332777008, 
        0.12048189142111707, 
        0.13253008056322874, 
        0.1144577968500612, 
        0.1144577968500612, 
        0.10843370227900534, 
        0.11445779685006119, 
        0.11445779685006119, 
        0.09036141856583776, 
        0.09036141856583779, 
        0.09638551313689361, 
        0.09939756042242154, 
        0.07530118213819814, 
        0.081325276709254, 
        0.09939756042242157, 
        0.0933734658513657, 
        0.0933734658513657, 
        0.08734937128030984, 
        0.07228913485267022, 
        0.07530118213819814, 
        0.06626504028161438, 
        0.0692770875671423, 
        0.07228913485267022
    ], 
    "signals_b": [
        0.0, 
        0.0, 
        0.0, 
        0.0, 
        0.0, 
        0.0, 
        0.0, 
        0.0, 
        0.0, 
        0.0, 
        0.0, 
        0.0, 
        0.0, 
        0.0030120472855279263, 
        0.0, 
        0.0, 
        0.0, 
        0.0, 
        0.0, 
        0.0, 
        0.0, 
        0.0, 
        0.0, 
        0.0, 
        0.0, 
        0.0, 
        0.012048189142111705, 
        0.0, 
        0.0, 
        0.0, 
        0.0, 
        0.0, 
        0.0, 
        0.0, 
        0.0, 
        0.0, 
        0.0, 
        0.0, 
        0.0, 
        0.0, 
        0.0, 
        0.0030120472855279263, 
        0.0, 
        0.0, 
        0.0, 
        0.0, 
        0.0030120472855279263, 
        0.0, 
        0.0, 
        0.0030120472855279263, 
        0.0030120472855279263, 
        0.006024094571055853, 
        0.006024094571055853, 
        0.006024094571055853, 
        0.006024094571055853, 
        0.0030120472855279263, 
        0.009036141856583779, 
        0.018072283713167558, 
        0.036144567426335115, 
        0.06325299299608646, 
        0.06626504028161438, 
        0.07831322942372608, 
        0.07530118213819816, 
        0.08734937128030987, 
        0.04819275656844682, 
        0.045180709282918896, 
        0.042168661997390965, 
        0.042168661997390965, 
        0.012048189142111705, 
        0.021084330998695482, 
        0.018072283713167558, 
        0.02409637828422341, 
        0.015060236427639631, 
        0.027108425569751335, 
        0.012048189142111705, 
        0.009036141856583779, 
        0.018072283713167558, 
        0.021084330998695482, 
        0.015060236427639631, 
        0.030120472855279263, 
        0.009036141856583779, 
        0.009036141856583779, 
        0.018072283713167558, 
        0.012048189142111705, 
        0.012048189142111705, 
        0.006024094571055853, 
        0.006024094571055853, 
        0.0, 
        0.009036141856583779, 
        0.030120472855279263
    ],