{
    "signals_b_s": [
        0.0, 
        0.0, 
        0.0, 
        0.0, 
        0.0, 
        0.0, 
        0.0, 
        0.0, 
        0.0, 
        0.0, 
        0.0, 
        0.0, 
        0.0, 
        0.0, 
        0.0, 
        0.0, 
        0.0, 
        0.008130074690996187, 
        0.008130074690996187, 
        0.0, 
        0.0, 
        0.0, 
        0.0, 
        0.0, 
        0.0, 
        0.0, 
        0.0, 
        0.0, 
        0.0, 
        0.0, 
        0.008130074690996187, 
        0.008130074690996187, 
        0.0, 
        0.0, 
        0.0, 
        0.0, 
        0.0, 
        0.0, 
        0.0, 
        0.0, 
        0.0, 
        0.0, 
        0.0, 
        0.0, 
        0.0, 
        0.0, 
        0.0, 
        0.0, 
        0.0, 
        0.0, 
        0.0, 
        0.0, 
        0.0, 
        0.0, 
        0.008130074690996187, 
        0.008130074690996187, 
        0.008130074690996187, 
        0.04065037345498093, 
        0.008130074690996185, 
        0.03252029876398474, 
        0.03252029876398474, 
        0.0, 
        0.0, 
        0.01626014938199237, 
        0.008130074690996185, 
        0.040650373454980925, 
        0.024390224072988548, 
        0.008130074690996178, 
        0.008130074690996178, 
        0.008130074690996178, 
        0.0569105228369733, 
        0.024390224072988558, 
        0.016260149381992373, 
        0.008130074690996185, 
        0.0, 
        0.008130074690996187, 
        0.0, 
        0.0, 
        0.008130074690996187, 
        0.016260149381992373, 
        0.0, 
        0.016260149381992373, 
        0.0, 
        0.008130074690996187, 
        0.0, 
        0.008130074690996187, 
        0.016260149381992373, 
        0.0, 
        0.008130074690996187, 
        0.008130074690996187
    ], 
    "signals_b_s_c": [
        0.0, 
        0.0, 
        0.0, 
        0.0, 
        0.0, 
        0.0, 
        0.0, 
        0.0, 
        0.0, 
        0.0, 
        0.0, 
        0.0, 
        0.0, 
        0.0, 
        0.0, 
        0.0, 
        0.0, 
        0.0, 
        0.008130074690996187, 
        0.016260149381992373, 
        0.016260149381992373, 
        0.016260149381992373, 
        0.016260149381992373, 
        0.016260149381992373, 
        0.016260149381992373, 
        0.016260149381992373, 
        0.016260149381992373, 
        0.016260149381992373, 
        0.008130074690996187, 
        0.0, 
        0.0, 
        0.008130074690996187, 
        0.016260149381992373, 
        0.016260149381992373, 
        0.016260149381992373, 
        0.016260149381992373, 
        0.016260149381992373, 
        0.016260149381992373, 
        0.016260149381992373, 
        0.016260149381992373, 
        0.016260149381992373, 
        0.008130074690996187, 
        0.0, 
        0.0, 
        0.0, 
        0.0, 
        0.0, 
        0.0, 
        0.0, 
        0.0, 
        0.0, 
        0.0, 
        0.0, 
        0.0, 
        0.0, 
        0.008130074690996187, 
        0.016260149381992373, 
        0.02439022407298856, 
        0.0650405975279695, 
        0.07317067221896567, 
        0.10569097098295041, 
        0.13821126974693515, 
        0.13821126974693515, 
        0.13821126974693515, 
        0.15447141912892753, 
        0.15447141912892753, 
        0.18699171789291227, 
        0.20325186727490463, 
        0.17073156851091986, 
        0.17073156851091986, 
        0.14634134443793134, 
        0.17073156851091986, 
        0.1951217925839084, 
        0.2113819419659008, 
        0.2032518672749046, 
        0.19512179258390844, 
        0.1626014938199237, 
        0.13821126974693515, 
        0.13008119505593896, 
        0.130081195055939, 
        0.13821126974693518, 
        0.08130074690996186, 
        0.07317067221896567, 
        0.0569105228369733, 
        0.05691052283697331, 
        0.05691052283697331, 
        0.0569105228369733, 
        0.07317067221896567, 
        0.07317067221896567, 
        0.07317067221896568
    ], 
    "signals_b": [
        0.0, 
        0.0, 
        0.0, 
        0.0, 
        0.0, 
        0.0, 
        0.0, 
        0.0, 
        0.0, 
        0.0, 
        0.0, 
        0.0, 
        0.0, 
        0.0, 
        0.0, 
        0.0, 
        0.0, 
        0.008130074690996187, 
        0.0, 
        0.0, 
        0.0, 
        0.0, 
        0.0, 
        0.0, 
        0.0, 
        0.0, 
        0.0, 
        0.0, 
        0.0, 
        0.0, 
        0.008130074690996187, 
        0.0, 
        0.0, 
        0.0, 
        0.0, 
        0.0, 
        0.0, 
        0.0, 
        0.0, 
        0.0, 
        0.0, 
        0.0, 
        0.0, 
        0.0, 
        0.0, 
        0.0, 
        0.0, 
        0.0, 
        0.0, 
        0.0, 
        0.0, 
        0.0, 
        0.0, 
        0.0, 
        0.008130074690996187, 
        0.0, 
        0.008130074690996187, 
        0.048780448145977116, 
        0.0569105228369733, 
        0.024390224072988558, 
        0.0569105228369733, 
        0.0569105228369733, 
        0.0569105228369733, 
        0.04065037345498093, 
        0.048780448145977116, 
        0.08943082160095804, 
        0.0650405975279695, 
        0.07317067221896567, 
        0.0650405975279695, 
        0.07317067221896567, 
        0.016260149381992373, 
        0.04065037345498093, 
        0.024390224072988558, 
        0.016260149381992373, 
        0.016260149381992373, 
        0.008130074690996187, 
        0.008130074690996187, 
        0.008130074690996187, 
        0.0, 
        0.016260149381992373, 
        0.016260149381992373, 
        0.0, 
        0.0, 
        0.008130074690996187, 
        0.008130074690996187, 
        0.016260149381992373, 
        0.0, 
        0.0, 
        0.008130074690996187, 
        0.0
    ],