{
    "signals_b_s": [
        0.00465116062736715, 
        0.0, 
        0.0, 
        0.0, 
        0.00465116062736715, 
        0.00465116062736715, 
        0.00465116062736715, 
        0.0, 
        0.0, 
        0.0, 
        0.0093023212547343, 
        0.00465116062736715, 
        0.0, 
        0.00465116062736715, 
        0.0093023212547343, 
        0.00465116062736715, 
        0.00465116062736715, 
        0.0, 
        0.0, 
        0.0, 
        0.0, 
        0.0, 
        0.0, 
        0.0, 
        0.00465116062736715, 
        0.00465116062736715, 
        0.00465116062736715, 
        0.00465116062736715, 
        0.0, 
        0.0093023212547343, 
        0.0093023212547343, 
        0.0, 
        0.00465116062736715, 
        0.00465116062736715, 
        0.00465116062736715, 
        0.0, 
        0.00465116062736715, 
        0.00465116062736715, 
        0.0, 
        0.0, 
        0.0, 
        0.00465116062736715, 
        0.01395348188210145, 
        0.01395348188210145, 
        0.00465116062736715, 
        0.00465116062736715, 
        0.004651160627367149, 
        0.01395348188210145, 
        0.004651160627367149, 
        0.01395348188210145, 
        0.004651160627367149, 
        0.004651160627367149, 
        0.01395348188210145, 
        0.0186046425094686, 
        0.02325580313683575, 
        0.009302321254734298, 
        0.004651160627367151, 
        0.03255812439157005, 
        0.0186046425094686, 
        0.018604642509468597, 
        0.0093023212547343, 
        0.03255812439157005, 
        0.018604642509468604, 
        0.004651160627367149, 
        0.004651160627367149, 
        0.013953481882101448, 
        0.009302321254734298, 
        0.01395348188210145, 
        0.01395348188210145, 
        0.0, 
        0.01395348188210145, 
        0.0, 
        0.004651160627367151, 
        0.013953481882101448, 
        0.009302321254734298, 
        0.004651160627367149, 
        0.0186046425094686, 
        0.01395348188210145, 
        0.01395348188210145, 
        0.0186046425094686, 
        0.004651160627367151, 
        0.0093023212547343, 
        0.0186046425094686, 
        0.0186046425094686, 
        0.0, 
        0.0093023212547343, 
        0.009302321254734298, 
        0.013953481882101451, 
        0.0093023212547343, 
        0.0
    ], 
    "signals_b_s_c": [
        0.00465116062736715, 
        0.00465116062736715, 
        0.00465116062736715, 
        0.00465116062736715, 
        0.00465116062736715, 
        0.0093023212547343, 
        0.013953481882101451, 
        0.0186046425094686, 
        0.0186046425094686, 
        0.0186046425094686, 
        0.0186046425094686, 
        0.02325580313683575, 
        0.0279069637642029, 
        0.0279069637642029, 
        0.03255812439157005, 
        0.0372092850189372, 
        0.0372092850189372, 
        0.03720928501893721, 
        0.03720928501893721, 
        0.03720928501893721, 
        0.03720928501893721, 
        0.0279069637642029, 
        0.02325580313683575, 
        0.02325580313683575, 
        0.0186046425094686, 
        0.013953481882101451, 
        0.013953481882101451, 
        0.013953481882101451, 
        0.0186046425094686, 
        0.0186046425094686, 
        0.027906963764202902, 
        0.0372092850189372, 
        0.0372092850189372, 
        0.04186044564630435, 
        0.046511606273671506, 
        0.046511606273671506, 
        0.04186044564630436, 
        0.04186044564630435, 
        0.04186044564630435, 
        0.04186044564630435, 
        0.03255812439157005, 
        0.02325580313683575, 
        0.0279069637642029, 
        0.0372092850189372, 
        0.0465116062736715, 
        0.046511606273671506, 
        0.05116276690103866, 
        0.05116276690103866, 
        0.06046508815577295, 
        0.0651162487831401, 
        0.07906973066524155, 
        0.08372089129260869, 
        0.08372089129260869, 
        0.08372089129260869, 
        0.08837205191997584, 
        0.10697669442944444, 
        0.11162785505681158, 
        0.11162785505681158, 
        0.1302324975662802, 
        0.14418597944838163, 
        0.14883714007574878, 
        0.15348830070311592, 
        0.18139526446731882, 
        0.186046425094686, 
        0.17209294321258453, 
        0.15348830070311595, 
        0.1581394613304831, 
        0.1627906219578502, 
        0.14418597944838163, 
        0.13953481882101446, 
        0.1209301763115459, 
        0.12558133693891305, 
        0.093023212547343, 
        0.07906973066524155, 
        0.08837205191997584, 
        0.093023212547343, 
        0.0837208912926087, 
        0.09302321254734298, 
        0.093023212547343, 
        0.093023212547343, 
        0.1116278550568116, 
        0.10232553380207729, 
        0.1116278550568116, 
        0.12558133693891305, 
        0.1302324975662802, 
        0.1209301763115459, 
        0.12558133693891305, 
        0.11627901568417875, 
        0.11627901568417874, 
        0.11162785505681161
    ], 
    "signals_b": [
        0.00465116062736715, 
        0.00465116062736715, 
        0.00465116062736715, 
        0.00465116062736715, 
        0.0093023212547343, 
        0.00465116062736715, 
        0.0, 
        0.0, 
        0.0, 
        0.0, 
        0.0093023212547343, 
        0.00465116062736715, 
        0.00465116062736715, 
        0.0093023212547343, 
        0.0, 
        0.00465116062736715, 
        0.0, 
        0.0, 
        0.0, 
        0.0, 
        0.0, 
        0.0, 
        0.0, 
        0.0, 
        0.00465116062736715, 
        0.0, 
        0.00465116062736715, 
        0.0, 
        0.0, 
        0.0093023212547343, 
        0.0, 
        0.0, 
        0.00465116062736715, 
        0.0093023212547343, 
        0.00465116062736715, 
        0.00465116062736715, 
        0.0, 
        0.00465116062736715, 
        0.00465116062736715, 
        0.00465116062736715, 
        0.00465116062736715, 
        0.0, 
        0.01395348188210145, 
        0.0, 
        0.00465116062736715, 
        0.0093023212547343, 
        0.01395348188210145, 
        0.0279069637642029, 
        0.02325580313683575, 
        0.0093023212547343, 
        0.01395348188210145, 
        0.0093023212547343, 
        0.02325580313683575, 
        0.00465116062736715, 
        0.0279069637642029, 
        0.0186046425094686, 
        0.01395348188210145, 
        0.0465116062736715, 
        0.0279069637642029, 
        0.0093023212547343, 
        0.0186046425094686, 
        0.05116276690103865, 
        0.03255812439157005, 
        0.0279069637642029, 
        0.03255812439157005, 
        0.0186046425094686, 
        0.0279069637642029, 
        0.01395348188210145, 
        0.0279069637642029, 
        0.0279069637642029, 
        0.01395348188210145, 
        0.01395348188210145, 
        0.0186046425094686, 
        0.03255812439157005, 
        0.02325580313683575, 
        0.0186046425094686, 
        0.0, 
        0.01395348188210145, 
        0.0, 
        0.0186046425094686, 
        0.01395348188210145, 
        0.02325580313683575, 
        0.00465116062736715, 
        0.02325580313683575, 
        0.02325580313683575, 
        0.01395348188210145, 
        0.00465116062736715, 
        0.0186046425094686, 
        0.0093023212547343, 
        0.0093023212547343
    ],