{
    "signals_b_s": [
        0.0, 
        0.0, 
        0.0, 
        0.0, 
        0.0, 
        0.0, 
        0.0, 
        0.0, 
        0.0, 
        0.0, 
        0.017857110969444697, 
        0.017857110969444697, 
        0.0, 
        0.0, 
        0.0, 
        0.0, 
        0.0, 
        0.0, 
        0.0, 
        0.0, 
        0.0, 
        0.0, 
        0.0, 
        0.0, 
        0.017857110969444697, 
        0.017857110969444697, 
        0.0, 
        0.0, 
        0.0, 
        0.0, 
        0.0, 
        0.0, 
        0.0, 
        0.0, 
        0.0, 
        0.0, 
        0.0, 
        0.0, 
        0.0, 
        0.0, 
        0.0, 
        0.0, 
        0.0, 
        0.0, 
        0.017857110969444697, 
        0.017857110969444697, 
        0.0, 
        0.0, 
        0.0, 
        0.0, 
        0.0, 
        0.017857110969444697, 
        0.017857110969444697, 
        0.0, 
        0.0, 
        0.0, 
        0.0, 
        0.017857110969444697, 
        0.017857110969444697, 
        0.0, 
        0.07142844387777877, 
        0.05357133290833409, 
        0.03571422193888939, 
        0.0, 
        0.0, 
        0.05357133290833408, 
        0.0, 
        0.017857110969444697, 
        0.017857110969444697, 
        0.08928555484722348, 
        0.03571422193888939, 
        0.03571422193888939, 
        0.017857110969444697, 
        0.0, 
        0.035714221938889394, 
        0.0, 
        0.0, 
        0.017857110969444697, 
        0.0, 
        0.017857110969444697, 
        0.0, 
        0.0, 
        0.035714221938889394, 
        0.035714221938889394, 
        0.0, 
        0.0, 
        0.0, 
        0.017857110969444697, 
        0.017857110969444697, 
        0.0
    ], 
    "signals_b_s_c": [
        0.0, 
        0.0, 
        0.0, 
        0.0, 
        0.0, 
        0.0, 
        0.0, 
        0.0, 
        0.0, 
        0.0, 
        0.0, 
        0.017857110969444697, 
        0.035714221938889394, 
        0.035714221938889394, 
        0.035714221938889394, 
        0.035714221938889394, 
        0.035714221938889394, 
        0.035714221938889394, 
        0.035714221938889394, 
        0.035714221938889394, 
        0.035714221938889394, 
        0.017857110969444697, 
        0.0, 
        0.0, 
        0.0, 
        0.017857110969444697, 
        0.035714221938889394, 
        0.035714221938889394, 
        0.035714221938889394, 
        0.035714221938889394, 
        0.035714221938889394, 
        0.035714221938889394, 
        0.035714221938889394, 
        0.035714221938889394, 
        0.035714221938889394, 
        0.017857110969444697, 
        0.0, 
        0.0, 
        0.0, 
        0.0, 
        0.0, 
        0.0, 
        0.0, 
        0.0, 
        0.0, 
        0.017857110969444697, 
        0.035714221938889394, 
        0.035714221938889394, 
        0.035714221938889394, 
        0.035714221938889394, 
        0.035714221938889394, 
        0.035714221938889394, 
        0.05357133290833409, 
        0.07142844387777879, 
        0.07142844387777879, 
        0.05357133290833409, 
        0.035714221938889394, 
        0.035714221938889394, 
        0.05357133290833409, 
        0.07142844387777879, 
        0.07142844387777879, 
        0.14285688775555755, 
        0.17857110969444695, 
        0.19642822066389165, 
        0.19642822066389165, 
        0.19642822066389165, 
        0.24999955357222572, 
        0.24999955357222572, 
        0.24999955357222572, 
        0.24999955357222572, 
        0.3392851084194492, 
        0.30357088648055985, 
        0.28571377551111515, 
        0.26785666454167045, 
        0.26785666454167045, 
        0.30357088648055985, 
        0.24999955357222575, 
        0.24999955357222575, 
        0.24999955357222575, 
        0.23214244260278105, 
        0.16071399872500228, 
        0.12499977678611288, 
        0.08928555484722349, 
        0.10714266581666818, 
        0.14285688775555758, 
        0.10714266581666818, 
        0.10714266581666818, 
        0.10714266581666818, 
        0.10714266581666818, 
        0.12499977678611288
    ], 
    "signals_b": [
        0.0, 
        0.0, 
        0.0, 
        0.0, 
        0.0, 
        0.0, 
        0.0, 
        0.0, 
        0.0, 
        0.0, 
        0.017857110969444697, 
        0.0, 
        0.0, 
        0.0, 
        0.0, 
        0.0, 
        0.0, 
        0.0, 
        0.0, 
        0.0, 
        0.0, 
        0.0, 
        0.0, 
        0.0, 
        0.017857110969444697, 
        0.0, 
        0.0, 
        0.0, 
        0.0, 
        0.0, 
        0.0, 
        0.0, 
        0.0, 
        0.0, 
        0.0, 
        0.0, 
        0.0, 
        0.0, 
        0.0, 
        0.0, 
        0.0, 
        0.0, 
        0.0, 
        0.0, 
        0.017857110969444697, 
        0.0, 
        0.0, 
        0.0, 
        0.0, 
        0.0, 
        0.0, 
        0.017857110969444697, 
        0.0, 
        0.0, 
        0.0, 
        0.0, 
        0.0, 
        0.017857110969444697, 
        0.035714221938889394, 
        0.035714221938889394, 
        0.10714266581666818, 
        0.05357133290833409, 
        0.08928555484722348, 
        0.08928555484722348, 
        0.08928555484722348, 
        0.035714221938889394, 
        0.035714221938889394, 
        0.017857110969444697, 
        0.0, 
        0.08928555484722348, 
        0.05357133290833409, 
        0.017857110969444697, 
        0.035714221938889394, 
        0.035714221938889394, 
        0.0, 
        0.0, 
        0.0, 
        0.017857110969444697, 
        0.017857110969444697, 
        0.0, 
        0.0, 
        0.0, 
        0.035714221938889394, 
        0.0, 
        0.0, 
        0.0, 
        0.0, 
        0.017857110969444697, 
        0.0, 
        0.0
    ],