{
    "signals_b_s": [
        0.0, 
        0.0, 
        0.0, 
        0.0, 
        0.0, 
        0.0, 
        0.0, 
        0.0, 
        0.0, 
        0.0, 
        0.0, 
        0.0, 
        0.0, 
        0.0, 
        0.0, 
        0.0, 
        0.0, 
        0.0, 
        0.0, 
        0.0, 
        0.0, 
        0.0, 
        0.0, 
        0.0, 
        0.0, 
        0.0, 
        0.0, 
        0.0, 
        0.0, 
        0.0, 
        0.0, 
        0.0, 
        0.0, 
        0.0, 
        0.00495049259876604, 
        0.00495049259876604, 
        0.0, 
        0.0, 
        0.0, 
        0.0, 
        0.00495049259876604, 
        0.00495049259876604, 
        0.0, 
        0.0, 
        0.0, 
        0.0, 
        0.0, 
        0.0, 
        0.0, 
        0.0, 
        0.0, 
        0.0, 
        0.00495049259876604, 
        0.00495049259876604, 
        0.0, 
        0.0, 
        0.00495049259876604, 
        0.00495049259876604, 
        0.01980197039506416, 
        0.07920788158025664, 
        0.009900985197532089, 
        0.004950492598766051, 
        0.03960394079012833, 
        0.0049504925987660375, 
        0.024752462993830195, 
        0.03960394079012832, 
        0.03960394079012832, 
        0.009900985197532082, 
        0.02970295559259624, 
        0.01485147779629812, 
        0.009900985197532082, 
        0.029702955592596243, 
        0.00990098519753208, 
        0.0247524629938302, 
        0.0049504925987660445, 
        0.02970295559259624, 
        0.02970295559259624, 
        0.01485147779629812, 
        0.009900985197532082, 
        0.014851477796298121, 
        0.004950492598766039, 
        0.009900985197532079, 
        0.00495049259876604, 
        0.0, 
        0.0, 
        0.0, 
        0.0, 
        0.0, 
        0.0, 
        0.0
    ], 
    "signals_b_s_c": [
        0.0, 
        0.0, 
        0.0, 
        0.0, 
        0.0, 
        0.0, 
        0.0, 
        0.0, 
        0.0, 
        0.0, 
        0.0, 
        0.0, 
        0.0, 
        0.0, 
        0.0, 
        0.0, 
        0.0, 
        0.0, 
        0.0, 
        0.0, 
        0.0, 
        0.0, 
        0.0, 
        0.0, 
        0.0, 
        0.0, 
        0.0, 
        0.0, 
        0.0, 
        0.0, 
        0.0, 
        0.0, 
        0.0, 
        0.0, 
        0.0, 
        0.00495049259876604, 
        0.00990098519753208, 
        0.00990098519753208, 
        0.00990098519753208, 
        0.00990098519753208, 
        0.00990098519753208, 
        0.01485147779629812, 
        0.01980197039506416, 
        0.01980197039506416, 
        0.01980197039506416, 
        0.01485147779629812, 
        0.00990098519753208, 
        0.00990098519753208, 
        0.00990098519753208, 
        0.00990098519753208, 
        0.00990098519753208, 
        0.00495049259876604, 
        0.0, 
        0.00495049259876604, 
        0.00990098519753208, 
        0.00990098519753208, 
        0.00990098519753208, 
        0.01485147779629812, 
        0.01980197039506416, 
        0.03960394079012832, 
        0.11881182237038496, 
        0.12871280756791703, 
        0.1336633001666831, 
        0.1683167483580454, 
        0.1683167483580454, 
        0.19306921135187557, 
        0.2326731521420039, 
        0.2673266003333662, 
        0.2722770929321322, 
        0.2821780781296643, 
        0.2178216743457058, 
        0.2178216743457058, 
        0.24257413733953598, 
        0.2128711817469397, 
        0.2326731521420039, 
        0.21287118174693972, 
        0.20297019654940768, 
        0.19306921135187555, 
        0.19801970395064158, 
        0.17821773355557743, 
        0.17821773355557743, 
        0.17326724095681137, 
        0.15346527056174722, 
        0.14851477796298118, 
        0.12376231496915098, 
        0.11881182237038494, 
        0.08910886677778872, 
        0.05940591118519248, 
        0.04455443338889435, 
        0.03465344819136228
    ], 
    "signals_b": [
        0.0, 
        0.0, 
        0.0, 
        0.0, 
        0.0, 
        0.0, 
        0.0, 
        0.0, 
        0.0, 
        0.0, 
        0.0, 
        0.0, 
        0.0, 
        0.0, 
        0.0, 
        0.0, 
        0.0, 
        0.0, 
        0.0, 
        0.0, 
        0.0, 
        0.0, 
        0.0, 
        0.0, 
        0.0, 
        0.0, 
        0.0, 
        0.0, 
        0.0, 
        0.0, 
        0.0, 
        0.0, 
        0.0, 
        0.0, 
        0.00495049259876604, 
        0.0, 
        0.0, 
        0.0, 
        0.0, 
        0.0, 
        0.00495049259876604, 
        0.0, 
        0.0, 
        0.0, 
        0.0, 
        0.0, 
        0.0, 
        0.0, 
        0.0, 
        0.0, 
        0.0, 
        0.0, 
        0.00495049259876604, 
        0.0, 
        0.0, 
        0.0, 
        0.00495049259876604, 
        0.0, 
        0.01980197039506416, 
        0.0990098519753208, 
        0.08910886677778872, 
        0.09405935937655477, 
        0.05445541858642644, 
        0.05940591118519248, 
        0.034653448191362284, 
        0.0742573889814906, 
        0.034653448191362284, 
        0.0247524629938302, 
        0.05445541858642644, 
        0.03960394079012832, 
        0.0495049259876604, 
        0.01980197039506416, 
        0.00990098519753208, 
        0.034653448191362284, 
        0.02970295559259624, 
        0.05940591118519248, 
        0.02970295559259624, 
        0.01485147779629812, 
        0.0247524629938302, 
        0.00990098519753208, 
        0.01485147779629812, 
        0.00495049259876604, 
        0.0, 
        0.0, 
        0.0, 
        0.0, 
        0.0, 
        0.0, 
        0.0, 
        0.0
    ],