{
    "signals_b_s": [
        0.0, 
        0.0, 
        0.0, 
        0.0, 
        0.0, 
        0.0, 
        0.0, 
        0.0, 
        0.0, 
        0.0, 
        0.0, 
        0.0, 
        0.0, 
        0.0, 
        0.0, 
        0.004608292807238338, 
        0.004608292807238338, 
        0.0, 
        0.0, 
        0.0, 
        0.0, 
        0.0, 
        0.0, 
        0.0, 
        0.0, 
        0.0, 
        0.0, 
        0.0, 
        0.0, 
        0.0, 
        0.0, 
        0.0, 
        0.0, 
        0.004608292807238338, 
        0.0, 
        0.0, 
        0.004608292807238338, 
        0.004608292807238338, 
        0.0, 
        0.0, 
        0.004608292807238338, 
        0.004608292807238338, 
        0.0, 
        0.004608292807238338, 
        0.009216585614476676, 
        0.0, 
        0.004608292807238338, 
        0.0, 
        0.004608292807238338, 
        0.0, 
        0.013824878421715012, 
        0.013824878421715012, 
        0.004608292807238338, 
        0.004608292807238338, 
        0.004608292807238338, 
        0.004608292807238338, 
        0.009216585614476676, 
        0.0, 
        0.009216585614476674, 
        0.018433171228953354, 
        0.018433171228953348, 
        0.03225804965066836, 
        0.0737326849158134, 
        0.013824878421715012, 
        0.004608292807238339, 
        0.03225804965066836, 
        0.03225804965066836, 
        0.00921658561447667, 
        0.013824878421715009, 
        0.004608292807238339, 
        0.004608292807238339, 
        0.004608292807238335, 
        0.0, 
        0.01843317122895335, 
        0.027649756843430028, 
        0.004608292807238339, 
        0.004608292807238339, 
        0.013824878421715014, 
        0.004608292807238337, 
        0.004608292807238337, 
        0.0, 
        0.009216585614476676, 
        0.013824878421715012, 
        0.009216585614476674, 
        0.004608292807238337, 
        0.004608292807238338, 
        0.004608292807238338, 
        0.009216585614476676, 
        0.009216585614476676, 
        0.01843317122895335
    ], 
    "signals_b_s_c": [
        0.0, 
        0.0, 
        0.0, 
        0.0, 
        0.0, 
        0.0, 
        0.0, 
        0.0, 
        0.0, 
        0.0, 
        0.0, 
        0.0, 
        0.0, 
        0.0, 
        0.0, 
        0.0, 
        0.004608292807238338, 
        0.009216585614476676, 
        0.009216585614476676, 
        0.009216585614476676, 
        0.009216585614476676, 
        0.009216585614476676, 
        0.009216585614476676, 
        0.009216585614476676, 
        0.009216585614476676, 
        0.009216585614476676, 
        0.004608292807238338, 
        0.0, 
        0.0, 
        0.0, 
        0.0, 
        0.0, 
        0.0, 
        0.0, 
        0.004608292807238338, 
        0.004608292807238338, 
        0.004608292807238338, 
        0.009216585614476676, 
        0.013824878421715012, 
        0.013824878421715012, 
        0.013824878421715012, 
        0.01843317122895335, 
        0.02304146403619169, 
        0.02304146403619169, 
        0.02304146403619169, 
        0.03225804965066836, 
        0.03225804965066836, 
        0.03225804965066836, 
        0.027649756843430025, 
        0.03225804965066836, 
        0.03225804965066836, 
        0.04147463526514504, 
        0.05069122087962172, 
        0.055299513686860056, 
        0.05529951368686005, 
        0.05069122087962171, 
        0.05529951368686005, 
        0.059907806494098395, 
        0.059907806494098395, 
        0.06451609930133673, 
        0.08294927053029008, 
        0.08755756333752843, 
        0.10599073456648175, 
        0.17511512667505685, 
        0.18433171228953352, 
        0.18433171228953352, 
        0.21198146913296353, 
        0.2350229331691552, 
        0.24423951878363187, 
        0.24884781159087024, 
        0.2350229331691552, 
        0.2211980547474402, 
        0.19354829790401018, 
        0.11981561298819678, 
        0.12442390579543512, 
        0.1474653698316268, 
        0.11981561298819679, 
        0.09216585614476677, 
        0.09677414895200509, 
        0.08755756333752841, 
        0.0875575633375284, 
        0.08294927053029007, 
        0.08755756333752841, 
        0.10138244175924342, 
        0.09216585614476676, 
        0.06912439210857507, 
        0.06912439210857506, 
        0.06912439210857506, 
        0.06451609930133673, 
        0.06912439210857506
    ], 
    "signals_b": [
        0.0, 
        0.0, 
        0.0, 
        0.0, 
        0.0, 
        0.0, 
        0.0, 
        0.0, 
        0.0, 
        0.0, 
        0.0, 
        0.0, 
        0.0, 
        0.0, 
        0.0, 
        0.004608292807238338, 
        0.0, 
        0.0, 
        0.0, 
        0.0, 
        0.0, 
        0.0, 
        0.0, 
        0.0, 
        0.0, 
        0.0, 
        0.0, 
        0.0, 
        0.0, 
        0.0, 
        0.0, 
        0.0, 
        0.0, 
        0.004608292807238338, 
        0.004608292807238338, 
        0.004608292807238338, 
        0.009216585614476676, 
        0.004608292807238338, 
        0.004608292807238338, 
        0.004608292807238338, 
        0.0, 
        0.004608292807238338, 
        0.004608292807238338, 
        0.009216585614476676, 
        0.0, 
        0.0, 
        0.004608292807238338, 
        0.004608292807238338, 
        0.0, 
        0.0, 
        0.013824878421715012, 
        0.0, 
        0.004608292807238338, 
        0.0, 
        0.004608292807238338, 
        0.009216585614476676, 
        0.01843317122895335, 
        0.01843317122895335, 
        0.027649756843430025, 
        0.04608292807238338, 
        0.06451609930133673, 
        0.09677414895200509, 
        0.02304146403619169, 
        0.0368663424579067, 
        0.04147463526514504, 
        0.0737326849158134, 
        0.04147463526514504, 
        0.05069122087962171, 
        0.0368663424579067, 
        0.03225804965066836, 
        0.027649756843430025, 
        0.02304146403619169, 
        0.02304146403619169, 
        0.04147463526514504, 
        0.013824878421715012, 
        0.01843317122895335, 
        0.02304146403619169, 
        0.009216585614476676, 
        0.013824878421715012, 
        0.009216585614476676, 
        0.009216585614476676, 
        0.01843317122895335, 
        0.004608292807238338, 
        0.013824878421715012, 
        0.009216585614476676, 
        0.004608292807238338, 
        0.0, 
        0.009216585614476676, 
        0.01843317122895335, 
        0.0
    ],