{
    "signals_b_s": [
        0.003174602166792963, 
        0.0, 
        0.0, 
        0.003174602166792963, 
        0.0, 
        0.003174602166792963, 
        0.0, 
        0.003174602166792963, 
        0.003174602166792963, 
        0.0, 
        0.003174602166792963, 
        0.0, 
        0.0, 
        0.006349204333585926, 
        0.006349204333585926, 
        0.0, 
        0.003174602166792963, 
        0.003174602166792963, 
        0.0, 
        0.0, 
        0.0, 
        0.0, 
        0.0, 
        0.0, 
        0.0, 
        0.0, 
        0.0, 
        0.0, 
        0.003174602166792963, 
        0.003174602166792963, 
        0.0, 
        0.0, 
        0.0, 
        0.0, 
        0.0, 
        0.0, 
        0.006349204333585926, 
        0.003174602166792963, 
        0.003174602166792963, 
        0.003174602166792963, 
        0.003174602166792963, 
        0.003174602166792963, 
        0.0, 
        0.006349204333585927, 
        0.00952380650037889, 
        0.0, 
        0.003174602166792963, 
        0.003174602166792963, 
        0.015873010833964814, 
        0.009523806500378889, 
        0.0, 
        0.006349204333585926, 
        0.0, 
        0.0031746021667929643, 
        0.019047613000757777, 
        0.019047613000757777, 
        0.019047613000757777, 
        0.01269840866717185, 
        0.0, 
        0.0, 
        0.0, 
        0.015873010833964817, 
        0.00952380650037889, 
        0.0031746021667929617, 
        0.3936506686823274, 
        0.3015872058453315, 
        0.10158726933737482, 
        0.0, 
        0.006349204333585927, 
        0.0031746021667929643, 
        0.006349204333585926, 
        0.0, 
        0.00952380650037889, 
        0.0031746021667929643, 
        0.0031746021667929643, 
        0.0031746021667929617, 
        0.006349204333585926, 
        0.0, 
        0.006349204333585926, 
        0.009523806500378889, 
        0.006349204333585927, 
        0.006349204333585927, 
        0.015873010833964817, 
        0.012698408667171854, 
        0.00952380650037889, 
        0.012698408667171854, 
        0.006349204333585927, 
        0.00952380650037889, 
        0.00952380650037889, 
        0.006349204333585927
    ], 
    "signals_b_s_c": [
        0.003174602166792963, 
        0.003174602166792963, 
        0.003174602166792963, 
        0.003174602166792963, 
        0.006349204333585926, 
        0.006349204333585926, 
        0.009523806500378889, 
        0.009523806500378889, 
        0.012698408667171852, 
        0.015873010833964814, 
        0.015873010833964814, 
        0.015873010833964814, 
        0.015873010833964814, 
        0.015873010833964814, 
        0.019047613000757777, 
        0.025396817334343704, 
        0.02222221516755074, 
        0.025396817334343704, 
        0.025396817334343704, 
        0.02222221516755074, 
        0.02222221516755074, 
        0.019047613000757777, 
        0.019047613000757777, 
        0.019047613000757777, 
        0.012698408667171852, 
        0.006349204333585926, 
        0.006349204333585926, 
        0.003174602166792963, 
        0.0, 
        0.003174602166792963, 
        0.006349204333585926, 
        0.006349204333585926, 
        0.006349204333585926, 
        0.006349204333585926, 
        0.006349204333585926, 
        0.006349204333585926, 
        0.006349204333585926, 
        0.012698408667171852, 
        0.015873010833964814, 
        0.015873010833964814, 
        0.015873010833964814, 
        0.019047613000757777, 
        0.02222221516755074, 
        0.02222221516755074, 
        0.028571419501136668, 
        0.03809522600151556, 
        0.03809522600151556, 
        0.03492062383472259, 
        0.034920623834722594, 
        0.04761903250189444, 
        0.05396823683548037, 
        0.05079363466868741, 
        0.053968236835480375, 
        0.053968236835480375, 
        0.05079363466868741, 
        0.0603174411690663, 
        0.07936505416982408, 
        0.09523806500378888, 
        0.10476187150416777, 
        0.08888886067020296, 
        0.07936505416982408, 
        0.07936505416982408, 
        0.08888886067020296, 
        0.09841266717058185, 
        0.09841266717058186, 
        0.4730157228521515, 
        0.7555553156967252, 
        0.8380949720333423, 
        0.8253965633661704, 
        0.8317457676997563, 
        0.8349203698665493, 
        0.8412695742001352, 
        0.8253965633661704, 
        0.8253965633661703, 
        0.8253965633661703, 
        0.4349204968506359, 
        0.1365078931720974, 
        0.04126982816830852, 
        0.04126982816830852, 
        0.04126982816830852, 
        0.04761903250189445, 
        0.04761903250189445, 
        0.053968236835480375, 
        0.0603174411690663, 
        0.06984124766944519, 
        0.07619045200303111, 
        0.08571425850341001, 
        0.08571425850341, 
        0.09523806500378888, 
        0.09841266717058186
    ], 
    "signals_b": [
        0.003174602166792963, 
        0.003174602166792963, 
        0.003174602166792963, 
        0.0, 
        0.0, 
        0.003174602166792963, 
        0.003174602166792963, 
        0.0, 
        0.003174602166792963, 
        0.003174602166792963, 
        0.0, 
        0.0, 
        0.0, 
        0.006349204333585926, 
        0.0, 
        0.0, 
        0.003174602166792963, 
        0.0, 
        0.0, 
        0.0, 
        0.0, 
        0.0, 
        0.0, 
        0.0, 
        0.0, 
        0.0, 
        0.0, 
        0.0, 
        0.003174602166792963, 
        0.0, 
        0.0, 
        0.0, 
        0.0, 
        0.0, 
        0.0, 
        0.0, 
        0.006349204333585926, 
        0.003174602166792963, 
        0.0, 
        0.003174602166792963, 
        0.006349204333585926, 
        0.003174602166792963, 
        0.003174602166792963, 
        0.00952380650037889, 
        0.0, 
        0.0, 
        0.003174602166792963, 
        0.006349204333585926, 
        0.02222221516755074, 
        0.012698408667171852, 
        0.012698408667171852, 
        0.006349204333585926, 
        0.006349204333585926, 
        0.00952380650037889, 
        0.028571419501136668, 
        0.00952380650037889, 
        0.028571419501136668, 
        0.015873010833964817, 
        0.015873010833964817, 
        0.015873010833964817, 
        0.015873010833964817, 
        0.0, 
        0.00952380650037889, 
        0.012698408667171852, 
        0.40634907734949927, 
        0.10476187150416778, 
        0.003174602166792963, 
        0.003174602166792963, 
        0.00952380650037889, 
        0.006349204333585926, 
        0.0, 
        0.0, 
        0.00952380650037889, 
        0.006349204333585926, 
        0.00952380650037889, 
        0.012698408667171852, 
        0.006349204333585926, 
        0.006349204333585926, 
        0.012698408667171852, 
        0.003174602166792963, 
        0.00952380650037889, 
        0.003174602166792963, 
        0.01904761300075778, 
        0.006349204333585926, 
        0.015873010833964817, 
        0.003174602166792963, 
        0.00952380650037889, 
        0.01904761300075778, 
        0.00952380650037889, 
        0.003174602166792963
    ],