{
    "signals_b_s": [
        0.019867545283102587, 
        0.006622515094367528, 
        0.006622515094367529, 
        0.0022075050314558425, 
        0.0, 
        0.0, 
        0.0022075050314558425, 
        0.0022075050314558434, 
        0.006622515094367529, 
        0.006622515094367529, 
        0.002207505031455843, 
        0.002207505031455843, 
        0.0, 
        0.004415010062911686, 
        0.004415010062911686, 
        0.002207505031455843, 
        0.0, 
        0.002207505031455843, 
        0.002207505031455843, 
        0.0, 
        0.0, 
        0.002207505031455843, 
        0.002207505031455843, 
        0.002207505031455843, 
        0.0, 
        0.002207505031455843, 
        0.002207505031455843, 
        0.002207505031455843, 
        0.002207505031455843, 
        0.002207505031455843, 
        0.002207505031455843, 
        0.0, 
        0.0, 
        0.004415010062911686, 
        0.0022075050314558434, 
        0.006622515094367529, 
        0.0, 
        0.0, 
        0.002207505031455843, 
        0.0, 
        0.0, 
        0.0, 
        0.004415010062911687, 
        0.0022075050314558434, 
        0.0022075050314558434, 
        0.0, 
        0.0022075050314558434, 
        0.0, 
        0.013245030188735057, 
        0.0022075050314558434, 
        0.008830020125823372, 
        0.0022075050314558434, 
        0.0022075050314558434, 
        0.011037525157279215, 
        0.0022075050314558434, 
        0.0022075050314558434, 
        0.0, 
        0.0022075050314558434, 
        0.01986754528310259, 
        0.013245030188735058, 
        0.02207505031455843, 
        0.008830020125823373, 
        0.006622515094367527, 
        0.004415010062911687, 
        0.00662251509436753, 
        0.017660040251646743, 
        0.0, 
        0.0, 
        0.0, 
        0.0, 
        0.0, 
        0.0, 
        0.0, 
        0.019867545283102587, 
        0.0022075050314558434, 
        0.024282555346014274, 
        0.013245030188735057, 
        0.0022075050314558434, 
        0.011037525157279213, 
        0.0154525352201909, 
        0.0022075050314558434, 
        0.004415010062911687, 
        0.0022075050314558434, 
        0.006622515094367528, 
        0.011037525157279215, 
        0.0022075050314558434, 
        0.008830020125823372, 
        0.026490060377470113, 
        0.017660040251646743, 
        0.00883002012582337
    ], 
    "signals_b_s_c": [
        0.019867545283102587, 
        0.019867545283102587, 
        0.026490060377470113, 
        0.033112575471837644, 
        0.03532008050329349, 
        0.03532008050329349, 
        0.03532008050329349, 
        0.03752758553474933, 
        0.039735090566205174, 
        0.046357605660572704, 
        0.052980120754940234, 
        0.03532008050329349, 
        0.030905070440381804, 
        0.024282555346014274, 
        0.026490060377470117, 
        0.030905070440381804, 
        0.033112575471837644, 
        0.030905070440381807, 
        0.030905070440381804, 
        0.026490060377470117, 
        0.019867545283102587, 
        0.017660040251646743, 
        0.017660040251646743, 
        0.019867545283102587, 
        0.017660040251646743, 
        0.013245030188735058, 
        0.013245030188735058, 
        0.015452535220190902, 
        0.015452535220190902, 
        0.015452535220190902, 
        0.017660040251646743, 
        0.019867545283102587, 
        0.017660040251646743, 
        0.015452535220190902, 
        0.017660040251646743, 
        0.019867545283102587, 
        0.024282555346014274, 
        0.02207505031455843, 
        0.019867545283102587, 
        0.019867545283102587, 
        0.017660040251646743, 
        0.015452535220190902, 
        0.015452535220190902, 
        0.01986754528310259, 
        0.017660040251646747, 
        0.017660040251646747, 
        0.011037525157279217, 
        0.01324503018873506, 
        0.01324503018873506, 
        0.024282555346014274, 
        0.026490060377470117, 
        0.03532008050329349, 
        0.03752758553474933, 
        0.03532008050329349, 
        0.04415010062911686, 
        0.04415010062911686, 
        0.046357605660572704, 
        0.04415010062911686, 
        0.046357605660572704, 
        0.052980120754940234, 
        0.06401764591221945, 
        0.07726267610095451, 
        0.08388519119532205, 
        0.08830020125823372, 
        0.0816776861638662, 
        0.08609269622677787, 
        0.10154523144696878, 
        0.10154523144696878, 
        0.09933772641551294, 
        0.07947018113241035, 
        0.06622515094367529, 
        0.04415010062911686, 
        0.03532008050329349, 
        0.02869756540892596, 
        0.04415010062911686, 
        0.039735090566205174, 
        0.046357605660572704, 
        0.059602635849307764, 
        0.06181014088076361, 
        0.07284766603804282, 
        0.08830020125823372, 
        0.09050770628968957, 
        0.09492271635260126, 
        0.09713022138405711, 
        0.08388519119532202, 
        0.0927152113211454, 
        0.07064016100658699, 
        0.06622515094367529, 
        0.09050770628968957, 
        0.0971302213840571
    ], 
    "signals_b": [
        0.019867545283102587, 
        0.013245030188735058, 
        0.006622515094367529, 
        0.008830020125823372, 
        0.008830020125823372, 
        0.008830020125823372, 
        0.006622515094367529, 
        0.004415010062911686, 
        0.011037525157279215, 
        0.004415010062911686, 
        0.002207505031455843, 
        0.004415010062911686, 
        0.004415010062911686, 
        0.0, 
        0.004415010062911686, 
        0.002207505031455843, 
        0.002207505031455843, 
        0.0, 
        0.002207505031455843, 
        0.002207505031455843, 
        0.002207505031455843, 
        0.0, 
        0.002207505031455843, 
        0.0, 
        0.0, 
        0.002207505031455843, 
        0.0, 
        0.002207505031455843, 
        0.0, 
        0.002207505031455843, 
        0.0, 
        0.0, 
        0.0, 
        0.004415010062911686, 
        0.006622515094367529, 
        0.0, 
        0.0, 
        0.0, 
        0.002207505031455843, 
        0.002207505031455843, 
        0.002207505031455843, 
        0.002207505031455843, 
        0.006622515094367529, 
        0.004415010062911686, 
        0.006622515094367529, 
        0.006622515094367529, 
        0.004415010062911686, 
        0.004415010062911686, 
        0.017660040251646743, 
        0.019867545283102587, 
        0.011037525157279215, 
        0.008830020125823372, 
        0.011037525157279215, 
        0.02207505031455843, 
        0.024282555346014274, 
        0.026490060377470117, 
        0.026490060377470117, 
        0.02869756540892596, 
        0.008830020125823372, 
        0.02207505031455843, 
        0.04415010062911686, 
        0.03532008050329349, 
        0.02869756540892596, 
        0.024282555346014274, 
        0.017660040251646743, 
        0.0, 
        0.0, 
        0.0, 
        0.0, 
        0.0, 
        0.0, 
        0.0, 
        0.0, 
        0.019867545283102587, 
        0.017660040251646743, 
        0.04194259559766102, 
        0.02869756540892596, 
        0.026490060377470117, 
        0.03752758553474933, 
        0.02207505031455843, 
        0.019867545283102587, 
        0.024282555346014274, 
        0.02207505031455843, 
        0.015452535220190902, 
        0.026490060377470117, 
        0.024282555346014274, 
        0.015452535220190902, 
        0.04194259559766102, 
        0.024282555346014274, 
        0.033112575471837644
    ],