{
    "signals_b_s": [
        0.0, 
        0.0, 
        0.0, 
        0.0, 
        0.0, 
        0.0, 
        0.0, 
        0.0, 
        0.0, 
        0.0, 
        0.0, 
        0.0, 
        0.0, 
        0.0, 
        0.0, 
        0.0, 
        0.0, 
        0.0, 
        0.0, 
        0.0, 
        0.0, 
        0.0, 
        0.0, 
        0.0, 
        0.0, 
        0.0, 
        0.0, 
        0.0, 
        0.0, 
        0.0, 
        0.0, 
        0.0, 
        0.0, 
        0.0, 
        0.0, 
        0.0, 
        0.0, 
        0.0, 
        0.0, 
        0.0, 
        0.0, 
        0.0, 
        0.0, 
        0.0, 
        0.0, 
        0.0, 
        0.0, 
        0.0, 
        0.0, 
        0.0, 
        0.0, 
        0.0, 
        0.0, 
        0.0, 
        0.0, 
        0.0, 
        0.0, 
        0.0, 
        0.0, 
        0.09999900000999991, 
        0.09999900000999991, 
        0.09999900000999991, 
        0.09999900000999991, 
        0.0, 
        0.0, 
        0.2999970000299997, 
        0.2999970000299997, 
        0.0, 
        0.0, 
        0.0, 
        0.0, 
        0.09999900000999991, 
        0.09999900000999991, 
        0.0, 
        0.0, 
        0.0, 
        0.09999900000999991, 
        0.09999900000999991, 
        0.0, 
        0.0, 
        0.0, 
        0.0, 
        0.0, 
        0.0, 
        0.0, 
        0.0, 
        0.0, 
        0.09999900000999991, 
        0.09999900000999991, 
        0.0
    ], 
    "signals_b_s_c": [
        0.0, 
        0.0, 
        0.0, 
        0.0, 
        0.0, 
        0.0, 
        0.0, 
        0.0, 
        0.0, 
        0.0, 
        0.0, 
        0.0, 
        0.0, 
        0.0, 
        0.0, 
        0.0, 
        0.0, 
        0.0, 
        0.0, 
        0.0, 
        0.0, 
        0.0, 
        0.0, 
        0.0, 
        0.0, 
        0.0, 
        0.0, 
        0.0, 
        0.0, 
        0.0, 
        0.0, 
        0.0, 
        0.0, 
        0.0, 
        0.0, 
        0.0, 
        0.0, 
        0.0, 
        0.0, 
        0.0, 
        0.0, 
        0.0, 
        0.0, 
        0.0, 
        0.0, 
        0.0, 
        0.0, 
        0.0, 
        0.0, 
        0.0, 
        0.0, 
        0.0, 
        0.0, 
        0.0, 
        0.0, 
        0.0, 
        0.0, 
        0.0, 
        0.0, 
        0.0, 
        0.09999900000999991, 
        0.19999800001999982, 
        0.29999700002999974, 
        0.39999600003999963, 
        0.39999600003999963, 
        0.39999600003999963, 
        0.6999930000699993, 
        0.999990000099999, 
        0.999990000099999, 
        0.999990000099999, 
        0.8999910000899991, 
        0.7999920000799992, 
        0.7999920000799992, 
        0.7999920000799993, 
        0.7999920000799993, 
        0.7999920000799993, 
        0.49999500004999947, 
        0.29999700002999974, 
        0.39999600003999963, 
        0.39999600003999963, 
        0.39999600003999963, 
        0.39999600003999963, 
        0.29999700002999974, 
        0.19999800001999982, 
        0.19999800001999982, 
        0.19999800001999982, 
        0.19999800001999982, 
        0.09999900000999991, 
        0.09999900000999991, 
        0.19999800001999982
    ], 
    "signals_b": [
        0.0, 
        0.0, 
        0.0, 
        0.0, 
        0.0, 
        0.0, 
        0.0, 
        0.0, 
        0.0, 
        0.0, 
        0.0, 
        0.0, 
        0.0, 
        0.0, 
        0.0, 
        0.0, 
        0.0, 
        0.0, 
        0.0, 
        0.0, 
        0.0, 
        0.0, 
        0.0, 
        0.0, 
        0.0, 
        0.0, 
        0.0, 
        0.0, 
        0.0, 
        0.0, 
        0.0, 
        0.0, 
        0.0, 
        0.0, 
        0.0, 
        0.0, 
        0.0, 
        0.0, 
        0.0, 
        0.0, 
        0.0, 
        0.0, 
        0.0, 
        0.0, 
        0.0, 
        0.0, 
        0.0, 
        0.0, 
        0.0, 
        0.0, 
        0.0, 
        0.0, 
        0.0, 
        0.0, 
        0.0, 
        0.0, 
        0.0, 
        0.0, 
        0.0, 
        0.09999900000999991, 
        0.19999800001999982, 
        0.09999900000999991, 
        0.0, 
        0.0, 
        0.0, 
        0.2999970000299997, 
        0.0, 
        0.0, 
        0.0, 
        0.0, 
        0.0, 
        0.09999900000999991, 
        0.0, 
        0.0, 
        0.0, 
        0.0, 
        0.09999900000999991, 
        0.0, 
        0.0, 
        0.0, 
        0.0, 
        0.0, 
        0.0, 
        0.0, 
        0.0, 
        0.0, 
        0.0, 
        0.09999900000999991, 
        0.0, 
        0.0
    ], 
    "signals_b_s_c_l": [
        -11.512925464970229, 
        -11.512925464970229, 
        -11.512925464970229, 
        -11.512925464970229, 
        -11.512925464970229, 
        -11.512925464970229, 
        -11.512925464970229, 
        -11.512925464970229, 
        -11.512925464970229, 
        -11.512925464970229, 
        -11.512925464970229, 
        -11.512925464970229, 
        -11.512925464970229, 
        -11.512925464970229, 
        -11.512925464970229, 
        -11.512925464970229, 
        -11.512925464970229, 
        -11.512925464970229, 
        -11.512925464970229, 
        -11.512925464970229, 
        -11.512925464970229, 
        -11.512925464970229, 
        -11.512925464970229, 
        -11.512925464970229, 
        -11.512925464970229, 
        -11.512925464970229, 
        -11.512925464970229, 
        -11.512925464970229, 
        -11.512925464970229, 
        -11.512925464970229, 
        -11.512925464970229, 
        -11.512925464970229, 
        -11.512925464970229, 
        -11.512925464970229, 
        -11.512925464970229, 
        -11.512925464970229, 
        -11.512925464970229, 
        -11.512925464970229, 
        -11.512925464970229, 
        -11.512925464970229, 
        -11.512925464970229, 
        -11.512925464970229, 
        -11.512925464970229, 
        -11.512925464970229, 
        -11.512925464970229, 
        -11.512925464970229, 
        -11.512925464970229, 
        -11.512925464970229, 
        -11.512925464970229, 
        -11.512925464970229, 
        -11.512925464970229, 
        -11.512925464970229, 
        -11.512925464970229, 
        -11.512925464970229, 
        -11.512925464970229, 
        -11.512925464970229, 
        -11.512925464970229, 
        -11.512925464970229, 
        -11.512925464970229, 
        -11.512925464970229, 
        -2.3024950969438125, 
        -1.6093979131340839, 
        -1.2039494711648238, 
        -0.9162757318866563, 
        -0.9162757318866563, 
        -0.9162757318866563, 
        -0.3566706581336318, 
        9.99991200906175e-11, 
        9.99991200906175e-11, 
        9.99991200906175e-11, 
        -0.10535940444733363, 
        -0.2231410512173361, 
        -0.2231410512173361, 
        -0.22314105121733596, 
        -0.22314105121733596, 
        -0.22314105121733596, 
        -0.693137180509947, 
        -1.2039494711648238, 
        -0.9162757318866563, 
        -0.9162757318866563, 
        -0.9162757318866563, 
        -0.9162757318866563, 
        -1.2039494711648238, 
        -1.6093979131340839, 
        -1.6093979131340839, 
        -1.6093979131340839, 
        -1.6093979131340839, 
        -2.3024950969438125, 
        -2.3024950969438125, 
        -1.6093979131340839
    ],