{
    "signals_b_s": [
        0.0, 
        0.0023094682888064, 
        0.0046189365776128, 
        0.004618936577612799, 
        0.011547341444032, 
        0.0023094682888064, 
        0.0, 
        0.0023094682888064, 
        0.0023094682888064, 
        0.0, 
        0.0023094682888064, 
        0.0023094682888064, 
        0.0023094682888064, 
        0.0, 
        0.0023094682888064, 
        0.0023094682888064, 
        0.0, 
        0.0023094682888064, 
        0.0023094682888064, 
        0.0, 
        0.0, 
        0.0, 
        0.0, 
        0.0, 
        0.0, 
        0.0, 
        0.0023094682888064, 
        0.0023094682888064, 
        0.0, 
        0.0, 
        0.0, 
        0.0, 
        0.0, 
        0.0023094682888064, 
        0.0023094682888064, 
        0.0046189365776128, 
        0.0046189365776128, 
        0.0, 
        0.0, 
        0.0046189365776128, 
        0.0, 
        0.0023094682888064, 
        0.0023094682888064, 
        0.0046189365776128, 
        0.0, 
        0.0069284048664192, 
        0.0, 
        0.0023094682888064, 
        0.016166278021644796, 
        0.0046189365776127984, 
        0.002309468288806401, 
        0.013856809732838399, 
        0.002309468288806401, 
        0.0046189365776127984, 
        0.011547341444031998, 
        0.006928404866419199, 
        0.0092378731552256, 
        0.0046189365776127984, 
        0.0046189365776127984, 
        0.011547341444032001, 
        0.013856809732838399, 
        0.006928404866419199, 
        0.006928404866419199, 
        0.002309468288806401, 
        0.0046189365776127984, 
        0.011547341444032001, 
        0.0184757463104512, 
        0.0046189365776127984, 
        0.011547341444032, 
        0.002309468288806401, 
        0.0046189365776128, 
        0.0023094682888063992, 
        0.009237873155225599, 
        0.0023094682888063975, 
        0.002309468288806401, 
        0.0046189365776128, 
        0.0092378731552256, 
        0.0046189365776128, 
        0.004618936577612799, 
        0.011547341444032, 
        0.0, 
        0.0, 
        0.002309468288806401, 
        0.0, 
        0.0, 
        0.0092378731552256, 
        0.0092378731552256, 
        0.0092378731552256, 
        0.0092378731552256, 
        0.006928404866419203
    ], 
    "signals_b_s_c": [
        0.0, 
        0.0, 
        0.0023094682888064, 
        0.0069284048664192, 
        0.011547341444032, 
        0.023094682888064, 
        0.0254041511768704, 
        0.0254041511768704, 
        0.0277136194656768, 
        0.030023087754483202, 
        0.030023087754483202, 
        0.0323325560432896, 
        0.0323325560432896, 
        0.030023087754483205, 
        0.025404151176870404, 
        0.016166278021644803, 
        0.016166278021644803, 
        0.016166278021644803, 
        0.016166278021644803, 
        0.016166278021644803, 
        0.016166278021644803, 
        0.013856809732838402, 
        0.011547341444032001, 
        0.0092378731552256, 
        0.0092378731552256, 
        0.0069284048664192, 
        0.0046189365776128, 
        0.0069284048664192, 
        0.0069284048664192, 
        0.0046189365776128, 
        0.0046189365776128, 
        0.0046189365776128, 
        0.0046189365776128, 
        0.0046189365776128, 
        0.0069284048664192, 
        0.0092378731552256, 
        0.0138568097328384, 
        0.016166278021644803, 
        0.0138568097328384, 
        0.0138568097328384, 
        0.0184757463104512, 
        0.0184757463104512, 
        0.0207852145992576, 
        0.023094682888064003, 
        0.025404151176870407, 
        0.023094682888064003, 
        0.0254041511768704, 
        0.0207852145992576, 
        0.023094682888064003, 
        0.0392609609097088, 
        0.03926096090970879, 
        0.041570429198515196, 
        0.05311777064254719, 
        0.053117770642547205, 
        0.05311777064254719, 
        0.06466511208657919, 
        0.06466511208657919, 
        0.07390298524180479, 
        0.07621245353061118, 
        0.06466511208657919, 
        0.0715935169529984, 
        0.08314085839703039, 
        0.0762124535306112, 
        0.08083139010822399, 
        0.0785219218194176, 
        0.0715935169529984, 
        0.07621245353061121, 
        0.0854503266858368, 
        0.0854503266858368, 
        0.09237873155225598, 
        0.08314085839703039, 
        0.07390298524180479, 
        0.069284048664192, 
        0.0715935169529984, 
        0.0715935169529984, 
        0.069284048664192, 
        0.0623556437977728, 
        0.05311777064254719, 
        0.0531177706425472, 
        0.046189365776128005, 
        0.0554272389313536, 
        0.0508083023537408, 
        0.0484988340649344, 
        0.041570429198515196, 
        0.039260960909708806, 
        0.0369514926209024, 
        0.04157042919851521, 
        0.041570429198515196, 
        0.046189365776128005, 
        0.050808302353740814
    ], 
    "signals_b": [
        0.0, 
        0.0023094682888064, 
        0.0069284048664192, 
        0.011547341444032, 
        0.0, 
        0.0023094682888064, 
        0.0023094682888064, 
        0.0, 
        0.0023094682888064, 
        0.0023094682888064, 
        0.0046189365776128, 
        0.0023094682888064, 
        0.0, 
        0.0, 
        0.0023094682888064, 
        0.0, 
        0.0, 
        0.0023094682888064, 
        0.0, 
        0.0, 
        0.0, 
        0.0, 
        0.0, 
        0.0, 
        0.0, 
        0.0, 
        0.0023094682888064, 
        0.0, 
        0.0, 
        0.0, 
        0.0, 
        0.0, 
        0.0, 
        0.0023094682888064, 
        0.0, 
        0.0046189365776128, 
        0.0, 
        0.0, 
        0.0, 
        0.0046189365776128, 
        0.0046189365776128, 
        0.0069284048664192, 
        0.0046189365776128, 
        0.0092378731552256, 
        0.0092378731552256, 
        0.0023094682888064, 
        0.0023094682888064, 
        0.0046189365776128, 
        0.020785214599257598, 
        0.0161662780216448, 
        0.0184757463104512, 
        0.0323325560432896, 
        0.0300230877544832, 
        0.034642024332096, 
        0.023094682888064, 
        0.0300230877544832, 
        0.020785214599257598, 
        0.0161662780216448, 
        0.020785214599257598, 
        0.0323325560432896, 
        0.0184757463104512, 
        0.0254041511768704, 
        0.0323325560432896, 
        0.0300230877544832, 
        0.0254041511768704, 
        0.0369514926209024, 
        0.0184757463104512, 
        0.023094682888064, 
        0.011547341444032, 
        0.0138568097328384, 
        0.0092378731552256, 
        0.011547341444032, 
        0.020785214599257598, 
        0.0184757463104512, 
        0.0161662780216448, 
        0.011547341444032, 
        0.0023094682888064, 
        0.0069284048664192, 
        0.011547341444032, 
        0.023094682888064, 
        0.023094682888064, 
        0.023094682888064, 
        0.020785214599257598, 
        0.020785214599257598, 
        0.020785214599257598, 
        0.0300230877544832, 
        0.020785214599257598, 
        0.0300230877544832, 
        0.020785214599257598, 
        0.0277136194656768
    ],