{
    "signals_b_s": [
        0.023437490844730142, 
        0.011718745422365071, 
        0.00781249694824338, 
        0.011718745422365071, 
        0.00781249694824338, 
        0.00781249694824338, 
        0.00781249694824338, 
        0.00781249694824338, 
        0.00781249694824338, 
        0.00390624847412169, 
        0.00390624847412169, 
        0.00781249694824338, 
        0.00781249694824338, 
        0.0, 
        0.00781249694824338, 
        0.00781249694824338, 
        0.0, 
        0.0, 
        0.00390624847412169, 
        0.0, 
        0.0, 
        0.00390624847412169, 
        0.0, 
        0.0, 
        0.0, 
        0.0, 
        0.00390624847412169, 
        0.00390624847412169, 
        0.00781249694824338, 
        0.00781249694824338, 
        0.0, 
        0.0, 
        0.00781249694824338, 
        0.00390624847412169, 
        0.00390624847412169, 
        0.00781249694824338, 
        0.00390624847412169, 
        0.00390624847412169, 
        0.011718745422365071, 
        0.011718745422365071, 
        0.00781249694824338, 
        0.00781249694824338, 
        0.023437490844730142, 
        0.01953124237060845, 
        0.00390624847412169, 
        0.003906248474121691, 
        0.0, 
        0.003906248474121689, 
        0.003906248474121691, 
        0.011718745422365071, 
        0.011718745422365071, 
        0.003906248474121691, 
        0.003906248474121691, 
        0.003906248474121691, 
        0.015624993896486762, 
        0.00781249694824338, 
        0.003906248474121691, 
        0.01171874542236507, 
        0.0039062484741216874, 
        0.015624993896486762, 
        0.01953124237060845, 
        0.03124998779297352, 
        0.0, 
        0.0, 
        0.0, 
        0.0, 
        0.0, 
        0.0, 
        0.0, 
        0.0, 
        0.0, 
        0.01953124237060845, 
        0.00781249694824338, 
        0.003906248474121689, 
        0.023437490844730142, 
        0.0390624847412169, 
        0.01953124237060845, 
        0.01562499389648676, 
        0.02734373931885183, 
        0.0039062484741216943, 
        0.023437490844730145, 
        0.003906248474121689, 
        0.0390624847412169, 
        0.011718745422365076, 
        0.0, 
        0.019531242370608447, 
        0.01562499389648676, 
        0.0, 
        0.01953124237060845, 
        0.01171874542236507
    ], 
    "signals_b_s_c": [
        0.023437490844730142, 
        0.023437490844730142, 
        0.035156236267095214, 
        0.042968733215338596, 
        0.054687478637703665, 
        0.06249997558594705, 
        0.07031247253419043, 
        0.0781249694824338, 
        0.08593746643067718, 
        0.09374996337892055, 
        0.09765621185304224, 
        0.0781249694824338, 
        0.07421872100831212, 
        0.0742187210083121, 
        0.06249997558594704, 
        0.06249997558594704, 
        0.06249997558594705, 
        0.054687478637703665, 
        0.046874981689460284, 
        0.04296873321533859, 
        0.0390624847412169, 
        0.03515623626709521, 
        0.03124998779297352, 
        0.023437490844730142, 
        0.023437490844730142, 
        0.01562499389648676, 
        0.00781249694824338, 
        0.01171874542236507, 
        0.01562499389648676, 
        0.01953124237060845, 
        0.027343739318851833, 
        0.027343739318851833, 
        0.02343749084473014, 
        0.03124998779297352, 
        0.03515623626709521, 
        0.039062484741216895, 
        0.04687498168946028, 
        0.046874981689460284, 
        0.04687498168946028, 
        0.050781230163581964, 
        0.05468747863770366, 
        0.06249997558594704, 
        0.07031247253419041, 
        0.08593746643067719, 
        0.10156246032716394, 
        0.10156246032716394, 
        0.09765621185304225, 
        0.09374996337892057, 
        0.09374996337892055, 
        0.08593746643067718, 
        0.08593746643067718, 
        0.08984371490479888, 
        0.08593746643067718, 
        0.06640622406006873, 
        0.050781230163581964, 
        0.06249997558594704, 
        0.06640622406006873, 
        0.07031247253419041, 
        0.0781249694824338, 
        0.0781249694824338, 
        0.0820312179565555, 
        0.08984371490479887, 
        0.1171874542236507, 
        0.11328120574952902, 
        0.10937495727540733, 
        0.09374996337892055, 
        0.08593746643067718, 
        0.08203121795655549, 
        0.07031247253419043, 
        0.06640622406006874, 
        0.05078123016358197, 
        0.03124998779297352, 
        0.01953124237060845, 
        0.027343739318851833, 
        0.03124998779297352, 
        0.054687478637703665, 
        0.09374996337892057, 
        0.11328120574952902, 
        0.12890619964601577, 
        0.1562499389648676, 
        0.1601561874389893, 
        0.18359367828371945, 
        0.1679686843872327, 
        0.19921867218020622, 
        0.2070311691284496, 
        0.18359367828371947, 
        0.16406243591311098, 
        0.1601561874389893, 
        0.14453119354250252, 
        0.13671869659425917
    ], 
    "signals_b": [
        0.023437490844730142, 
        0.011718745422365071, 
        0.01953124237060845, 
        0.00781249694824338, 
        0.01562499389648676, 
        0.00781249694824338, 
        0.0, 
        0.00781249694824338, 
        0.0, 
        0.00390624847412169, 
        0.0, 
        0.00781249694824338, 
        0.0, 
        0.0, 
        0.00781249694824338, 
        0.0, 
        0.0, 
        0.0, 
        0.00390624847412169, 
        0.00390624847412169, 
        0.00390624847412169, 
        0.0, 
        0.0, 
        0.0, 
        0.0, 
        0.0, 
        0.00390624847412169, 
        0.0, 
        0.00781249694824338, 
        0.0, 
        0.0, 
        0.0, 
        0.00781249694824338, 
        0.00390624847412169, 
        0.00781249694824338, 
        0.0, 
        0.00390624847412169, 
        0.0, 
        0.011718745422365071, 
        0.0, 
        0.00781249694824338, 
        0.0, 
        0.023437490844730142, 
        0.00390624847412169, 
        0.00781249694824338, 
        0.011718745422365071, 
        0.011718745422365071, 
        0.01562499389648676, 
        0.01953124237060845, 
        0.00781249694824338, 
        0.01953124237060845, 
        0.01562499389648676, 
        0.01953124237060845, 
        0.023437490844730142, 
        0.00781249694824338, 
        0.01562499389648676, 
        0.01953124237060845, 
        0.03124998779297352, 
        0.027343739318851833, 
        0.011718745422365071, 
        0.03124998779297352, 
        0.0, 
        0.0, 
        0.0, 
        0.0, 
        0.0, 
        0.0, 
        0.0, 
        0.0, 
        0.0, 
        0.0, 
        0.01953124237060845, 
        0.011718745422365071, 
        0.01562499389648676, 
        0.0390624847412169, 
        0.0, 
        0.01953124237060845, 
        0.00390624847412169, 
        0.03124998779297352, 
        0.035156236267095214, 
        0.011718745422365071, 
        0.01562499389648676, 
        0.054687478637703665, 
        0.04296873321533859, 
        0.04296873321533859, 
        0.023437490844730142, 
        0.0390624847412169, 
        0.0390624847412169, 
        0.01953124237060845, 
        0.03124998779297352
    ],