{
    "signals_b_s": [
        0.0, 
        0.0, 
        0.0, 
        0.0, 
        0.0, 
        0.0, 
        0.0, 
        0.0, 
        0.0, 
        0.0, 
        0.0, 
        0.0, 
        0.0, 
        0.0, 
        0.0, 
        0.0, 
        0.0, 
        0.0, 
        0.0, 
        0.0, 
        0.0, 
        0.0, 
        0.0, 
        0.0, 
        0.0, 
        0.0, 
        0.0, 
        0.0, 
        0.0, 
        0.0, 
        0.0, 
        0.0, 
        0.0, 
        0.0, 
        0.0, 
        0.0, 
        0.0, 
        0.0, 
        0.0, 
        0.0, 
        0.0, 
        0.0, 
        0.0, 
        0.0, 
        0.0, 
        0.0, 
        0.029411678200946464, 
        0.029411678200946464, 
        0.0, 
        0.0, 
        0.0, 
        0.11764671280378586, 
        0.11764671280378586, 
        0.05882335640189293, 
        0.05882335640189293, 
        0.0, 
        0.029411678200946464, 
        0.029411678200946464, 
        0.029411678200946464, 
        0.0, 
        0.0, 
        0.029411678200946464, 
        0.029411678200946464, 
        0.0, 
        0.029411678200946464, 
        0.029411678200946464, 
        0.029411678200946464, 
        0.05882335640189293, 
        0.05882335640189293, 
        0.029411678200946464, 
        0.05882335640189293, 
        0.029411678200946464, 
        0.029411678200946464, 
        0.029411678200946464, 
        0.05882335640189293, 
        0.029411678200946464, 
        0.029411678200946464, 
        0.05882335640189293, 
        0.0, 
        0.0, 
        0.0, 
        0.0, 
        0.0, 
        0.0, 
        0.0, 
        0.0, 
        0.0, 
        0.0, 
        0.0, 
        0.0
    ], 
    "signals_b_s_c": [
        0.0, 
        0.0, 
        0.0, 
        0.0, 
        0.0, 
        0.0, 
        0.0, 
        0.0, 
        0.0, 
        0.0, 
        0.0, 
        0.0, 
        0.0, 
        0.0, 
        0.0, 
        0.0, 
        0.0, 
        0.0, 
        0.0, 
        0.0, 
        0.0, 
        0.0, 
        0.0, 
        0.0, 
        0.0, 
        0.0, 
        0.0, 
        0.0, 
        0.0, 
        0.0, 
        0.0, 
        0.0, 
        0.0, 
        0.0, 
        0.0, 
        0.0, 
        0.0, 
        0.0, 
        0.0, 
        0.0, 
        0.0, 
        0.0, 
        0.0, 
        0.0, 
        0.0, 
        0.0, 
        0.0, 
        0.029411678200946464, 
        0.05882335640189293, 
        0.05882335640189293, 
        0.05882335640189293, 
        0.05882335640189293, 
        0.1764700692056788, 
        0.2941167820094647, 
        0.35294013841135763, 
        0.4117634948132506, 
        0.4117634948132506, 
        0.4117634948132506, 
        0.4117634948132506, 
        0.44117517301419706, 
        0.44117517301419706, 
        0.44117517301419706, 
        0.35294013841135763, 
        0.26470510380851825, 
        0.2058817474066253, 
        0.17647006920567881, 
        0.2058817474066253, 
        0.2058817474066253, 
        0.23529342560757174, 
        0.2647051038085182, 
        0.2941167820094647, 
        0.35294013841135763, 
        0.35294013841135763, 
        0.35294013841135763, 
        0.3823518166123041, 
        0.4117634948132506, 
        0.4117634948132506, 
        0.4117634948132506, 
        0.4117634948132506, 
        0.35294013841135763, 
        0.32352846021041115, 
        0.2647051038085182, 
        0.23529342560757174, 
        0.20588174740662527, 
        0.1764700692056788, 
        0.11764671280378586, 
        0.0882350346028394, 
        0.05882335640189293, 
        0.0, 
        0.0
    ], 
    "signals_b": [
        0.0, 
        0.0, 
        0.0, 
        0.0, 
        0.0, 
        0.0, 
        0.0, 
        0.0, 
        0.0, 
        0.0, 
        0.0, 
        0.0, 
        0.0, 
        0.0, 
        0.0, 
        0.0, 
        0.0, 
        0.0, 
        0.0, 
        0.0, 
        0.0, 
        0.0, 
        0.0, 
        0.0, 
        0.0, 
        0.0, 
        0.0, 
        0.0, 
        0.0, 
        0.0, 
        0.0, 
        0.0, 
        0.0, 
        0.0, 
        0.0, 
        0.0, 
        0.0, 
        0.0, 
        0.0, 
        0.0, 
        0.0, 
        0.0, 
        0.0, 
        0.0, 
        0.0, 
        0.0, 
        0.029411678200946464, 
        0.0, 
        0.0, 
        0.0, 
        0.0, 
        0.11764671280378586, 
        0.0, 
        0.05882335640189293, 
        0.0, 
        0.0, 
        0.029411678200946464, 
        0.0, 
        0.029411678200946464, 
        0.029411678200946464, 
        0.029411678200946464, 
        0.05882335640189293, 
        0.029411678200946464, 
        0.029411678200946464, 
        0.05882335640189293, 
        0.029411678200946464, 
        0.05882335640189293, 
        0.0, 
        0.05882335640189293, 
        0.0882350346028394, 
        0.029411678200946464, 
        0.05882335640189293, 
        0.029411678200946464, 
        0.0, 
        0.05882335640189293, 
        0.029411678200946464, 
        0.05882335640189293, 
        0.0, 
        0.0, 
        0.0, 
        0.0, 
        0.0, 
        0.0, 
        0.0, 
        0.0, 
        0.0, 
        0.0, 
        0.0, 
        0.0, 
        0.0
    ], 
    "signals_b_s_c_l": [
        -11.512925464970229, 
        -11.512925464970229, 
        -11.512925464970229, 
        -11.512925464970229, 
        -11.512925464970229, 
        -11.512925464970229, 
        -11.512925464970229, 
        -11.512925464970229, 
        -11.512925464970229, 
        -11.512925464970229, 
        -11.512925464970229, 
        -11.512925464970229, 
        -11.512925464970229, 
        -11.512925464970229, 
        -11.512925464970229, 
        -11.512925464970229, 
        -11.512925464970229, 
        -11.512925464970229, 
        -11.512925464970229, 
        -11.512925464970229, 
        -11.512925464970229, 
        -11.512925464970229, 
        -11.512925464970229, 
        -11.512925464970229, 
        -11.512925464970229, 
        -11.512925464970229, 
        -11.512925464970229, 
        -11.512925464970229, 
        -11.512925464970229, 
        -11.512925464970229, 
        -11.512925464970229, 
        -11.512925464970229, 
        -11.512925464970229, 
        -11.512925464970229, 
        -11.512925464970229, 
        -11.512925464970229, 
        -11.512925464970229, 
        -11.512925464970229, 
        -11.512925464970229, 
        -11.512925464970229, 
        -11.512925464970229, 
        -11.512925464970229, 
        -11.512925464970229, 
        -11.512925464970229, 
        -11.512925464970229, 
        -11.512925464970229, 
        -11.512925464970229, 
        -3.526023522575549, 
        -2.833046299176809, 
        -2.833046299176809, 
        -2.833046299176809, 
        -2.833046299176809, 
        -1.734547331332423, 
        -1.2237443732722513, 
        -1.0414284829850233, 
        -0.8872818506822286, 
        -0.8872818506822286, 
        -0.8872818506822286, 
        -0.8872818506822286, 
        -0.8182905982096497, 
        -0.8182905982096497, 
        -0.8182905982096497, 
        -1.0414284829850233, 
        -1.3291011112767648, 
        -1.5804047463411253, 
        -1.7345473313324227, 
        -1.5804047463411253, 
        -1.5804047463411253, 
        -1.4468794248865755, 
        -1.329101111276765, 
        -1.2237443732722513, 
        -1.0414284829850233, 
        -1.0414284829850233, 
        -1.0414284829850233, 
        -0.9613879547457008, 
        -0.8872818506822286, 
        -0.8872818506822286, 
        -0.8872818506822286, 
        -0.8872818506822286, 
        -1.0414284829850233, 
        -1.1284372842857968, 
        -1.329101111276765, 
        -1.4468794248865755, 
        -1.5804047463411255, 
        -1.734547331332423, 
        -2.139984108030733, 
        -2.4276378498753055, 
        -2.833046299176809, 
        -11.512925464970229, 
        -11.512925464970229
    ],