{
    "signals_b_s": [
        0.0, 
        0.0, 
        0.0, 
        0.0, 
        0.0, 
        0.0, 
        0.0, 
        0.0, 
        0.0, 
        0.0, 
        0.0, 
        0.0, 
        0.0, 
        0.0, 
        0.0, 
        0.0, 
        0.0, 
        0.0, 
        0.0, 
        0.0, 
        0.0, 
        0.0, 
        0.0, 
        0.0, 
        0.0, 
        0.0, 
        0.0, 
        0.0, 
        0.0, 
        0.0, 
        0.0, 
        0.0, 
        0.0, 
        0.0, 
        0.0, 
        0.0, 
        0.0, 
        0.0038610023702693556, 
        0.0038610023702693556, 
        0.0, 
        0.0, 
        0.0, 
        0.0, 
        0.0, 
        0.0, 
        0.0, 
        0.0, 
        0.0, 
        0.0, 
        0.0, 
        0.0, 
        0.0, 
        0.0, 
        0.0038610023702693556, 
        0.0038610023702693556, 
        0.0038610023702693556, 
        0.0, 
        0.0038610023702693556, 
        0.0, 
        0.019305011851346778, 
        0.0038610023702693556, 
        0.030888018962154845, 
        0.01158300711080807, 
        0.030888018962154845, 
        0.0, 
        0.019305011851346775, 
        0.003861002370269359, 
        0.023166014221616134, 
        0.05791503555404033, 
        0.023166014221616134, 
        0.003861002370269359, 
        0.007722004740538711, 
        0.007722004740538711, 
        0.023166014221616134, 
        0.04247102607296291, 
        0.030888018962154845, 
        0.023166014221616134, 
        0.011583007110808063, 
        0.011583007110808063, 
        0.023166014221616134, 
        0.023166014221616134, 
        0.0038610023702693556, 
        0.015444009481077423, 
        0.007722004740538711, 
        0.007722004740538711, 
        0.011583007110808067, 
        0.011583007110808067, 
        0.007722004740538711, 
        0.0038610023702693556, 
        0.007722004740538711
    ], 
    "signals_b_s_c": [
        0.0, 
        0.0, 
        0.0, 
        0.0, 
        0.0, 
        0.0, 
        0.0, 
        0.0, 
        0.0, 
        0.0, 
        0.0, 
        0.0, 
        0.0, 
        0.0, 
        0.0, 
        0.0, 
        0.0, 
        0.0, 
        0.0, 
        0.0, 
        0.0, 
        0.0, 
        0.0, 
        0.0, 
        0.0, 
        0.0, 
        0.0, 
        0.0, 
        0.0, 
        0.0, 
        0.0, 
        0.0, 
        0.0, 
        0.0, 
        0.0, 
        0.0, 
        0.0, 
        0.0, 
        0.0038610023702693556, 
        0.007722004740538711, 
        0.007722004740538711, 
        0.007722004740538711, 
        0.007722004740538711, 
        0.007722004740538711, 
        0.007722004740538711, 
        0.007722004740538711, 
        0.007722004740538711, 
        0.007722004740538711, 
        0.0038610023702693556, 
        0.0, 
        0.0, 
        0.0, 
        0.0, 
        0.0, 
        0.0038610023702693556, 
        0.007722004740538711, 
        0.011583007110808067, 
        0.011583007110808067, 
        0.015444009481077423, 
        0.015444009481077423, 
        0.034749021332424204, 
        0.03861002370269356, 
        0.06949804266484841, 
        0.08108104977565647, 
        0.10810806636754197, 
        0.1042470639972726, 
        0.11969107347835004, 
        0.1235520758486194, 
        0.14285708769996616, 
        0.2007721232540065, 
        0.20463312562427588, 
        0.20463312562427588, 
        0.18146711140265973, 
        0.17760610903239038, 
        0.16988410429185163, 
        0.21235513036481454, 
        0.2239381374756226, 
        0.2432431493269694, 
        0.23166014221616132, 
        0.18532811377292907, 
        0.18532811377292904, 
        0.20463312562427582, 
        0.20077212325400645, 
        0.20849412799454514, 
        0.19305011851346773, 
        0.15830109718104357, 
        0.13899608532969682, 
        0.12741307821888873, 
        0.12355207584861938, 
        0.11583007110808068
    ], 
    "signals_b": [
        0.0, 
        0.0, 
        0.0, 
        0.0, 
        0.0, 
        0.0, 
        0.0, 
        0.0, 
        0.0, 
        0.0, 
        0.0, 
        0.0, 
        0.0, 
        0.0, 
        0.0, 
        0.0, 
        0.0, 
        0.0, 
        0.0, 
        0.0, 
        0.0, 
        0.0, 
        0.0, 
        0.0, 
        0.0, 
        0.0, 
        0.0, 
        0.0, 
        0.0, 
        0.0, 
        0.0, 
        0.0, 
        0.0, 
        0.0, 
        0.0, 
        0.0, 
        0.0, 
        0.0038610023702693556, 
        0.0, 
        0.0, 
        0.0, 
        0.0, 
        0.0, 
        0.0, 
        0.0, 
        0.0, 
        0.0, 
        0.0, 
        0.0, 
        0.0, 
        0.0, 
        0.0, 
        0.0, 
        0.0038610023702693556, 
        0.0, 
        0.0038610023702693556, 
        0.0038610023702693556, 
        0.0, 
        0.0, 
        0.019305011851346778, 
        0.023166014221616134, 
        0.05405403318377098, 
        0.04247102607296291, 
        0.07335904503511775, 
        0.07335904503511775, 
        0.05405403318377098, 
        0.05019303081350162, 
        0.07335904503511775, 
        0.015444009481077423, 
        0.038610023702693556, 
        0.0347490213324242, 
        0.04247102607296291, 
        0.0347490213324242, 
        0.05791503555404033, 
        0.015444009481077423, 
        0.04633202844323227, 
        0.023166014221616134, 
        0.0347490213324242, 
        0.023166014221616134, 
        0.0, 
        0.023166014221616134, 
        0.02702701659188549, 
        0.011583007110808067, 
        0.019305011851346778, 
        0.011583007110808067, 
        0.023166014221616134, 
        0.011583007110808067, 
        0.0038610023702693556, 
        0.007722004740538711, 
        0.015444009481077423
    ],