{
    "signals_b_s": [
        0.0, 
        0.0, 
        0.0, 
        0.0, 
        0.0, 
        0.0, 
        0.0, 
        0.0, 
        0.0, 
        0.0, 
        0.0, 
        0.0, 
        0.0, 
        0.0, 
        0.0, 
        0.0, 
        0.0, 
        0.0, 
        0.0, 
        0.0, 
        0.0, 
        0.0, 
        0.0, 
        0.0, 
        0.0, 
        0.0, 
        0.004807689996302886, 
        0.004807689996302886, 
        0.0, 
        0.0, 
        0.004807689996302886, 
        0.004807689996302886, 
        0.004807689996302886, 
        0.0, 
        0.0, 
        0.004807689996302886, 
        0.004807689996302886, 
        0.0, 
        0.004807689996302886, 
        0.0, 
        0.0, 
        0.0, 
        0.0, 
        0.004807689996302886, 
        0.004807689996302886, 
        0.014423069988908658, 
        0.014423069988908658, 
        0.0, 
        0.004807689996302886, 
        0.004807689996302886, 
        0.0, 
        0.0, 
        0.004807689996302886, 
        0.004807689996302886, 
        0.0, 
        0.009615379992605772, 
        0.0, 
        0.0, 
        0.009615379992605772, 
        0.01442306998890866, 
        0.04326920996672597, 
        0.004807689996302891, 
        0.03846151997042309, 
        0.04326920996672598, 
        0.04807689996302887, 
        0.03846151997042309, 
        0.04807689996302886, 
        0.019230759985211548, 
        0.019230759985211548, 
        0.009615379992605772, 
        0.019230759985211544, 
        0.024038449981514436, 
        0.02884613997781732, 
        0.004807689996302886, 
        0.02884613997781732, 
        0.033653829974120204, 
        0.009615379992605774, 
        0.009615379992605774, 
        0.004807689996302886, 
        0.004807689996302886, 
        0.009615379992605772, 
        0.004807689996302886, 
        0.028846139977817317, 
        0.014423069988908658, 
        0.009615379992605772, 
        0.0, 
        0.004807689996302886, 
        0.009615379992605772, 
        0.009615379992605772, 
        0.009615379992605772
    ], 
    "signals_b_s_c": [
        0.0, 
        0.0, 
        0.0, 
        0.0, 
        0.0, 
        0.0, 
        0.0, 
        0.0, 
        0.0, 
        0.0, 
        0.0, 
        0.0, 
        0.0, 
        0.0, 
        0.0, 
        0.0, 
        0.0, 
        0.0, 
        0.0, 
        0.0, 
        0.0, 
        0.0, 
        0.0, 
        0.0, 
        0.0, 
        0.0, 
        0.0, 
        0.004807689996302886, 
        0.009615379992605772, 
        0.009615379992605772, 
        0.009615379992605772, 
        0.014423069988908658, 
        0.019230759985211544, 
        0.02403844998151443, 
        0.02403844998151443, 
        0.02403844998151443, 
        0.028846139977817313, 
        0.028846139977817313, 
        0.02403844998151443, 
        0.028846139977817313, 
        0.028846139977817313, 
        0.02403844998151443, 
        0.019230759985211544, 
        0.014423069988908658, 
        0.019230759985211544, 
        0.02403844998151443, 
        0.033653829974120204, 
        0.04326920996672597, 
        0.04326920996672597, 
        0.04326920996672597, 
        0.04807689996302886, 
        0.04807689996302886, 
        0.04807689996302886, 
        0.05288458995933174, 
        0.05288458995933174, 
        0.04807689996302886, 
        0.043269209966725966, 
        0.028846139977817317, 
        0.028846139977817317, 
        0.0336538299741202, 
        0.04326920996672598, 
        0.08653841993345196, 
        0.09134610992975485, 
        0.12499993990387503, 
        0.16346145987429814, 
        0.211538359837327, 
        0.24038449981514431, 
        0.2884613997781732, 
        0.30769215976338476, 
        0.3173075397559906, 
        0.3124998497596876, 
        0.2884613997781732, 
        0.30769215976338476, 
        0.29807677977077895, 
        0.2596152598003558, 
        0.24038449981514431, 
        0.23557680981884144, 
        0.1971152898484184, 
        0.1874999098558126, 
        0.17307683986690392, 
        0.16826914987060104, 
        0.15865376987799526, 
        0.1394230098927837, 
        0.1394230098927837, 
        0.14903838988538948, 
        0.12980762990017794, 
        0.09615379992605771, 
        0.09134610992975484, 
        0.09134610992975484, 
        0.09615379992605771
    ], 
    "signals_b": [
        0.0, 
        0.0, 
        0.0, 
        0.0, 
        0.0, 
        0.0, 
        0.0, 
        0.0, 
        0.0, 
        0.0, 
        0.0, 
        0.0, 
        0.0, 
        0.0, 
        0.0, 
        0.0, 
        0.0, 
        0.0, 
        0.0, 
        0.0, 
        0.0, 
        0.0, 
        0.0, 
        0.0, 
        0.0, 
        0.0, 
        0.004807689996302886, 
        0.0, 
        0.0, 
        0.0, 
        0.004807689996302886, 
        0.0, 
        0.004807689996302886, 
        0.004807689996302886, 
        0.004807689996302886, 
        0.0, 
        0.004807689996302886, 
        0.004807689996302886, 
        0.0, 
        0.0, 
        0.0, 
        0.0, 
        0.0, 
        0.004807689996302886, 
        0.0, 
        0.014423069988908658, 
        0.0, 
        0.0, 
        0.004807689996302886, 
        0.0, 
        0.0, 
        0.0, 
        0.004807689996302886, 
        0.0, 
        0.0, 
        0.009615379992605772, 
        0.009615379992605772, 
        0.009615379992605772, 
        0.019230759985211544, 
        0.033653829974120204, 
        0.07692303994084618, 
        0.08173072993714907, 
        0.04326920996672598, 
        0.08653841993345196, 
        0.03846151997042309, 
        0.07692303994084618, 
        0.028846139977817317, 
        0.048076899963028864, 
        0.028846139977817317, 
        0.03846151997042309, 
        0.019230759985211544, 
        0.04326920996672598, 
        0.014423069988908658, 
        0.019230759985211544, 
        0.048076899963028864, 
        0.014423069988908658, 
        0.024038449981514432, 
        0.014423069988908658, 
        0.019230759985211544, 
        0.014423069988908658, 
        0.004807689996302886, 
        0.0, 
        0.028846139977817317, 
        0.014423069988908658, 
        0.004807689996302886, 
        0.004807689996302886, 
        0.009615379992605772, 
        0.0, 
        0.009615379992605772, 
        0.0
    ],