{
    "signals_b_s": [
        0.0, 
        0.0034129687008585836, 
        0.0034129687008585836, 
        0.006825937401717167, 
        0.0, 
        0.0017064843504292918, 
        0.0017064843504292918, 
        0.0, 
        0.0017064843504292918, 
        0.0, 
        0.0, 
        0.0017064843504292918, 
        0.0, 
        0.0, 
        0.0, 
        0.0, 
        0.0017064843504292918, 
        0.0, 
        0.0017064843504292918, 
        0.0, 
        0.0, 
        0.0, 
        0.0, 
        0.0, 
        0.0017064843504292918, 
        0.0, 
        0.0, 
        0.0034129687008585836, 
        0.0, 
        0.005119453051287875, 
        0.0017064843504292918, 
        0.005119453051287875, 
        0.005119453051287875, 
        0.005119453051287875, 
        0.005119453051287875, 
        0.01706484350429292, 
        0.00853242175214646, 
        0.005119453051287875, 
        0.010238906102575752, 
        0.0034129687008585836, 
        0.013651874803434334, 
        0.008532421752146458, 
        0.006825937401717167, 
        0.005119453051287876, 
        0.0, 
        0.006825937401717167, 
        0.01023890610257575, 
        0.0034129687008585836, 
        0.015358359153863629, 
        0.008532421752146462, 
        0.006825937401717167, 
        0.01023890610257575, 
        0.00853242175214646, 
        0.0, 
        0.01194539045300504, 
        0.003412968700858582, 
        0.001706484350429291, 
        0.008532421752146455, 
        0.01194539045300504, 
        0.006825937401717167, 
        0.015358359153863625, 
        0.017064843504292916, 
        0.006825937401717168, 
        0.006825937401717168, 
        0.0, 
        0.001706484350429291, 
        0.001706484350429291, 
        0.0, 
        0.00853242175214646, 
        0.01023890610257575, 
        0.001706484350429291, 
        0.00853242175214646, 
        0.013651874803434336, 
        0.0017064843504292927, 
        0.005119453051287876, 
        0.020477812205151505, 
        0.010238906102575752, 
        0.0051194530512878745, 
        0.0034129687008585836, 
        0.0034129687008585836, 
        0.011945390453005042, 
        0.006825937401717167, 
        0.005119453051287876, 
        0.001706484350429291, 
        0.001706484350429291, 
        0.006825937401717167, 
        0.001706484350429291, 
        0.006825937401717167, 
        0.006825937401717167, 
        0.0051194530512878745
    ], 
    "signals_b_s_c": [
        0.0, 
        0.0, 
        0.0034129687008585836, 
        0.006825937401717167, 
        0.013651874803434334, 
        0.013651874803434334, 
        0.015358359153863625, 
        0.017064843504292916, 
        0.017064843504292916, 
        0.018771327854722207, 
        0.018771327854722207, 
        0.018771327854722207, 
        0.017064843504292916, 
        0.01365187480343433, 
        0.006825937401717167, 
        0.006825937401717167, 
        0.005119453051287875, 
        0.005119453051287875, 
        0.005119453051287875, 
        0.005119453051287875, 
        0.005119453051287875, 
        0.005119453051287875, 
        0.0034129687008585836, 
        0.0034129687008585836, 
        0.0034129687008585836, 
        0.005119453051287875, 
        0.005119453051287875, 
        0.0034129687008585836, 
        0.006825937401717167, 
        0.005119453051287875, 
        0.01023890610257575, 
        0.011945390453005043, 
        0.01706484350429292, 
        0.022184296555580796, 
        0.027303749606868672, 
        0.030716718307727254, 
        0.047781561812020173, 
        0.056313983564166635, 
        0.058020467914595926, 
        0.06825937401717168, 
        0.06655288966674239, 
        0.07849828011974744, 
        0.081911248820606, 
        0.08361773317103528, 
        0.0836177331710353, 
        0.07849828011974742, 
        0.06825937401717166, 
        0.06996585836760096, 
        0.06825937401717165, 
        0.07337882706845954, 
        0.07849828011974741, 
        0.07167234271803025, 
        0.07337882706845955, 
        0.07508531141888884, 
        0.06996585836760097, 
        0.081911248820606, 
        0.07849828011974742, 
        0.06996585836760097, 
        0.07508531141888884, 
        0.07167234271803025, 
        0.06996585836760094, 
        0.07849828011974741, 
        0.08532421752146457, 
        0.08361773317103528, 
        0.09044367057275245, 
        0.07849828011974741, 
        0.07679179576931812, 
        0.07679179576931812, 
        0.06825937401717166, 
        0.06484640531631308, 
        0.06825937401717168, 
        0.05460749921373734, 
        0.04607507746159088, 
        0.052901014863308046, 
        0.04778156181202017, 
        0.052901014863308046, 
        0.07167234271803026, 
        0.08020476447017671, 
        0.08532421752146459, 
        0.08020476447017673, 
        0.07337882706845955, 
        0.0836177331710353, 
        0.081911248820606, 
        0.07337882706845955, 
        0.07337882706845955, 
        0.06996585836760096, 
        0.05631398356416663, 
        0.04778156181202016, 
        0.04948804616244945, 
        0.05290101486330803
    ], 
    "signals_b": [
        0.0, 
        0.0034129687008585836, 
        0.006825937401717167, 
        0.0, 
        0.0, 
        0.0017064843504292918, 
        0.0, 
        0.0, 
        0.0017064843504292918, 
        0.0017064843504292918, 
        0.0017064843504292918, 
        0.0, 
        0.0, 
        0.0, 
        0.0, 
        0.0, 
        0.0017064843504292918, 
        0.0017064843504292918, 
        0.0, 
        0.0, 
        0.0, 
        0.0, 
        0.0, 
        0.0, 
        0.0017064843504292918, 
        0.0017064843504292918, 
        0.0017064843504292918, 
        0.005119453051287875, 
        0.005119453051287875, 
        0.0, 
        0.0017064843504292918, 
        0.006825937401717167, 
        0.0017064843504292918, 
        0.006825937401717167, 
        0.0017064843504292918, 
        0.01877132785472221, 
        0.01023890610257575, 
        0.005119453051287875, 
        0.015358359153863627, 
        0.011945390453005043, 
        0.025597265256439378, 
        0.01706484350429292, 
        0.023890780906010087, 
        0.01877132785472221, 
        0.01877132785472221, 
        0.025597265256439378, 
        0.015358359153863627, 
        0.01877132785472221, 
        0.03412968700858584, 
        0.025597265256439378, 
        0.01877132785472221, 
        0.00853242175214646, 
        0.01706484350429292, 
        0.01706484350429292, 
        0.02901023395729796, 
        0.025597265256439378, 
        0.023890780906010087, 
        0.03242320265815654, 
        0.0204778122051515, 
        0.013651874803434334, 
        0.02901023395729796, 
        0.011945390453005043, 
        0.005119453051287875, 
        0.011945390453005043, 
        0.011945390453005043, 
        0.013651874803434334, 
        0.011945390453005043, 
        0.011945390453005043, 
        0.0034129687008585836, 
        0.013651874803434334, 
        0.011945390453005043, 
        0.0034129687008585836, 
        0.01706484350429292, 
        0.015358359153863627, 
        0.01023890610257575, 
        0.030716718307727254, 
        0.0204778122051515, 
        0.015358359153863627, 
        0.011945390453005043, 
        0.00853242175214646, 
        0.0204778122051515, 
        0.013651874803434334, 
        0.01877132785472221, 
        0.01706484350429292, 
        0.01877132785472221, 
        0.025597265256439378, 
        0.02730374960686867, 
        0.0204778122051515, 
        0.013651874803434334, 
        0.00853242175214646
    ],