{
    "signals_b_s": [
        0.0, 
        0.0, 
        0.0, 
        0.0, 
        0.0, 
        0.0, 
        0.0, 
        0.0, 
        0.0, 
        0.0, 
        0.0, 
        0.0, 
        0.0, 
        0.0, 
        0.0, 
        0.0, 
        0.0, 
        0.0, 
        0.0, 
        0.0, 
        0.0, 
        0.0, 
        0.0, 
        0.0, 
        0.0, 
        0.0, 
        0.0, 
        0.0, 
        0.0, 
        0.0, 
        0.0, 
        0.0, 
        0.0, 
        0.0, 
        0.0, 
        0.0, 
        0.0, 
        0.0, 
        0.0, 
        0.0, 
        0.0, 
        0.0, 
        0.0, 
        0.0, 
        0.0, 
        0.0, 
        0.0, 
        0.0, 
        0.0, 
        0.0, 
        0.0, 
        0.0, 
        0.01999998000002, 
        0.01999998000002, 
        0.01999998000002, 
        0.00999999000001, 
        0.0, 
        0.049999950000049996, 
        0.029999970000030005, 
        0.06999993000007, 
        0.10999989000010998, 
        0.11999988000011999, 
        0.039999960000040004, 
        0.019999980000020005, 
        0.0, 
        0.00999999000001, 
        0.00999999000001, 
        0.049999950000049996, 
        0.029999970000029998, 
        0.0, 
        0.00999999000001, 
        0.00999999000001, 
        0.00999999000001, 
        0.00999999000001, 
        0.00999999000001, 
        0.00999999000001, 
        0.0, 
        0.0, 
        0.0, 
        0.00999999000001, 
        0.0, 
        0.0, 
        0.00999999000001, 
        0.00999999000001, 
        0.01999998000002, 
        0.00999999000001, 
        0.0, 
        0.00999999000001, 
        0.00999999000001, 
        0.0
    ], 
    "signals_b_s_c": [
        0.0, 
        0.0, 
        0.0, 
        0.0, 
        0.0, 
        0.0, 
        0.0, 
        0.0, 
        0.0, 
        0.0, 
        0.0, 
        0.0, 
        0.0, 
        0.0, 
        0.0, 
        0.0, 
        0.0, 
        0.0, 
        0.0, 
        0.0, 
        0.0, 
        0.0, 
        0.0, 
        0.0, 
        0.0, 
        0.0, 
        0.0, 
        0.0, 
        0.0, 
        0.0, 
        0.0, 
        0.0, 
        0.0, 
        0.0, 
        0.0, 
        0.0, 
        0.0, 
        0.0, 
        0.0, 
        0.0, 
        0.0, 
        0.0, 
        0.0, 
        0.0, 
        0.0, 
        0.0, 
        0.0, 
        0.0, 
        0.0, 
        0.0, 
        0.0, 
        0.0, 
        0.0, 
        0.01999998000002, 
        0.03999996000004, 
        0.059999940000059995, 
        0.06999993000006999, 
        0.06999993000006999, 
        0.11999988000011999, 
        0.14999985000014998, 
        0.21999978000021997, 
        0.3299996700003299, 
        0.4499995500004499, 
        0.46999953000047, 
        0.46999953000047, 
        0.44999955000045, 
        0.44999955000044994, 
        0.45999954000045995, 
        0.45999954000046, 
        0.45999954000046, 
        0.38999961000039, 
        0.28999971000029, 
        0.17999982000018003, 
        0.14999985000015, 
        0.13999986000014, 
        0.14999985000015, 
        0.14999985000015004, 
        0.13999986000014003, 
        0.08999991000009, 
        0.059999940000059995, 
        0.06999993000006999, 
        0.059999940000059995, 
        0.049999950000049996, 
        0.049999950000049996, 
        0.049999950000049996, 
        0.059999940000059995, 
        0.059999940000059995, 
        0.059999940000059995, 
        0.06999993000006999, 
        0.07999992000008
    ], 
    "signals_b": [
        0.0, 
        0.0, 
        0.0, 
        0.0, 
        0.0, 
        0.0, 
        0.0, 
        0.0, 
        0.0, 
        0.0, 
        0.0, 
        0.0, 
        0.0, 
        0.0, 
        0.0, 
        0.0, 
        0.0, 
        0.0, 
        0.0, 
        0.0, 
        0.0, 
        0.0, 
        0.0, 
        0.0, 
        0.0, 
        0.0, 
        0.0, 
        0.0, 
        0.0, 
        0.0, 
        0.0, 
        0.0, 
        0.0, 
        0.0, 
        0.0, 
        0.0, 
        0.0, 
        0.0, 
        0.0, 
        0.0, 
        0.0, 
        0.0, 
        0.0, 
        0.0, 
        0.0, 
        0.0, 
        0.0, 
        0.0, 
        0.0, 
        0.0, 
        0.0, 
        0.0, 
        0.01999998000002, 
        0.0, 
        0.01999998000002, 
        0.029999970000029998, 
        0.029999970000029998, 
        0.07999992000008, 
        0.10999989000011, 
        0.03999996000004, 
        0.14999985000014998, 
        0.029999970000029998, 
        0.06999993000007, 
        0.049999950000049996, 
        0.049999950000049996, 
        0.03999996000004, 
        0.049999950000049996, 
        0.0, 
        0.029999970000029998, 
        0.029999970000029998, 
        0.01999998000002, 
        0.00999999000001, 
        0.0, 
        0.00999999000001, 
        0.01999998000002, 
        0.00999999000001, 
        0.00999999000001, 
        0.00999999000001, 
        0.00999999000001, 
        0.0, 
        0.0, 
        0.0, 
        0.00999999000001, 
        0.0, 
        0.01999998000002, 
        0.00999999000001, 
        0.00999999000001, 
        0.0, 
        0.00999999000001, 
        0.00999999000001
    ], 
    "signals_b_s_c_l": [
        -11.512925464970229, 
        -11.512925464970229, 
        -11.512925464970229, 
        -11.512925464970229, 
        -11.512925464970229, 
        -11.512925464970229, 
        -11.512925464970229, 
        -11.512925464970229, 
        -11.512925464970229, 
        -11.512925464970229, 
        -11.512925464970229, 
        -11.512925464970229, 
        -11.512925464970229, 
        -11.512925464970229, 
        -11.512925464970229, 
        -11.512925464970229, 
        -11.512925464970229, 
        -11.512925464970229, 
        -11.512925464970229, 
        -11.512925464970229, 
        -11.512925464970229, 
        -11.512925464970229, 
        -11.512925464970229, 
        -11.512925464970229, 
        -11.512925464970229, 
        -11.512925464970229, 
        -11.512925464970229, 
        -11.512925464970229, 
        -11.512925464970229, 
        -11.512925464970229, 
        -11.512925464970229, 
        -11.512925464970229, 
        -11.512925464970229, 
        -11.512925464970229, 
        -11.512925464970229, 
        -11.512925464970229, 
        -11.512925464970229, 
        -11.512925464970229, 
        -11.512925464970229, 
        -11.512925464970229, 
        -11.512925464970229, 
        -11.512925464970229, 
        -11.512925464970229, 
        -11.512925464970229, 
        -11.512925464970229, 
        -11.512925464970229, 
        -11.512925464970229, 
        -11.512925464970229, 
        -11.512925464970229, 
        -11.512925464970229, 
        -11.512925464970229, 
        -11.512925464970229, 
        -11.512925464970229, 
        -3.911524129886245, 
        -3.218626855862556, 
        -2.813245063813577, 
        -2.6591181898496945, 
        -2.6591181898496945, 
        -2.1201812062549608, 
        -1.8970543203741759, 
        -1.5140832790713952, 
        -1.1086333219196338, 
        -0.7984864742197378, 
        -0.7550023078868555, 
        -0.7550023078868555, 
        -0.7984864742197375, 
        -0.7984864742197377, 
        -0.7765080505826145, 
        -0.7765080505826144, 
        -0.7765080505826144, 
        -0.941583899135389, 
        -1.2378408738025317, 
        -1.714743874023471, 
        -1.8970543203741757, 
        -1.9660424302803796, 
        -1.8970543203741757, 
        -1.8970543203741757, 
        -1.9660424302803794, 
        -2.4078355036015444, 
        -2.813245063813577, 
        -2.6591181898496945, 
        -2.813245063813577, 
        -2.995533293350865, 
        -2.995533293350865, 
        -2.995533293350865, 
        -2.813245063813577, 
        -2.813245063813577, 
        -2.813245063813577, 
        -2.6591181898496945, 
        -2.52560465199462
    ],