{
    "signals_b_s": [
        0.0, 
        0.0, 
        0.0, 
        0.0, 
        0.0, 
        0.0, 
        0.0, 
        0.0, 
        0.0, 
        0.0, 
        0.0, 
        0.0, 
        0.0, 
        0.0, 
        0.0, 
        0.0, 
        0.0, 
        0.0, 
        0.0, 
        0.0, 
        0.0, 
        0.0, 
        0.0, 
        0.0, 
        0.004291843651569248, 
        0.004291843651569248, 
        0.0, 
        0.0, 
        0.0, 
        0.0, 
        0.0, 
        0.0, 
        0.0, 
        0.0, 
        0.0, 
        0.0, 
        0.0, 
        0.0, 
        0.0, 
        0.0, 
        0.0, 
        0.0, 
        0.0, 
        0.0, 
        0.0, 
        0.0, 
        0.0, 
        0.0, 
        0.0, 
        0.0, 
        0.0, 
        0.0, 
        0.0, 
        0.004291843651569248, 
        0.017167374606276993, 
        0.02145921825784624, 
        0.004291843651569248, 
        0.05150212381883098, 
        0.017167374606276993, 
        0.021459218257846246, 
        0.042918436515692486, 
        0.09012871668295419, 
        0.0729613420766772, 
        0.0042918436515692465, 
        0.008583687303138493, 
        0.017167374606276993, 
        0.0042918436515692465, 
        0.021459218257846243, 
        0.0042918436515692465, 
        0.012875530954707745, 
        0.004291843651569248, 
        0.0, 
        0.0042918436515692465, 
        0.00429184365156925, 
        0.017167374606276993, 
        0.012875530954707743, 
        0.008583687303138495, 
        0.008583687303138495, 
        0.017167374606276993, 
        0.0, 
        0.004291843651569248, 
        0.0, 
        0.008583687303138497, 
        0.008583687303138497, 
        0.0, 
        0.008583687303138497, 
        0.008583687303138497, 
        0.0, 
        0.0, 
        0.004291843651569248
    ], 
    "signals_b_s_c": [
        0.0, 
        0.0, 
        0.0, 
        0.0, 
        0.0, 
        0.0, 
        0.0, 
        0.0, 
        0.0, 
        0.0, 
        0.0, 
        0.0, 
        0.0, 
        0.0, 
        0.0, 
        0.0, 
        0.0, 
        0.0, 
        0.0, 
        0.0, 
        0.0, 
        0.0, 
        0.0, 
        0.0, 
        0.0, 
        0.004291843651569248, 
        0.008583687303138497, 
        0.008583687303138497, 
        0.008583687303138497, 
        0.008583687303138497, 
        0.008583687303138497, 
        0.008583687303138497, 
        0.008583687303138497, 
        0.008583687303138497, 
        0.008583687303138497, 
        0.004291843651569248, 
        0.0, 
        0.0, 
        0.0, 
        0.0, 
        0.0, 
        0.0, 
        0.0, 
        0.0, 
        0.0, 
        0.0, 
        0.0, 
        0.0, 
        0.0, 
        0.0, 
        0.0, 
        0.0, 
        0.0, 
        0.0, 
        0.004291843651569248, 
        0.02145921825784624, 
        0.04291843651569248, 
        0.047210280167261726, 
        0.09871240398609271, 
        0.1158797785923697, 
        0.13733899685021594, 
        0.18025743336590844, 
        0.27038615004886263, 
        0.34334749212553983, 
        0.34334749212553983, 
        0.3347638048224013, 
        0.33047196117083205, 
        0.3304719611708321, 
        0.30042905560984734, 
        0.28755352465513967, 
        0.2789698373520011, 
        0.2403432444878779, 
        0.1502145278049237, 
        0.0815450293798157, 
        0.0815450293798157, 
        0.09012871668295422, 
        0.08583687303138494, 
        0.0901287166829542, 
        0.07725318572824645, 
        0.09012871668295419, 
        0.07725318572824647, 
        0.07725318572824645, 
        0.07725318572824645, 
        0.08154502937981571, 
        0.08583687303138494, 
        0.06866949842510796, 
        0.06437765477353871, 
        0.06437765477353871, 
        0.05579396747040022, 
        0.03862659286412323
    ], 
    "signals_b": [
        0.0, 
        0.0, 
        0.0, 
        0.0, 
        0.0, 
        0.0, 
        0.0, 
        0.0, 
        0.0, 
        0.0, 
        0.0, 
        0.0, 
        0.0, 
        0.0, 
        0.0, 
        0.0, 
        0.0, 
        0.0, 
        0.0, 
        0.0, 
        0.0, 
        0.0, 
        0.0, 
        0.0, 
        0.004291843651569248, 
        0.0, 
        0.0, 
        0.0, 
        0.0, 
        0.0, 
        0.0, 
        0.0, 
        0.0, 
        0.0, 
        0.0, 
        0.0, 
        0.0, 
        0.0, 
        0.0, 
        0.0, 
        0.0, 
        0.0, 
        0.0, 
        0.0, 
        0.0, 
        0.0, 
        0.0, 
        0.0, 
        0.0, 
        0.0, 
        0.0, 
        0.0, 
        0.0, 
        0.004291843651569248, 
        0.02145921825784624, 
        0.0, 
        0.004291843651569248, 
        0.055793967470400226, 
        0.07296134207667722, 
        0.09442056033452347, 
        0.05150212381883098, 
        0.14163084050178518, 
        0.06866949842510797, 
        0.07296134207667722, 
        0.06437765477353873, 
        0.04721028016726173, 
        0.05150212381883098, 
        0.030042905560984736, 
        0.02575106190941549, 
        0.012875530954707745, 
        0.017167374606276993, 
        0.017167374606276993, 
        0.02145921825784624, 
        0.02575106190941549, 
        0.008583687303138497, 
        0.02145921825784624, 
        0.012875530954707745, 
        0.02145921825784624, 
        0.004291843651569248, 
        0.004291843651569248, 
        0.0, 
        0.0, 
        0.008583687303138497, 
        0.0, 
        0.0, 
        0.008583687303138497, 
        0.0, 
        0.0, 
        0.0, 
        0.004291843651569248
    ],