{
    "signals_b_s": [
        0.0, 
        0.0, 
        0.0, 
        0.0, 
        0.0, 
        0.0, 
        0.0, 
        0.0, 
        0.0, 
        0.0, 
        0.0074626809979992555, 
        0.0074626809979992555, 
        0.0, 
        0.0, 
        0.0, 
        0.0, 
        0.0, 
        0.0, 
        0.0, 
        0.0, 
        0.0, 
        0.0, 
        0.0, 
        0.0, 
        0.0, 
        0.0, 
        0.0, 
        0.0, 
        0.0, 
        0.0, 
        0.0, 
        0.0, 
        0.0, 
        0.0, 
        0.0074626809979992555, 
        0.0074626809979992555, 
        0.0074626809979992555, 
        0.0, 
        0.0, 
        0.0074626809979992555, 
        0.0, 
        0.0, 
        0.0, 
        0.0, 
        0.0, 
        0.0074626809979992555, 
        0.0074626809979992555, 
        0.0074626809979992555, 
        0.0074626809979992555, 
        0.0, 
        0.0074626809979992555, 
        0.0, 
        0.0074626809979992555, 
        0.029850723991997022, 
        0.0, 
        0.014925361995998511, 
        0.007462680997999259, 
        0.029850723991997022, 
        0.014925361995998511, 
        0.014925361995998511, 
        0.014925361995998507, 
        0.022388042993997766, 
        0.029850723991997015, 
        0.05223876698599478, 
        0.0074626809979992555, 
        0.022388042993997766, 
        0.05223876698599479, 
        0.014925361995998511, 
        0.029850723991997022, 
        0.014925361995998511, 
        0.0074626809979992555, 
        0.0, 
        0.0074626809979992555, 
        0.0, 
        0.0074626809979992555, 
        0.022388042993997766, 
        0.0074626809979992555, 
        0.0, 
        0.022388042993997766, 
        0.022388042993997766, 
        0.0, 
        0.014925361995998507, 
        0.037313404989996274, 
        0.0074626809979992555, 
        0.0074626809979992555, 
        0.0, 
        0.014925361995998511, 
        0.0, 
        0.0074626809979992555, 
        0.0074626809979992555
    ], 
    "signals_b_s_c": [
        0.0, 
        0.0, 
        0.0, 
        0.0, 
        0.0, 
        0.0, 
        0.0, 
        0.0, 
        0.0, 
        0.0, 
        0.0, 
        0.0074626809979992555, 
        0.014925361995998511, 
        0.014925361995998511, 
        0.014925361995998511, 
        0.014925361995998511, 
        0.014925361995998511, 
        0.014925361995998511, 
        0.014925361995998511, 
        0.014925361995998511, 
        0.014925361995998511, 
        0.0074626809979992555, 
        0.0, 
        0.0, 
        0.0, 
        0.0, 
        0.0, 
        0.0, 
        0.0, 
        0.0, 
        0.0, 
        0.0, 
        0.0, 
        0.0, 
        0.0, 
        0.0074626809979992555, 
        0.014925361995998511, 
        0.022388042993997766, 
        0.022388042993997766, 
        0.022388042993997766, 
        0.029850723991997022, 
        0.029850723991997022, 
        0.029850723991997022, 
        0.029850723991997022, 
        0.029850723991997022, 
        0.022388042993997766, 
        0.022388042993997766, 
        0.022388042993997766, 
        0.029850723991997022, 
        0.037313404989996274, 
        0.029850723991997022, 
        0.037313404989996274, 
        0.037313404989996274, 
        0.044776085987995526, 
        0.07462680997999255, 
        0.07462680997999255, 
        0.08208949097799181, 
        0.08208949097799181, 
        0.1044775339719896, 
        0.11194021496998885, 
        0.12686557696598735, 
        0.1343282579639866, 
        0.15671630095798436, 
        0.1791043439519821, 
        0.20149238694597987, 
        0.20895506794397914, 
        0.2164177489419784, 
        0.26119383492997394, 
        0.24626847293397544, 
        0.26119383492997394, 
        0.26119383492997394, 
        0.25373115393197465, 
        0.23134311093797688, 
        0.20895506794397914, 
        0.15671630095798436, 
        0.15671630095798442, 
        0.1567163009579844, 
        0.11194021496998882, 
        0.09701485297399032, 
        0.08955217197599107, 
        0.09701485297399033, 
        0.08955217197599107, 
        0.10447753397198957, 
        0.1343282579639866, 
        0.14179093896198586, 
        0.14179093896198586, 
        0.11940289596798807, 
        0.12686557696598733, 
        0.12686557696598733, 
        0.11194021496998881
    ], 
    "signals_b": [
        0.0, 
        0.0, 
        0.0, 
        0.0, 
        0.0, 
        0.0, 
        0.0, 
        0.0, 
        0.0, 
        0.0, 
        0.0074626809979992555, 
        0.0, 
        0.0, 
        0.0, 
        0.0, 
        0.0, 
        0.0, 
        0.0, 
        0.0, 
        0.0, 
        0.0, 
        0.0, 
        0.0, 
        0.0, 
        0.0, 
        0.0, 
        0.0, 
        0.0, 
        0.0, 
        0.0, 
        0.0, 
        0.0, 
        0.0, 
        0.0, 
        0.0074626809979992555, 
        0.0, 
        0.0074626809979992555, 
        0.0074626809979992555, 
        0.0074626809979992555, 
        0.0, 
        0.0, 
        0.0, 
        0.0, 
        0.0, 
        0.0, 
        0.0074626809979992555, 
        0.0, 
        0.0074626809979992555, 
        0.0, 
        0.0, 
        0.0074626809979992555, 
        0.0074626809979992555, 
        0.0, 
        0.029850723991997022, 
        0.029850723991997022, 
        0.04477608598799553, 
        0.037313404989996274, 
        0.0671641289819933, 
        0.052238766985994785, 
        0.037313404989996274, 
        0.022388042993997766, 
        0.04477608598799553, 
        0.07462680997999255, 
        0.022388042993997766, 
        0.029850723991997022, 
        0.0074626809979992555, 
        0.059701447983994044, 
        0.04477608598799553, 
        0.014925361995998511, 
        0.029850723991997022, 
        0.022388042993997766, 
        0.022388042993997766, 
        0.014925361995998511, 
        0.014925361995998511, 
        0.0074626809979992555, 
        0.029850723991997022, 
        0.022388042993997766, 
        0.022388042993997766, 
        0.0, 
        0.022388042993997766, 
        0.022388042993997766, 
        0.037313404989996274, 
        0.0, 
        0.0074626809979992555, 
        0.014925361995998511, 
        0.014925361995998511, 
        0.0, 
        0.0, 
        0.0074626809979992555, 
        0.0
    ],