{
    "signals_b_s": [
        0.0, 
        0.0, 
        0.0, 
        0.0, 
        0.0, 
        0.010869553402659344, 
        0.0, 
        0.010869553402659344, 
        0.0, 
        0.0, 
        0.0, 
        0.0, 
        0.0, 
        0.0, 
        0.0, 
        0.0, 
        0.0, 
        0.0, 
        0.0, 
        0.0, 
        0.0, 
        0.0, 
        0.0, 
        0.0, 
        0.0, 
        0.0, 
        0.0, 
        0.0, 
        0.0, 
        0.0, 
        0.0, 
        0.0, 
        0.0, 
        0.0, 
        0.0, 
        0.0, 
        0.0, 
        0.0, 
        0.0, 
        0.0, 
        0.0, 
        0.0, 
        0.0, 
        0.0, 
        0.0, 
        0.0, 
        0.0, 
        0.010869553402659344, 
        0.010869553402659344, 
        0.010869553402659344, 
        0.010869553402659344, 
        0.04347821361063738, 
        0.032608660207978035, 
        0.032608660207978035, 
        0.032608660207978035, 
        0.043478213610637376, 
        0.01086955340265934, 
        0.010869553402659347, 
        0.010869553402659347, 
        0.032608660207978035, 
        0.021739106805318688, 
        0.06521732041595607, 
        0.10869553402659345, 
        0.02173910680531869, 
        0.021739106805318688, 
        0.05434776701329672, 
        0.0, 
        0.010869553402659344, 
        0.010869553402659344, 
        0.010869553402659344, 
        0.010869553402659344, 
        0.010869553402659344, 
        0.010869553402659344, 
        0.0, 
        0.010869553402659344, 
        0.0, 
        0.010869553402659344, 
        0.0, 
        0.0, 
        0.010869553402659344, 
        0.010869553402659344, 
        0.0, 
        0.010869553402659344, 
        0.010869553402659344, 
        0.0, 
        0.0, 
        0.0, 
        0.0, 
        0.0, 
        0.010869553402659344
    ], 
    "signals_b_s_c": [
        0.0, 
        0.0, 
        0.0, 
        0.0, 
        0.0, 
        0.0, 
        0.010869553402659344, 
        0.010869553402659344, 
        0.021739106805318688, 
        0.021739106805318688, 
        0.021739106805318688, 
        0.021739106805318688, 
        0.021739106805318688, 
        0.021739106805318688, 
        0.021739106805318688, 
        0.021739106805318688, 
        0.010869553402659344, 
        0.010869553402659344, 
        0.0, 
        0.0, 
        0.0, 
        0.0, 
        0.0, 
        0.0, 
        0.0, 
        0.0, 
        0.0, 
        0.0, 
        0.0, 
        0.0, 
        0.0, 
        0.0, 
        0.0, 
        0.0, 
        0.0, 
        0.0, 
        0.0, 
        0.0, 
        0.0, 
        0.0, 
        0.0, 
        0.0, 
        0.0, 
        0.0, 
        0.0, 
        0.0, 
        0.0, 
        0.0, 
        0.010869553402659344, 
        0.021739106805318688, 
        0.032608660207978035, 
        0.043478213610637376, 
        0.08695642722127475, 
        0.11956508742925279, 
        0.15217374763723082, 
        0.18478240784520886, 
        0.22826062145584625, 
        0.23913017485850557, 
        0.2391301748585056, 
        0.23913017485850557, 
        0.2608692816638243, 
        0.27173883506648366, 
        0.2934779418718023, 
        0.3695648156904177, 
        0.3586952622877584, 
        0.34782570888509906, 
        0.35869526228775844, 
        0.3478257088850991, 
        0.34782570888509906, 
        0.347825708885099, 
        0.3260866020797803, 
        0.3152170486771209, 
        0.2608692816638243, 
        0.1630433010398902, 
        0.14130419423457147, 
        0.1304346408319121, 
        0.0760868738186154, 
        0.08695642722127474, 
        0.0760868738186154, 
        0.06521732041595606, 
        0.06521732041595606, 
        0.06521732041595606, 
        0.054347767013296716, 
        0.054347767013296716, 
        0.06521732041595606, 
        0.054347767013296716, 
        0.054347767013296716, 
        0.043478213610637376, 
        0.043478213610637376, 
        0.043478213610637376
    ], 
    "signals_b": [
        0.0, 
        0.0, 
        0.0, 
        0.0, 
        0.0, 
        0.010869553402659344, 
        0.010869553402659344, 
        0.0, 
        0.0, 
        0.0, 
        0.0, 
        0.0, 
        0.0, 
        0.0, 
        0.0, 
        0.0, 
        0.0, 
        0.0, 
        0.0, 
        0.0, 
        0.0, 
        0.0, 
        0.0, 
        0.0, 
        0.0, 
        0.0, 
        0.0, 
        0.0, 
        0.0, 
        0.0, 
        0.0, 
        0.0, 
        0.0, 
        0.0, 
        0.0, 
        0.0, 
        0.0, 
        0.0, 
        0.0, 
        0.0, 
        0.0, 
        0.0, 
        0.0, 
        0.0, 
        0.0, 
        0.0, 
        0.0, 
        0.010869553402659344, 
        0.0, 
        0.010869553402659344, 
        0.021739106805318688, 
        0.06521732041595607, 
        0.0978259806239341, 
        0.06521732041595607, 
        0.032608660207978035, 
        0.07608687381861541, 
        0.06521732041595607, 
        0.05434776701329672, 
        0.06521732041595607, 
        0.032608660207978035, 
        0.05434776701329672, 
        0.11956508742925279, 
        0.010869553402659344, 
        0.032608660207978035, 
        0.05434776701329672, 
        0.0, 
        0.0, 
        0.010869553402659344, 
        0.021739106805318688, 
        0.010869553402659344, 
        0.0, 
        0.010869553402659344, 
        0.0, 
        0.0, 
        0.010869553402659344, 
        0.010869553402659344, 
        0.0, 
        0.0, 
        0.0, 
        0.010869553402659344, 
        0.0, 
        0.0, 
        0.010869553402659344, 
        0.0, 
        0.0, 
        0.0, 
        0.0, 
        0.0, 
        0.0, 
        0.010869553402659344
    ],