{
    "signals_b_s": [
        0.0, 
        0.0, 
        0.0, 
        0.0, 
        0.0, 
        0.0, 
        0.0, 
        0.0, 
        0.0, 
        0.0, 
        0.0, 
        0.0, 
        0.0, 
        0.0, 
        0.0, 
        0.0, 
        0.0, 
        0.0, 
        0.0, 
        0.0, 
        0.0, 
        0.0, 
        0.0, 
        0.0, 
        0.0, 
        0.0, 
        0.0, 
        0.0, 
        0.0, 
        0.0, 
        0.0, 
        0.0, 
        0.0, 
        0.0, 
        0.0, 
        0.0, 
        0.0, 
        0.0, 
        0.0, 
        0.0, 
        0.0, 
        0.0, 
        0.0, 
        0.0, 
        0.0, 
        0.0, 
        0.0, 
        0.0, 
        0.0, 
        0.0, 
        0.0, 
        0.0, 
        0.003636362314050068, 
        0.003636362314050068, 
        0.0, 
        0.007272724628100136, 
        0.003636362314050068, 
        0.010909086942150203, 
        0.021818173884300407, 
        0.025454536198350475, 
        0.01818181157025034, 
        0.01818181157025034, 
        0.010909086942150203, 
        0.010909086942150203, 
        0.014545449256200271, 
        0.010909086942150203, 
        0.03272726082645061, 
        0.007272724628100136, 
        0.003636362314050068, 
        0.0, 
        0.03636362314050068, 
        0.003636362314050068, 
        0.021818173884300407, 
        0.025454536198350475, 
        0.01818181157025034, 
        0.007272724628100136, 
        0.01818181157025034, 
        0.003636362314050068, 
        0.0, 
        0.003636362314050068, 
        0.007272724628100136, 
        0.007272724628100136, 
        0.010909086942150203, 
        0.007272724628100136, 
        0.01818181157025034, 
        0.01818181157025034, 
        0.003636362314050068, 
        0.007272724628100136, 
        0.01818181157025034, 
        0.007272724628100136
    ], 
    "signals_b_s_c": [
        0.0, 
        0.0, 
        0.0, 
        0.0, 
        0.0, 
        0.0, 
        0.0, 
        0.0, 
        0.0, 
        0.0, 
        0.0, 
        0.0, 
        0.0, 
        0.0, 
        0.0, 
        0.0, 
        0.0, 
        0.0, 
        0.0, 
        0.0, 
        0.0, 
        0.0, 
        0.0, 
        0.0, 
        0.0, 
        0.0, 
        0.0, 
        0.0, 
        0.0, 
        0.0, 
        0.0, 
        0.0, 
        0.0, 
        0.0, 
        0.0, 
        0.0, 
        0.0, 
        0.0, 
        0.0, 
        0.0, 
        0.0, 
        0.0, 
        0.0, 
        0.0, 
        0.0, 
        0.0, 
        0.0, 
        0.0, 
        0.0, 
        0.0, 
        0.0, 
        0.0, 
        0.0, 
        0.003636362314050068, 
        0.007272724628100136, 
        0.007272724628100136, 
        0.014545449256200271, 
        0.01818181157025034, 
        0.029090898512400543, 
        0.05090907239670095, 
        0.07636360859505142, 
        0.09454542016530176, 
        0.1127272317355521, 
        0.11999995636365224, 
        0.12727268099175237, 
        0.14181813024795265, 
        0.1454544925620027, 
        0.17454539107440326, 
        0.1709090287603532, 
        0.15272721719010285, 
        0.12727268099175237, 
        0.1454544925620027, 
        0.13090904330580244, 
        0.14181813024795265, 
        0.15636357950415292, 
        0.15999994181820298, 
        0.15636357950415292, 
        0.14181813024795265, 
        0.13818176793390258, 
        0.1345454056198525, 
        0.13818176793390258, 
        0.10909086942150203, 
        0.1127272317355521, 
        0.1018181447934019, 
        0.08363633322315156, 
        0.08363633322315156, 
        0.09454542016530176, 
        0.07999997090910149, 
        0.08363633322315156, 
        0.1018181447934019
    ], 
    "signals_b": [
        0.0, 
        0.0, 
        0.0, 
        0.0, 
        0.0, 
        0.0, 
        0.0, 
        0.0, 
        0.0, 
        0.0, 
        0.0, 
        0.0, 
        0.0, 
        0.0, 
        0.0, 
        0.0, 
        0.0, 
        0.0, 
        0.0, 
        0.0, 
        0.0, 
        0.0, 
        0.0, 
        0.0, 
        0.0, 
        0.0, 
        0.0, 
        0.0, 
        0.0, 
        0.0, 
        0.0, 
        0.0, 
        0.0, 
        0.0, 
        0.0, 
        0.0, 
        0.0, 
        0.0, 
        0.0, 
        0.0, 
        0.0, 
        0.0, 
        0.0, 
        0.0, 
        0.0, 
        0.0, 
        0.0, 
        0.0, 
        0.0, 
        0.0, 
        0.0, 
        0.0, 
        0.003636362314050068, 
        0.0, 
        0.0, 
        0.007272724628100136, 
        0.003636362314050068, 
        0.014545449256200271, 
        0.03636362314050068, 
        0.06181815933885115, 
        0.043636347768600814, 
        0.06181815933885115, 
        0.07272724628100136, 
        0.08363633322315156, 
        0.06909088396695129, 
        0.07999997090910149, 
        0.04727271008265088, 
        0.039999985454550746, 
        0.03636362314050068, 
        0.03636362314050068, 
        0.0, 
        0.003636362314050068, 
        0.025454536198350475, 
        0.05090907239670095, 
        0.03272726082645061, 
        0.025454536198350475, 
        0.007272724628100136, 
        0.010909086942150203, 
        0.010909086942150203, 
        0.007272724628100136, 
        0.014545449256200271, 
        0.007272724628100136, 
        0.01818181157025034, 
        0.010909086942150203, 
        0.029090898512400543, 
        0.010909086942150203, 
        0.007272724628100136, 
        0.0, 
        0.01818181157025034, 
        0.010909086942150203
    ],