{
    "signals_b_s": [
        0.0, 
        0.0, 
        0.0, 
        0.0, 
        0.0, 
        0.0, 
        0.0, 
        0.0, 
        0.0, 
        0.0, 
        0.0, 
        0.0, 
        0.0, 
        0.0, 
        0.0, 
        0.0, 
        0.018518484225029212, 
        0.018518484225029212, 
        0.0, 
        0.0, 
        0.0, 
        0.0, 
        0.0, 
        0.0, 
        0.0, 
        0.0, 
        0.0, 
        0.0, 
        0.0, 
        0.0, 
        0.0, 
        0.0, 
        0.0, 
        0.0, 
        0.05555545267508764, 
        0.037036968450058425, 
        0.018518484225029212, 
        0.0, 
        0.0, 
        0.0, 
        0.0, 
        0.0, 
        0.0, 
        0.0, 
        0.0, 
        0.0, 
        0.0, 
        0.0, 
        0.0, 
        0.0, 
        0.0, 
        0.0, 
        0.0, 
        0.0, 
        0.0, 
        0.0, 
        0.0, 
        0.0, 
        0.037036968450058425, 
        0.0, 
        0.11111090535017527, 
        0.1481478738002337, 
        0.018518484225029212, 
        0.037036968450058425, 
        0.018518484225029212, 
        0.037036968450058425, 
        0.018518484225029212, 
        0.018518484225029212, 
        0.0, 
        0.018518484225029212, 
        0.0, 
        0.018518484225029212, 
        0.037036968450058425, 
        0.018518484225029212, 
        0.0, 
        0.037036968450058425, 
        0.05555545267508764, 
        0.07407393690011685, 
        0.05555545267508764, 
        0.0, 
        0.018518484225029212, 
        0.037036968450058425, 
        0.037036968450058425, 
        0.0, 
        0.037036968450058425, 
        0.018518484225029212, 
        0.0, 
        0.018518484225029212, 
        0.0, 
        0.018518484225029212
    ], 
    "signals_b_s_c": [
        0.0, 
        0.0, 
        0.0, 
        0.0, 
        0.0, 
        0.0, 
        0.0, 
        0.0, 
        0.0, 
        0.0, 
        0.0, 
        0.0, 
        0.0, 
        0.0, 
        0.0, 
        0.0, 
        0.0, 
        0.018518484225029212, 
        0.037036968450058425, 
        0.037036968450058425, 
        0.037036968450058425, 
        0.037036968450058425, 
        0.037036968450058425, 
        0.037036968450058425, 
        0.037036968450058425, 
        0.037036968450058425, 
        0.037036968450058425, 
        0.018518484225029212, 
        0.0, 
        0.0, 
        0.0, 
        0.0, 
        0.0, 
        0.0, 
        0.0, 
        0.05555545267508764, 
        0.09259242112514607, 
        0.11111090535017529, 
        0.11111090535017529, 
        0.11111090535017529, 
        0.11111090535017529, 
        0.11111090535017529, 
        0.11111090535017529, 
        0.11111090535017529, 
        0.11111090535017529, 
        0.05555545267508764, 
        0.018518484225029212, 
        0.0, 
        0.0, 
        0.0, 
        0.0, 
        0.0, 
        0.0, 
        0.0, 
        0.0, 
        0.0, 
        0.0, 
        0.0, 
        0.0, 
        0.037036968450058425, 
        0.037036968450058425, 
        0.1481478738002337, 
        0.2962957476004674, 
        0.3148142318254966, 
        0.35185120027555505, 
        0.3703696845005843, 
        0.4074066529506427, 
        0.42592513717567193, 
        0.44444362140070115, 
        0.4074066529506427, 
        0.42592513717567193, 
        0.31481423182549667, 
        0.18518484225029214, 
        0.20370332647532136, 
        0.18518484225029214, 
        0.16666635802526292, 
        0.16666635802526292, 
        0.20370332647532133, 
        0.25925877915040896, 
        0.3148142318254966, 
        0.2962957476004674, 
        0.3148142318254966, 
        0.33333271605052583, 
        0.33333271605052583, 
        0.3148142318254966, 
        0.35185120027555505, 
        0.33333271605052583, 
        0.27777726337543823, 
        0.22222181070035057, 
        0.16666635802526292
    ], 
    "signals_b": [
        0.0, 
        0.0, 
        0.0, 
        0.0, 
        0.0, 
        0.0, 
        0.0, 
        0.0, 
        0.0, 
        0.0, 
        0.0, 
        0.0, 
        0.0, 
        0.0, 
        0.0, 
        0.0, 
        0.018518484225029212, 
        0.0, 
        0.0, 
        0.0, 
        0.0, 
        0.0, 
        0.0, 
        0.0, 
        0.0, 
        0.0, 
        0.0, 
        0.0, 
        0.0, 
        0.0, 
        0.0, 
        0.0, 
        0.0, 
        0.0, 
        0.05555545267508764, 
        0.018518484225029212, 
        0.0, 
        0.0, 
        0.0, 
        0.0, 
        0.0, 
        0.0, 
        0.0, 
        0.0, 
        0.0, 
        0.0, 
        0.0, 
        0.0, 
        0.0, 
        0.0, 
        0.0, 
        0.0, 
        0.0, 
        0.0, 
        0.0, 
        0.0, 
        0.0, 
        0.0, 
        0.037036968450058425, 
        0.037036968450058425, 
        0.1481478738002337, 
        0.0, 
        0.018518484225029212, 
        0.05555545267508764, 
        0.037036968450058425, 
        0.0, 
        0.018518484225029212, 
        0.037036968450058425, 
        0.037036968450058425, 
        0.018518484225029212, 
        0.018518484225029212, 
        0.0, 
        0.037036968450058425, 
        0.018518484225029212, 
        0.018518484225029212, 
        0.05555545267508764, 
        0.0, 
        0.07407393690011685, 
        0.018518484225029212, 
        0.018518484225029212, 
        0.0, 
        0.037036968450058425, 
        0.0, 
        0.0, 
        0.037036968450058425, 
        0.018518484225029212, 
        0.018518484225029212, 
        0.037036968450058425, 
        0.037036968450058425, 
        0.018518484225029212
    ],