{
    "signals_b_s": [
        0.0, 
        0.0, 
        0.0, 
        0.0, 
        0.0, 
        0.0, 
        0.0, 
        0.0, 
        0.0, 
        0.0, 
        0.0, 
        0.0, 
        0.0, 
        0.0, 
        0.0, 
        0.0, 
        0.0, 
        0.0, 
        0.0, 
        0.0, 
        0.0, 
        0.0, 
        0.0016366609432633481, 
        0.0016366609432633481, 
        0.0, 
        0.0, 
        0.0032733218865266963, 
        0.0032733218865266963, 
        0.0, 
        0.0, 
        0.0, 
        0.0, 
        0.0, 
        0.0, 
        0.0, 
        0.0, 
        0.0016366609432633481, 
        0.0016366609432633481, 
        0.0, 
        0.0, 
        0.0, 
        0.0, 
        0.0, 
        0.0, 
        0.0, 
        0.0, 
        0.0, 
        0.0, 
        0.0, 
        0.0, 
        0.0, 
        0.0016366609432633481, 
        0.019639931319160177, 
        0.011456626602843436, 
        0.008183304716316741, 
        0.0016366609432633475, 
        0.02945989697874027, 
        0.0016366609432633475, 
        0.01309328754610678, 
        0.019639931319160177, 
        0.03927986263832036, 
        0.003273321886526695, 
        0.01145662660284344, 
        0.008183304716316744, 
        0.008183304716316737, 
        0.01145662660284344, 
        0.008183304716316741, 
        0.08019638621990406, 
        0.07855972527664072, 
        0.0016366609432633475, 
        0.01800327037589683, 
        0.009819965659580087, 
        0.006546643773053392, 
        0.006546643773053392, 
        0.0032733218865266967, 
        0.016366609432633482, 
        0.016366609432633482, 
        0.0016366609432633475, 
        0.0, 
        0.009819965659580088, 
        0.008183304716316741, 
        0.0016366609432633492, 
        0.003273321886526696, 
        0.004909982829790045, 
        0.006546643773053393, 
        0.003273321886526696, 
        0.0016366609432633481, 
        0.0032733218865266963, 
        0.0016366609432633484, 
        0.0032733218865266967
    ], 
    "signals_b_s_c": [
        0.0, 
        0.0, 
        0.0, 
        0.0, 
        0.0, 
        0.0, 
        0.0, 
        0.0, 
        0.0, 
        0.0, 
        0.0, 
        0.0, 
        0.0, 
        0.0, 
        0.0, 
        0.0, 
        0.0, 
        0.0, 
        0.0, 
        0.0, 
        0.0, 
        0.0, 
        0.0, 
        0.0016366609432633481, 
        0.0032733218865266963, 
        0.0032733218865266963, 
        0.0032733218865266963, 
        0.0065466437730533926, 
        0.009819965659580088, 
        0.009819965659580088, 
        0.009819965659580088, 
        0.009819965659580088, 
        0.009819965659580088, 
        0.008183304716316741, 
        0.0065466437730533926, 
        0.0065466437730533926, 
        0.0065466437730533926, 
        0.004909982829790044, 
        0.0032733218865266963, 
        0.0032733218865266963, 
        0.0032733218865266963, 
        0.0032733218865266963, 
        0.0032733218865266963, 
        0.0032733218865266963, 
        0.0032733218865266963, 
        0.0032733218865266963, 
        0.0032733218865266963, 
        0.0016366609432633481, 
        0.0, 
        0.0, 
        0.0, 
        0.0, 
        0.0016366609432633481, 
        0.021276592262423524, 
        0.032733218865266964, 
        0.04091652358158371, 
        0.042553184524847056, 
        0.07201308150358732, 
        0.07364974244685066, 
        0.08674302999295744, 
        0.10638296131211761, 
        0.14566282395043798, 
        0.14729948489370132, 
        0.1391161801773846, 
        0.1358428582908579, 
        0.1358428582908579, 
        0.14566282395043798, 
        0.12438623168801445, 
        0.20294595696465517, 
        0.2684123946951891, 
        0.2504091243192923, 
        0.22913253205686876, 
        0.23567917582992218, 
        0.2307691930001321, 
        0.22913253205686876, 
        0.22422254922707874, 
        0.22913253205686876, 
        0.23731583677318552, 
        0.15875611149654478, 
        0.08019638621990405, 
        0.08837969093622079, 
        0.07855972527664071, 
        0.07037642056032398, 
        0.06710309867379728, 
        0.06546643773053393, 
        0.06873975961706062, 
        0.05564647207095383, 
        0.0409165235815837, 
        0.04255318452484705, 
        0.044189845468110396
    ], 
    "signals_b": [
        0.0, 
        0.0, 
        0.0, 
        0.0, 
        0.0, 
        0.0, 
        0.0, 
        0.0, 
        0.0, 
        0.0, 
        0.0, 
        0.0, 
        0.0, 
        0.0, 
        0.0, 
        0.0, 
        0.0, 
        0.0, 
        0.0, 
        0.0, 
        0.0, 
        0.0, 
        0.0016366609432633481, 
        0.0, 
        0.0, 
        0.0, 
        0.0032733218865266963, 
        0.0, 
        0.0, 
        0.0, 
        0.0, 
        0.0, 
        0.0, 
        0.0, 
        0.0, 
        0.0, 
        0.0016366609432633481, 
        0.0, 
        0.0, 
        0.0, 
        0.0, 
        0.0, 
        0.0, 
        0.0, 
        0.0, 
        0.0, 
        0.0, 
        0.0, 
        0.0, 
        0.0, 
        0.0, 
        0.0016366609432633481, 
        0.021276592262423524, 
        0.009819965659580088, 
        0.01800327037589683, 
        0.016366609432633482, 
        0.04582650641137375, 
        0.0441898454681104, 
        0.05728313301421718, 
        0.037643201695057006, 
        0.07692306433337737, 
        0.07364974244685067, 
        0.06219311584400723, 
        0.05400981112769049, 
        0.04582650641137375, 
        0.03436987980853031, 
        0.02618657509221357, 
        0.10638296131211764, 
        0.027823236035476918, 
        0.029459896978740265, 
        0.011456626602843438, 
        0.021276592262423524, 
        0.014729948489370133, 
        0.008183304716316741, 
        0.011456626602843438, 
        0.027823236035476918, 
        0.011456626602843438, 
        0.013093287546106785, 
        0.013093287546106785, 
        0.0032733218865266963, 
        0.011456626602843438, 
        0.009819965659580088, 
        0.0065466437730533926, 
        0.011456626602843438, 
        0.004909982829790044, 
        0.0016366609432633481, 
        0.0032733218865266963, 
        0.0065466437730533926, 
        0.008183304716316741, 
        0.004909982829790044
    ],