{
    "signals_b_s": [
        0.009063442739661217, 
        0.009063442739661217, 
        0.0030211475798870725, 
        0.0015105737899435362, 
        0.0, 
        0.0030211475798870725, 
        0.0030211475798870725, 
        0.0015105737899435362, 
        0.0, 
        0.0015105737899435362, 
        0.0015105737899435362, 
        0.0, 
        0.0, 
        0.0, 
        0.0030211475798870725, 
        0.009063442739661219, 
        0.015105737899435364, 
        0.0030211475798870725, 
        0.0030211475798870725, 
        0.0, 
        0.0030211475798870725, 
        0.0, 
        0.0030211475798870725, 
        0.0, 
        0.0, 
        0.0030211475798870725, 
        0.009063442739661217, 
        0.010574016529604754, 
        0.007552868949717681, 
        0.006042295159774145, 
        0.0015105737899435362, 
        0.0166163116893789, 
        0.006042295159774145, 
        0.003021147579887074, 
        0.013595164109491825, 
        0.022658606849153048, 
        0.02567975442904012, 
        0.019637459269265974, 
        0.007552868949717682, 
        0.0030211475798870725, 
        0.010574016529604754, 
        0.010574016529604754, 
        0.02114803305920951, 
        0.009063442739661219, 
        0.013595164109491825, 
        0.009063442739661219, 
        0.004531721369830606, 
        0.0, 
        0.016616311689378896, 
        0.01208459031954829, 
        0.03172204958881426, 
        0.006042295159774145, 
        0.0015105737899435354, 
        0.006042295159774145, 
        0.0166163116893789, 
        0.0030211475798870725, 
        0.007552868949717682, 
        0.0, 
        0.0, 
        0.0, 
        0.0, 
        0.0, 
        0.0, 
        0.0, 
        0.009063442739661217, 
        0.02114803305920951, 
        0.0, 
        0.016616311689378903, 
        0.013595164109491827, 
        0.015105737899435364, 
        0.0, 
        0.007552868949717681, 
        0.004531721369830609, 
        0.0015105737899435354, 
        0.012084590319548292, 
        0.0, 
        0.009063442739661219, 
        0.0030211475798870725, 
        0.0015105737899435354, 
        0.0, 
        0.0015105737899435354, 
        0.0, 
        0.004531721369830608, 
        0.001510573789943537, 
        0.010574016529604754, 
        0.009063442739661217, 
        0.0045317213698306096, 
        0.0015105737899435354, 
        0.0, 
        0.001510573789943537
    ], 
    "signals_b_s_c": [
        0.009063442739661217, 
        0.009063442739661217, 
        0.018126885479322435, 
        0.02114803305920951, 
        0.022658606849153044, 
        0.022658606849153044, 
        0.025679754429040115, 
        0.028700902008927186, 
        0.03021147579887072, 
        0.03021147579887072, 
        0.031722049588814256, 
        0.024169180639096573, 
        0.01510573789943536, 
        0.01208459031954829, 
        0.010574016529604754, 
        0.013595164109491827, 
        0.019637459269265974, 
        0.03172204958881426, 
        0.0332326233787578, 
        0.03625377095864487, 
        0.034743197168701334, 
        0.03625377095864487, 
        0.03625377095864487, 
        0.03927491853853194, 
        0.03927491853853194, 
        0.03625377095864487, 
        0.03021147579887072, 
        0.02416918063909658, 
        0.03172204958881426, 
        0.03625377095864487, 
        0.04229606611841902, 
        0.04078549232847548, 
        0.057401804017854385, 
        0.06042295159774144, 
        0.06344409917762851, 
        0.07703926328712034, 
        0.09667672255638632, 
        0.11329303424576523, 
        0.12235647698542645, 
        0.12235647698542645, 
        0.11933532940553938, 
        0.1283987721452006, 
        0.12235647698542644, 
        0.13746221488486182, 
        0.14350451004463596, 
        0.14350451004463596, 
        0.12990934593514414, 
        0.10876131287593463, 
        0.08912385360666863, 
        0.09818729634632985, 
        0.10725073908599109, 
        0.12839877214520057, 
        0.12386705077536996, 
        0.104229591506104, 
        0.10120844392621692, 
        0.10422959150610399, 
        0.09818729634632983, 
        0.10120844392621692, 
        0.10120844392621692, 
        0.08459213223683804, 
        0.07250754191728974, 
        0.04078549232847548, 
        0.034743197168701334, 
        0.0332326233787578, 
        0.027190328218983657, 
        0.019637459269265974, 
        0.037764344748588405, 
        0.030211475798870728, 
        0.04682778748824963, 
        0.060422951597741456, 
        0.07552868949717682, 
        0.07552868949717682, 
        0.08308155844689451, 
        0.08761327981672512, 
        0.08912385360666866, 
        0.09214500118655573, 
        0.07099696812734621, 
        0.08006041086700744, 
        0.0664652467575156, 
        0.05438065643796731, 
        0.03927491853853194, 
        0.040785492328475476, 
        0.0332326233787578, 
        0.03323262337875779, 
        0.03323262337875779, 
        0.03172204958881426, 
        0.04078549232847548, 
        0.036253770958644876, 
        0.03474319716870133, 
        0.0332326233787578
    ], 
    "signals_b": [
        0.009063442739661217, 
        0.0, 
        0.0030211475798870725, 
        0.0015105737899435362, 
        0.0015105737899435362, 
        0.004531721369830609, 
        0.0015105737899435362, 
        0.0030211475798870725, 
        0.0030211475798870725, 
        0.0015105737899435362, 
        0.0030211475798870725, 
        0.0030211475798870725, 
        0.0030211475798870725, 
        0.0030211475798870725, 
        0.006042295159774145, 
        0.015105737899435364, 
        0.0, 
        0.0030211475798870725, 
        0.0, 
        0.0, 
        0.0030211475798870725, 
        0.0030211475798870725, 
        0.0, 
        0.0, 
        0.0, 
        0.0030211475798870725, 
        0.01208459031954829, 
        0.0015105737899435362, 
        0.009063442739661217, 
        0.0030211475798870725, 
        0.0015105737899435362, 
        0.018126885479322435, 
        0.01208459031954829, 
        0.015105737899435364, 
        0.02870090200892719, 
        0.05135950885808024, 
        0.02567975442904012, 
        0.006042295159774145, 
        0.013595164109491827, 
        0.010574016529604754, 
        0.02114803305920951, 
        0.03172204958881426, 
        0.010574016529604754, 
        0.019637459269265974, 
        0.0332326233787578, 
        0.02416918063909658, 
        0.019637459269265974, 
        0.019637459269265974, 
        0.03625377095864487, 
        0.04833836127819316, 
        0.0166163116893789, 
        0.022658606849153044, 
        0.02114803305920951, 
        0.027190328218983654, 
        0.010574016529604754, 
        0.007552868949717682, 
        0.0, 
        0.0, 
        0.0, 
        0.0, 
        0.0, 
        0.0, 
        0.0, 
        0.0, 
        0.009063442739661217, 
        0.030211475798870728, 
        0.030211475798870728, 
        0.013595164109491827, 
        0.027190328218983654, 
        0.01208459031954829, 
        0.01208459031954829, 
        0.004531721369830609, 
        0.009063442739661217, 
        0.007552868949717682, 
        0.019637459269265974, 
        0.019637459269265974, 
        0.010574016529604754, 
        0.007552868949717682, 
        0.009063442739661217, 
        0.009063442739661217, 
        0.007552868949717682, 
        0.007552868949717682, 
        0.01208459031954829, 
        0.013595164109491827, 
        0.0030211475798870725, 
        0.01208459031954829, 
        0.0166163116893789, 
        0.015105737899435364, 
        0.015105737899435364, 
        0.013595164109491827
    ],