{
    "signals_b_s": [
        0.0, 
        0.014285704081639941, 
        0.014285704081639941, 
        0.0, 
        0.0, 
        0.0, 
        0.0071428520408199705, 
        0.0071428520408199705, 
        0.0, 
        0.0, 
        0.0071428520408199705, 
        0.0071428520408199705, 
        0.0, 
        0.0, 
        0.0, 
        0.0, 
        0.0, 
        0.0, 
        0.0, 
        0.0, 
        0.0, 
        0.0, 
        0.0, 
        0.0071428520408199705, 
        0.0071428520408199705, 
        0.0, 
        0.0, 
        0.0, 
        0.0, 
        0.0, 
        0.0, 
        0.0, 
        0.0, 
        0.0, 
        0.0071428520408199705, 
        0.0071428520408199705, 
        0.0071428520408199705, 
        0.0071428520408199705, 
        0.0, 
        0.014285704081639941, 
        0.014285704081639941, 
        0.0071428520408199705, 
        0.0071428520408199705, 
        0.0, 
        0.0, 
        0.0071428520408199705, 
        0.0071428520408199705, 
        0.0, 
        0.0, 
        0.0, 
        0.0, 
        0.0, 
        0.0, 
        0.0, 
        0.0, 
        0.0071428520408199705, 
        0.0071428520408199705, 
        0.0, 
        0.049999964285739794, 
        0.0071428520408199705, 
        0.0071428520408199775, 
        0.02857140816327989, 
        0.02857140816327989, 
        0.02857140816327989, 
        0.0071428520408199705, 
        0.02142855612245992, 
        0.02857140816327989, 
        0.02142855612245991, 
        0.028571408163279882, 
        0.014285704081639941, 
        0.0, 
        0.0, 
        0.04285711224491982, 
        0.014285704081639941, 
        0.028571408163279882, 
        0.0, 
        0.0071428520408199705, 
        0.0, 
        0.02142855612245991, 
        0.0, 
        0.014285704081639941, 
        0.0, 
        0.0071428520408199705, 
        0.028571408163279882, 
        0.02142855612245991, 
        0.0071428520408199705, 
        0.0071428520408199705, 
        0.014285704081639941, 
        0.0071428520408199705, 
        0.014285704081639941
    ], 
    "signals_b_s_c": [
        0.0, 
        0.0, 
        0.014285704081639941, 
        0.028571408163279882, 
        0.028571408163279882, 
        0.028571408163279882, 
        0.028571408163279882, 
        0.03571426020409985, 
        0.04285711224491982, 
        0.04285711224491982, 
        0.04285711224491982, 
        0.049999964285739794, 
        0.04285711224491982, 
        0.028571408163279882, 
        0.028571408163279882, 
        0.028571408163279882, 
        0.028571408163279882, 
        0.02142855612245991, 
        0.014285704081639941, 
        0.014285704081639941, 
        0.014285704081639941, 
        0.0071428520408199705, 
        0.0, 
        0.0, 
        0.0071428520408199705, 
        0.014285704081639941, 
        0.014285704081639941, 
        0.014285704081639941, 
        0.014285704081639941, 
        0.014285704081639941, 
        0.014285704081639941, 
        0.014285704081639941, 
        0.014285704081639941, 
        0.014285704081639941, 
        0.0071428520408199705, 
        0.0071428520408199705, 
        0.014285704081639941, 
        0.02142855612245991, 
        0.028571408163279882, 
        0.028571408163279882, 
        0.04285711224491982, 
        0.057142816326559764, 
        0.06428566836737973, 
        0.07142852040819969, 
        0.07142852040819969, 
        0.06428566836737973, 
        0.06428566836737973, 
        0.06428566836737973, 
        0.057142816326559764, 
        0.057142816326559764, 
        0.04285711224491982, 
        0.028571408163279882, 
        0.02142855612245991, 
        0.014285704081639941, 
        0.014285704081639941, 
        0.014285704081639941, 
        0.014285704081639941, 
        0.014285704081639941, 
        0.014285704081639941, 
        0.06428566836737973, 
        0.07142852040819969, 
        0.07857137244901967, 
        0.10714278061229957, 
        0.13571418877557945, 
        0.16428559693885933, 
        0.1714284489796793, 
        0.18571415306131925, 
        0.20714270918377917, 
        0.22857126530623909, 
        0.20714270918377917, 
        0.21428556122459913, 
        0.2071427091837792, 
        0.17857130102049928, 
        0.19285700510213927, 
        0.17857130102049928, 
        0.19999985714295918, 
        0.17857130102049926, 
        0.15714274489803934, 
        0.13571418877557942, 
        0.12857133673475948, 
        0.11428563265311953, 
        0.12857133673475946, 
        0.12857133673475946, 
        0.09285707653065961, 
        0.10714278061229957, 
        0.0999999285714796, 
        0.10714278061229957, 
        0.10714278061229954, 
        0.12142848469393948, 
        0.10714278061229957
    ], 
    "signals_b": [
        0.0, 
        0.014285704081639941, 
        0.0, 
        0.0, 
        0.0, 
        0.0, 
        0.0071428520408199705, 
        0.0, 
        0.0, 
        0.0, 
        0.0071428520408199705, 
        0.0, 
        0.0, 
        0.0, 
        0.0, 
        0.0, 
        0.0, 
        0.0, 
        0.0, 
        0.0, 
        0.0, 
        0.0, 
        0.0, 
        0.0071428520408199705, 
        0.0, 
        0.0, 
        0.0, 
        0.0, 
        0.0, 
        0.0, 
        0.0, 
        0.0, 
        0.0, 
        0.0, 
        0.0071428520408199705, 
        0.0, 
        0.0071428520408199705, 
        0.0, 
        0.0, 
        0.014285704081639941, 
        0.0, 
        0.0071428520408199705, 
        0.0, 
        0.0, 
        0.0, 
        0.0071428520408199705, 
        0.0, 
        0.0, 
        0.0, 
        0.0, 
        0.0, 
        0.0, 
        0.0, 
        0.0, 
        0.0, 
        0.0071428520408199705, 
        0.0, 
        0.0, 
        0.049999964285739794, 
        0.057142816326559764, 
        0.06428566836737974, 
        0.03571426020409985, 
        0.06428566836737974, 
        0.03571426020409985, 
        0.04285711224491982, 
        0.06428566836737974, 
        0.03571426020409985, 
        0.057142816326559764, 
        0.028571408163279882, 
        0.014285704081639941, 
        0.014285704081639941, 
        0.014285704081639941, 
        0.057142816326559764, 
        0.04285711224491982, 
        0.014285704081639941, 
        0.014285704081639941, 
        0.0071428520408199705, 
        0.0071428520408199705, 
        0.028571408163279882, 
        0.028571408163279882, 
        0.014285704081639941, 
        0.014285704081639941, 
        0.0071428520408199705, 
        0.03571426020409985, 
        0.014285704081639941, 
        0.0071428520408199705, 
        0.014285704081639941, 
        0.0, 
        0.0071428520408199705, 
        0.02142855612245991
    ],