{
    "signals_b_s": [
        0.0, 
        0.0, 
        0.0, 
        0.0, 
        0.0, 
        0.0, 
        0.0, 
        0.0, 
        0.0, 
        0.0, 
        0.0, 
        0.0, 
        0.0, 
        0.0, 
        0.0, 
        0.0, 
        0.0, 
        0.0, 
        0.0, 
        0.0, 
        0.0, 
        0.0, 
        0.0, 
        0.0, 
        0.0, 
        0.0, 
        0.0, 
        0.0, 
        0.0, 
        0.0, 
        0.0, 
        0.0, 
        0.0, 
        0.0, 
        0.0, 
        0.0, 
        0.0, 
        0.0, 
        0.0, 
        0.0, 
        0.0, 
        0.0, 
        0.002985073735798885, 
        0.002985073735798885, 
        0.0, 
        0.00597014747159777, 
        0.00597014747159777, 
        0.00597014747159777, 
        0.002985073735798885, 
        0.002985073735798885, 
        0.008955221207396655, 
        0.00597014747159777, 
        0.0, 
        0.002985073735798885, 
        0.00597014747159777, 
        0.01194029494319554, 
        0.00597014747159777, 
        0.02388058988639108, 
        0.0, 
        0.01194029494319554, 
        0.01791044241479331, 
        0.026865663622189964, 
        0.032835811093787734, 
        0.01194029494319554, 
        0.03582088482958662, 
        0.02388058988639108, 
        0.01194029494319554, 
        0.00597014747159777, 
        0.00597014747159777, 
        0.0, 
        0.014925368678994425, 
        0.026865663622189964, 
        0.01791044241479331, 
        0.026865663622189964, 
        0.01194029494319554, 
        0.00597014747159777, 
        0.0, 
        0.00597014747159777, 
        0.01194029494319554, 
        0.0, 
        0.008955221207396655, 
        0.00597014747159777, 
        0.0, 
        0.002985073735798885, 
        0.002985073735798885, 
        0.00597014747159777, 
        0.0, 
        0.002985073735798885, 
        0.01194029494319554, 
        0.014925368678994425
    ], 
    "signals_b_s_c": [
        0.0, 
        0.0, 
        0.0, 
        0.0, 
        0.0, 
        0.0, 
        0.0, 
        0.0, 
        0.0, 
        0.0, 
        0.0, 
        0.0, 
        0.0, 
        0.0, 
        0.0, 
        0.0, 
        0.0, 
        0.0, 
        0.0, 
        0.0, 
        0.0, 
        0.0, 
        0.0, 
        0.0, 
        0.0, 
        0.0, 
        0.0, 
        0.0, 
        0.0, 
        0.0, 
        0.0, 
        0.0, 
        0.0, 
        0.0, 
        0.0, 
        0.0, 
        0.0, 
        0.0, 
        0.0, 
        0.0, 
        0.0, 
        0.0, 
        0.0, 
        0.002985073735798885, 
        0.00597014747159777, 
        0.00597014747159777, 
        0.01194029494319554, 
        0.01791044241479331, 
        0.02388058988639108, 
        0.026865663622189964, 
        0.02985073735798885, 
        0.038805958565385504, 
        0.044776106036983274, 
        0.04179103230118439, 
        0.04179103230118439, 
        0.04776117977278216, 
        0.05373132724437993, 
        0.05373132724437993, 
        0.07164176965917324, 
        0.06865669592337435, 
        0.07761191713077101, 
        0.08656713833816766, 
        0.10746265448875986, 
        0.1402984655825476, 
        0.14925368678994425, 
        0.1791044241479331, 
        0.19104471909112863, 
        0.1970148665627264, 
        0.1791044241479331, 
        0.18507457161953086, 
        0.17313427667633532, 
        0.17014920294053643, 
        0.17014920294053643, 
        0.15522383426154202, 
        0.17014920294053643, 
        0.14626861305414535, 
        0.12835817063935206, 
        0.11641787569615651, 
        0.11641787569615651, 
        0.12238802316775428, 
        0.12238802316775428, 
        0.11641787569615651, 
        0.09552235954556432, 
        0.07761191713077101, 
        0.05373132724437993, 
        0.044776106036983274, 
        0.044776106036983274, 
        0.044776106036983274, 
        0.04179103230118439, 
        0.04179103230118439
    ], 
    "signals_b": [
        0.0, 
        0.0, 
        0.0, 
        0.0, 
        0.0, 
        0.0, 
        0.0, 
        0.0, 
        0.0, 
        0.0, 
        0.0, 
        0.0, 
        0.0, 
        0.0, 
        0.0, 
        0.0, 
        0.0, 
        0.0, 
        0.0, 
        0.0, 
        0.0, 
        0.0, 
        0.0, 
        0.0, 
        0.0, 
        0.0, 
        0.0, 
        0.0, 
        0.0, 
        0.0, 
        0.0, 
        0.0, 
        0.0, 
        0.0, 
        0.0, 
        0.0, 
        0.0, 
        0.0, 
        0.0, 
        0.0, 
        0.0, 
        0.0, 
        0.002985073735798885, 
        0.0, 
        0.0, 
        0.00597014747159777, 
        0.0, 
        0.00597014747159777, 
        0.002985073735798885, 
        0.0, 
        0.008955221207396655, 
        0.014925368678994425, 
        0.014925368678994425, 
        0.01194029494319554, 
        0.01791044241479331, 
        0.02985073735798885, 
        0.02388058988639108, 
        0.04776117977278216, 
        0.04776117977278216, 
        0.0597014747159777, 
        0.04179103230118439, 
        0.06865669592337435, 
        0.03582088482958662, 
        0.02388058988639108, 
        0.0597014747159777, 
        0.03582088482958662, 
        0.02388058988639108, 
        0.01791044241479331, 
        0.02388058988639108, 
        0.02388058988639108, 
        0.008955221207396655, 
        0.03582088482958662, 
        0.01791044241479331, 
        0.044776106036983274, 
        0.032835811093787734, 
        0.026865663622189964, 
        0.026865663622189964, 
        0.020895516150592194, 
        0.008955221207396655, 
        0.008955221207396655, 
        0.01791044241479331, 
        0.01194029494319554, 
        0.01194029494319554, 
        0.008955221207396655, 
        0.00597014747159777, 
        0.01194029494319554, 
        0.01194029494319554, 
        0.008955221207396655, 
        0.020895516150592194, 
        0.00597014747159777
    ],