{
    "signals_b_s": [
        0.009259256401464074, 
        0.0, 
        0.0030864188004880245, 
        0.00617283760097605, 
        0.0, 
        0.0, 
        0.0, 
        0.003086418800488025, 
        0.0, 
        0.003086418800488025, 
        0.003086418800488025, 
        0.003086418800488025, 
        0.0, 
        0.0, 
        0.0, 
        0.0, 
        0.0, 
        0.0, 
        0.003086418800488025, 
        0.0, 
        0.003086418800488025, 
        0.0, 
        0.0, 
        0.0, 
        0.003086418800488025, 
        0.0, 
        0.0, 
        0.003086418800488025, 
        0.0, 
        0.0, 
        0.0, 
        0.003086418800488025, 
        0.003086418800488025, 
        0.0, 
        0.0, 
        0.00617283760097605, 
        0.0, 
        0.00617283760097605, 
        0.003086418800488025, 
        0.003086418800488025, 
        0.0, 
        0.00617283760097605, 
        0.009259256401464074, 
        0.0030864188004880245, 
        0.003086418800488025, 
        0.009259256401464074, 
        0.0030864188004880253, 
        0.0030864188004880245, 
        0.009259256401464074, 
        0.0030864188004880253, 
        0.009259256401464074, 
        0.009259256401464074, 
        0.0030864188004880253, 
        0.0030864188004880236, 
        0.0030864188004880236, 
        0.009259256401464076, 
        0.0, 
        0.003086418800488027, 
        0.0030864188004880236, 
        0.01851851280292815, 
        0.0, 
        0.0, 
        0.0, 
        0.0, 
        0.0, 
        0.0, 
        0.0, 
        0.003086418800488025, 
        0.021604931603416175, 
        0.0, 
        0.009259256401464076, 
        0.0370370256058563, 
        0.03086418800488025, 
        0.01851851280292815, 
        0.03086418800488025, 
        0.009259256401464074, 
        0.003086418800488027, 
        0.012345675201952101, 
        0.0030864188004880236, 
        0.0030864188004880236, 
        0.0030864188004880236, 
        0.015432094002440125, 
        0.006172837600976047, 
        0.015432094002440128, 
        0.006172837600976051, 
        0.012345675201952098, 
        0.003086418800488027, 
        0.021604931603416172, 
        0.024691350403904196, 
        0.0
    ], 
    "signals_b_s_c": [
        0.009259256401464074, 
        0.009259256401464074, 
        0.009259256401464074, 
        0.012345675201952098, 
        0.01851851280292815, 
        0.01851851280292815, 
        0.01851851280292815, 
        0.01851851280292815, 
        0.021604931603416172, 
        0.021604931603416172, 
        0.024691350403904196, 
        0.01851851280292815, 
        0.021604931603416172, 
        0.01851851280292815, 
        0.0123456752019521, 
        0.0123456752019521, 
        0.0123456752019521, 
        0.0123456752019521, 
        0.009259256401464074, 
        0.0123456752019521, 
        0.009259256401464074, 
        0.009259256401464074, 
        0.00617283760097605, 
        0.00617283760097605, 
        0.00617283760097605, 
        0.009259256401464074, 
        0.009259256401464074, 
        0.009259256401464074, 
        0.0123456752019521, 
        0.009259256401464074, 
        0.009259256401464074, 
        0.00617283760097605, 
        0.009259256401464074, 
        0.0123456752019521, 
        0.0123456752019521, 
        0.009259256401464074, 
        0.015432094002440125, 
        0.015432094002440125, 
        0.01851851280292815, 
        0.021604931603416172, 
        0.024691350403904196, 
        0.024691350403904196, 
        0.027777769204392223, 
        0.03395060680536827, 
        0.0370370256058563, 
        0.04012344440634432, 
        0.043209863206832344, 
        0.04629628200732037, 
        0.043209863206832344, 
        0.04938270080780839, 
        0.0493827008078084, 
        0.05864195720927247, 
        0.061728376009760486, 
        0.055555538408784445, 
        0.05555553840878445, 
        0.055555538408784445, 
        0.055555538408784445, 
        0.052469119608296415, 
        0.05246911960829642, 
        0.04629628200732037, 
        0.0617283760097605, 
        0.05246911960829643, 
        0.043209863206832344, 
        0.04012344440634432, 
        0.0370370256058563, 
        0.03395060680536827, 
        0.0246913504039042, 
        0.0246913504039042, 
        0.024691350403904196, 
        0.043209863206832344, 
        0.0246913504039042, 
        0.03395060680536827, 
        0.07098763241122458, 
        0.10185182041610483, 
        0.12037033321903298, 
        0.15123452122391323, 
        0.1604937776253773, 
        0.16358019642586533, 
        0.17283945282732938, 
        0.15432094002440122, 
        0.15740735882488924, 
        0.15123452122391318, 
        0.12962958962049703, 
        0.10493823921659282, 
        0.10185182041610483, 
        0.07716047001220062, 
        0.08024688881268864, 
        0.08024688881268864, 
        0.08950614521415272, 
        0.11111107681756888
    ], 
    "signals_b": [
        0.009259256401464074, 
        0.009259256401464074, 
        0.00617283760097605, 
        0.0, 
        0.0, 
        0.0, 
        0.0, 
        0.003086418800488025, 
        0.003086418800488025, 
        0.0, 
        0.003086418800488025, 
        0.0, 
        0.0, 
        0.0, 
        0.0, 
        0.0, 
        0.0, 
        0.0, 
        0.003086418800488025, 
        0.003086418800488025, 
        0.0, 
        0.0, 
        0.0, 
        0.0, 
        0.003086418800488025, 
        0.003086418800488025, 
        0.003086418800488025, 
        0.0, 
        0.0, 
        0.0, 
        0.0, 
        0.003086418800488025, 
        0.0, 
        0.0, 
        0.0, 
        0.00617283760097605, 
        0.00617283760097605, 
        0.0, 
        0.003086418800488025, 
        0.00617283760097605, 
        0.00617283760097605, 
        0.0, 
        0.009259256401464074, 
        0.00617283760097605, 
        0.003086418800488025, 
        0.0123456752019521, 
        0.009259256401464074, 
        0.00617283760097605, 
        0.015432094002440123, 
        0.01851851280292815, 
        0.027777769204392223, 
        0.01851851280292815, 
        0.015432094002440123, 
        0.0123456752019521, 
        0.015432094002440123, 
        0.0246913504039042, 
        0.0246913504039042, 
        0.021604931603416172, 
        0.01851851280292815, 
        0.0, 
        0.0, 
        0.0, 
        0.0, 
        0.0, 
        0.0, 
        0.0, 
        0.0, 
        0.003086418800488025, 
        0.0246913504039042, 
        0.0246913504039042, 
        0.015432094002440123, 
        0.05246911960829642, 
        0.021604931603416172, 
        0.003086418800488025, 
        0.03395060680536827, 
        0.0246913504039042, 
        0.021604931603416172, 
        0.03395060680536827, 
        0.0370370256058563, 
        0.03395060680536827, 
        0.0370370256058563, 
        0.05246911960829642, 
        0.046296282007320375, 
        0.030864188004880246, 
        0.0370370256058563, 
        0.0246913504039042, 
        0.021604931603416172, 
        0.043209863206832344, 
        0.01851851280292815, 
        0.01851851280292815
    ],